scenario,level,agent,seed,total_return,sharpe,max_drawdown,execution_fill_rate,total_slippage_cost
calm,E0_ideal,buy-and-hold,1,0.14849139447776905,2.420327894519391,-0.19714380682700572,1.0,25.263315947550627
calm,E0_ideal,buy-and-hold,2,0.11893050971156449,1.8170891566875034,-0.1849251242719997,1.0,27.898845331848598
calm,E0_ideal,buy-and-hold,3,0.12185756808164872,1.9253503755907002,-0.1940604190861449,1.0,27.10296150051607
calm,E0_ideal,buy-and-hold,4,0.1036962195116824,1.6308471993661562,-0.2118773560707784,1.0,27.416962524783305
calm,E0_ideal,buy-and-hold,5,0.18837797453097083,2.978272014218041,-0.18387568269718668,1.0,26.51707767764011
calm,E0_ideal,buy-and-hold,6,0.1097436364169222,1.6897550501510705,-0.20630495003916371,1.0,26.44857707766143
calm,E0_ideal,buy-and-hold,7,0.13008008413294259,2.2236605034571433,-0.17494891315161254,1.0,26.408323799831244
calm,E0_ideal,buy-and-hold,8,0.09854190635816673,1.6674673978618713,-0.21396282505856312,1.0,25.797316485257276
calm,E0_ideal,buy-and-hold,9,0.2231723695549217,3.473677093335311,-0.20129992242524453,1.0,27.49322021193508
calm,E0_ideal,buy-and-hold,10,0.15012104683752137,2.30100222968422,-0.19043492920289207,1.0,26.898596818217122
calm,E0_ideal,signal-weighted,1,0.20355204853140174,5.634170583162462,-0.017312457777685086,1.0,191.69491870945555
calm,E0_ideal,signal-weighted,2,0.2439902515565311,6.29960828671365,-0.02097021983139391,1.0,156.24854477328972
calm,E0_ideal,signal-weighted,3,0.2846138307524666,7.407876013197064,-0.009298985265122739,1.0,144.88508557844438
calm,E0_ideal,signal-weighted,4,0.2548168426193169,6.981504490051351,-0.010936870280793709,1.0,183.11930385685227
calm,E0_ideal,signal-weighted,5,0.29817082538112905,7.731677941234041,-0.007864542982007228,1.0,154.9049877374315
calm,E0_ideal,signal-weighted,6,0.2572147683279127,7.688532182220106,-0.012498709367755878,1.0,154.17668573394644
calm,E0_ideal,signal-weighted,7,0.2808297723002402,8.057008728223847,-0.007880708485661692,1.0,138.23267199497522
calm,E0_ideal,signal-weighted,8,0.24114653456890878,7.096940334159796,-0.01312707280136649,1.0,161.69477580736037
calm,E0_ideal,signal-weighted,9,0.3316391860104888,8.86107261798003,-0.009287160388481652,1.0,125.09531024594291
calm,E0_ideal,signal-weighted,10,0.24380149112757943,6.177434930506278,-0.013029103015539278,1.0,204.72477258123325
calm,E0_ideal,naive-momentum,1,0.3230803250275063,6.9962809760952585,-0.02938357521799473,1.0,249.40201371044338
calm,E0_ideal,naive-momentum,2,0.38991892129936256,7.818103848128399,-0.023560644197384684,1.0,240.74440639273936
calm,E0_ideal,naive-momentum,3,0.41354637379835046,8.602803094071774,-0.02352889537391023,1.0,161.38438817114883
calm,E0_ideal,naive-momentum,4,0.3799326460896806,7.959465588703722,-0.029659924530551995,1.0,205.7380851565561
calm,E0_ideal,naive-momentum,5,0.4472233470078837,9.659819865042866,-0.014740948030386725,1.0,189.40652145910244
calm,E0_ideal,naive-momentum,6,0.3999599495220516,8.378486406787042,-0.019495405431299462,1.0,216.90468807748127
calm,E0_ideal,naive-momentum,7,0.4235916980258867,10.035273370396206,-0.00933324976569283,1.0,163.1234071377765
calm,E0_ideal,naive-momentum,8,0.33959546691332476,8.342719293019192,-0.03142748611184165,1.0,219.11446972448556
calm,E0_ideal,naive-momentum,9,0.4644412486100238,9.57932436209359,-0.02439078545161233,1.0,206.80154621957854
calm,E0_ideal,naive-momentum,10,0.36707928511825827,7.376325071905835,-0.021529534920494253,1.0,255.4174517297044
calm,E0_ideal,mean-reversion,1,-0.15614311359412636,-5.141127806555112,-0.18161772314924873,1.0,175.3293422512453
calm,E0_ideal,mean-reversion,2,-0.20187408877018254,-5.976576118433419,-0.20581629147368197,1.0,137.29751001252382
calm,E0_ideal,mean-reversion,3,-0.21976788725409435,-8.08981422077455,-0.230560028359312,1.0,103.86119137541739
calm,E0_ideal,mean-reversion,4,-0.2080067642618123,-6.189533727146772,-0.21292266352093903,1.0,181.56757321606864
calm,E0_ideal,mean-reversion,5,-0.20018279725143429,-7.072465581927509,-0.20823284935835895,1.0,127.57367942046713
calm,E0_ideal,mean-reversion,6,-0.23466483287736006,-7.223677889507222,-0.24157434937255917,1.0,98.94314923287342
calm,E0_ideal,mean-reversion,7,-0.20564180231138163,-7.04248885043037,-0.21367557369916845,1.0,133.99874672316014
calm,E0_ideal,mean-reversion,8,-0.19277342125056962,-6.056149323701247,-0.2094511291392419,1.0,178.79305142473243
calm,E0_ideal,mean-reversion,9,-0.1675430411467378,-5.63780830194423,-0.18776912963477,1.0,209.7930150212149
calm,E0_ideal,mean-reversion,10,-0.1806186431677692,-5.355143993493072,-0.19947034492921412,1.0,166.122526079258
calm,E0_ideal,risk-parity,1,0.14446865453057423,2.3694977573864056,-0.19714380682700583,1.0,38.311454825169406
calm,E0_ideal,risk-parity,2,0.11930968141767395,1.82601940995238,-0.18401443483356694,1.0,33.37952690475753
calm,E0_ideal,risk-parity,3,0.11697426385683385,1.8822341116345438,-0.1919308975511569,1.0,43.83082246184949
calm,E0_ideal,risk-parity,4,0.10567416114330963,1.6642544542272015,-0.21024283208920302,1.0,33.24202144965285
calm,E0_ideal,risk-parity,5,0.18507753785953018,2.9403115386649206,-0.18374943904006324,1.0,33.726741563312295
calm,E0_ideal,risk-parity,6,0.10884465561771073,1.6781908455156065,-0.20630495003916394,1.0,29.07037558967743
calm,E0_ideal,risk-parity,7,0.12146519832097802,2.1059863210714003,-0.17494891315161265,1.0,37.351519389500794
calm,E0_ideal,risk-parity,8,0.10005477456765832,1.702531785996754,-0.21153140386437053,1.0,40.77597420741763
calm,E0_ideal,risk-parity,9,0.2179997037521615,3.4124502674131048,-0.20129992242524475,1.0,44.527987468113906
calm,E0_ideal,risk-parity,10,0.14140292423885215,2.2067891760726877,-0.19026324620964596,1.0,40.00526341209208
calm,E0_ideal,minimum-variance,1,0.14849139447776905,2.420327894519391,-0.19714380682700572,1.0,25.263315947550627
calm,E0_ideal,minimum-variance,2,0.11893050971156471,1.8170891566875138,-0.1849251242719997,1.0,27.898845331848605
calm,E0_ideal,minimum-variance,3,0.12185756808164872,1.925350375590701,-0.1940604190861449,1.0,27.102961500516074
calm,E0_ideal,minimum-variance,4,0.1036962195116824,1.6308471993661555,-0.2118773560707784,1.0,27.41696252478329
calm,E0_ideal,minimum-variance,5,0.18837797453097083,2.978272014218046,-0.18387568269718657,1.0,26.51707767764012
calm,E0_ideal,minimum-variance,6,0.10896949214643836,1.678605807363052,-0.20630495003916383,1.0,32.49216310446408
calm,E0_ideal,minimum-variance,7,0.13019421935122644,2.225455411723375,-0.17494891315161265,1.0,27.50561019976564
calm,E0_ideal,minimum-variance,8,0.09854190635816673,1.6674673978618748,-0.21396282505856312,1.0,25.797316485257262
calm,E0_ideal,minimum-variance,9,0.2231723695549217,3.473677093335311,-0.20129992242524453,1.0,27.49322021193508
calm,E0_ideal,minimum-variance,10,0.15002600387749498,2.2998546745763946,-0.19043492920289207,1.0,27.204487306403564
calm,E0_ideal,random,1,0.12450581560936969,2.4788853553906427,-0.1538007939387861,1.0,773.3487071401998
calm,E0_ideal,random,2,0.09727094826197447,1.8235748417406663,-0.13931018038015586,1.0,721.073910984201
calm,E0_ideal,random,3,0.1458662307541856,2.8552903459855674,-0.12463690925549031,1.0,666.6409804258257
calm,E0_ideal,random,4,0.06673204529656163,1.230190983650267,-0.17994208692579927,1.0,829.1018013179065
calm,E0_ideal,random,5,0.11222071316735649,2.182721824196946,-0.15268250860649124,1.0,847.7320728823229
calm,E0_ideal,random,6,0.036990582683986695,0.7496211836479255,-0.15980825260576625,1.0,827.6431389446665
calm,E0_ideal,random,7,0.06331565836100062,1.315842799047754,-0.14301938798757918,1.0,693.096267780953
calm,E0_ideal,random,8,0.08865719228062985,1.752255447970182,-0.17942549789681816,1.0,786.7871880661114
calm,E0_ideal,random,9,0.1331005350635548,2.7176147437071876,-0.14808532838447352,1.0,907.8219392179008
calm,E0_ideal,random,10,0.13515081025372933,2.4556006370257566,-0.13966206347461152,1.0,773.328199488932
calm,E1_default_stress,buy-and-hold,1,0.058743887862937605,1.0031927429461258,-0.2116857732444728,0.9915966386554622,5427.197184177846
calm,E1_default_stress,buy-and-hold,2,0.04124465179547854,0.6292344882793867,-0.23251521299210443,0.9873949579831933,5904.825372485782
calm,E1_default_stress,buy-and-hold,3,0.061624093257466095,0.9748499522844528,-0.21225145236694398,0.9871244635193133,5387.875977816423
calm,E1_default_stress,buy-and-hold,4,0.09832608689408451,1.4866339027235036,-0.21009341229955658,0.9875,5773.9658676507315
calm,E1_default_stress,buy-and-hold,5,0.1379937778162894,2.054905372150224,-0.20032235821318367,0.9874476987447699,6044.179672832501
calm,E1_default_stress,buy-and-hold,6,0.025657713793367787,0.44310100396598695,-0.23569196068517162,0.9874476987447699,6299.956426875932
calm,E1_default_stress,buy-and-hold,7,0.09375403587326958,1.5738586996513517,-0.17893377423942303,0.9832635983263598,5220.931491488546
calm,E1_default_stress,buy-and-hold,8,0.03661493267362714,0.6437926683915024,-0.2277667109528606,0.9831223628691983,5367.44908640356
calm,E1_default_stress,buy-and-hold,9,0.1387606962807666,2.11134781392378,-0.2303999079878445,0.9873949579831933,6127.116093680054
calm,E1_default_stress,buy-and-hold,10,0.09194345276395799,1.356974558738519,-0.2203384713378177,0.9873417721518988,6024.683863168611
calm,E1_default_stress,signal-weighted,1,0.17038390024899197,4.550915934721127,-0.024951499946940014,0.9054054054054054,2953.377451236927
calm,E1_default_stress,signal-weighted,2,0.21367177300709939,5.773582024963883,-0.023402188071225738,0.9256198347107438,2899.1427296687393
calm,E1_default_stress,signal-weighted,3,0.2542819482313263,5.559532971102129,-0.017982181086112492,0.9032258064516129,2989.349678653938
calm,E1_default_stress,signal-weighted,4,0.2392380605389015,5.957017331860424,-0.01271007144771319,0.9015151515151515,3501.537483372704
calm,E1_default_stress,signal-weighted,5,0.25980089074348967,5.851465277266294,-0.017715043837382094,0.9473684210526315,3031.7689278002335
calm,E1_default_stress,signal-weighted,6,0.2311203101461783,6.545111728560881,-0.023412221883285955,0.9140625,3027.0710590961758
calm,E1_default_stress,signal-weighted,7,0.2270298124879071,6.347121715392597,-0.01948777993360873,0.9354838709677419,3232.991068176717
calm,E1_default_stress,signal-weighted,8,0.22411927807154997,5.844470977679712,-0.02068307003971237,0.9185185185185185,3179.9682527431896
calm,E1_default_stress,signal-weighted,9,0.30088342357887243,7.3197065709763525,-0.010539031187734804,0.9365079365079365,3020.092957556815
calm,E1_default_stress,signal-weighted,10,0.17223649677032715,4.448705111179724,-0.02337894251662853,0.90625,3243.814595410992
calm,E1_default_stress,naive-momentum,1,0.24191965771108714,4.643384189800312,-0.06130454842843858,0.926829268292683,5780.695375578045
calm,E1_default_stress,naive-momentum,2,0.2895141748417047,5.282571242015873,-0.05011106856241654,0.9225806451612903,6442.64895729103
calm,E1_default_stress,naive-momentum,3,0.3749563352409855,6.859130919596724,-0.026203670209342667,0.920863309352518,4806.63393514688
calm,E1_default_stress,naive-momentum,4,0.2907850670482792,6.756760178699495,-0.02950090910616343,0.9241379310344827,4797.724129469202
calm,E1_default_stress,naive-momentum,5,0.3954624642530138,7.430089821967938,-0.030184208321219597,0.9315068493150684,6169.764229584383
calm,E1_default_stress,naive-momentum,6,0.4158820553366447,7.689527401839588,-0.028210498937729422,0.9251700680272109,5464.978369222968
calm,E1_default_stress,naive-momentum,7,0.2816349116183361,6.525171775161298,-0.027856003013298936,0.9214285714285714,4734.026365784512
calm,E1_default_stress,naive-momentum,8,0.2820531545579872,5.886481164658841,-0.051880303497000346,0.9245283018867925,5810.779648257968
calm,E1_default_stress,naive-momentum,9,0.4554271039353006,8.610676116173016,-0.012309174582874949,0.934640522875817,5420.691408370347
calm,E1_default_stress,naive-momentum,10,0.27367846885043945,5.208453679226457,-0.039265949575217896,0.9172413793103448,4876.883949538181
calm,E1_default_stress,mean-reversion,1,-0.209849587810095,-5.561214975192135,-0.22597043985241327,0.9043478260869565,3928.847942890544
calm,E1_default_stress,mean-reversion,2,-0.18273697262652921,-4.613345627122145,-0.18683414999661907,0.92,3443.513759337595
calm,E1_default_stress,mean-reversion,3,-0.25069662105486457,-7.781900211599701,-0.26378430353453064,0.96,3411.417263705496
calm,E1_default_stress,mean-reversion,4,-0.2358127243845366,-5.732036959034091,-0.25064378582001523,0.9312977099236641,3690.349061534479
calm,E1_default_stress,mean-reversion,5,-0.22803712989640657,-7.599186458982023,-0.24443035658014023,0.9310344827586207,2410.1423815563858
calm,E1_default_stress,mean-reversion,6,-0.2659459147535369,-6.818135142380885,-0.27400098779211157,0.9122807017543859,3354.6721599333164
calm,E1_default_stress,mean-reversion,7,-0.1952311899205993,-5.517540374221971,-0.2151244404042808,0.9274193548387096,2872.3831558140464
calm,E1_default_stress,mean-reversion,8,-0.21913678737606368,-6.05752769869377,-0.2431386886988377,0.9112903225806451,4575.685091638445
calm,E1_default_stress,mean-reversion,9,-0.23076171588958738,-6.549977555079693,-0.2412498357550349,0.9338842975206612,2794.4760892208706
calm,E1_default_stress,mean-reversion,10,-0.1889767034193871,-4.867494048848882,-0.21428883463887094,0.9274193548387096,3350.4588003592103
calm,E1_default_stress,risk-parity,1,0.10736343805868942,1.7772170475987004,-0.1997346160018454,0.9916317991631799,5510.981683831198
calm,E1_default_stress,risk-parity,2,0.0838998813068148,1.217275246881653,-0.205405143970674,0.9873949579831933,6199.231358237185
calm,E1_default_stress,risk-parity,3,0.02546199572577179,0.45717385595400867,-0.21804138659352645,0.9833333333333333,6713.9467180195925
calm,E1_default_stress,risk-parity,4,0.0936403933459562,1.4210161751549506,-0.2168456446747743,0.9873949579831933,7254.938061876259
calm,E1_default_stress,risk-parity,5,0.1603327807922017,2.4602995989228242,-0.18481729939730862,0.9873417721518988,4727.429614148024
calm,E1_default_stress,risk-parity,6,0.04520000577723993,0.7350006251512466,-0.2142587210574607,0.9874476987447699,5686.50962131242
calm,E1_default_stress,risk-parity,7,0.07625460441700382,1.3068517398061348,-0.1842864370254591,0.9833333333333333,4929.650837660524
calm,E1_default_stress,risk-parity,8,0.05277823406383075,0.8635297789049855,-0.2334823262221667,0.9873949579831933,5365.224885561633
calm,E1_default_stress,risk-parity,9,0.1753879793956219,2.5968519296828507,-0.22445452171651847,0.9874476987447699,6175.369503511972
calm,E1_default_stress,risk-parity,10,0.045742706629227525,0.7526819368495128,-0.20094906142858127,0.9875,5848.631403218439
calm,E1_default_stress,minimum-variance,1,0.15004874611535013,2.36317222634038,-0.1907171932889623,0.9916666666666667,5903.901432094401
calm,E1_default_stress,minimum-variance,2,0.07987644083669232,1.148669549051565,-0.20782500769635148,0.9874476987447699,6067.149707946724
calm,E1_default_stress,minimum-variance,3,0.06916210491873986,1.0956587339109445,-0.19653365174644188,0.9874476987447699,5689.66412992921
calm,E1_default_stress,minimum-variance,4,0.10855058316797939,1.6365073643538948,-0.21437254832162866,0.9830508474576272,5832.587489432879
calm,E1_default_stress,minimum-variance,5,0.1658455004469972,2.5230309262845894,-0.17745903657922346,0.9833333333333333,5636.7603491511
calm,E1_default_stress,minimum-variance,6,0.05887173848283456,0.9860268487953534,-0.21013910759392074,0.9875,6156.663771039161
calm,E1_default_stress,minimum-variance,7,0.08565771342902151,1.4278057530820971,-0.18536004510840298,0.9875,5007.249800280005
calm,E1_default_stress,minimum-variance,8,0.047223495996196796,0.7824597620590887,-0.23292586161350992,0.9873949579831933,5265.465527834501
calm,E1_default_stress,minimum-variance,9,0.15797642837186898,2.4077254860357926,-0.20717169810890035,0.9873949579831933,5888.908394191931
calm,E1_default_stress,minimum-variance,10,0.05142946687476102,0.8022003515765967,-0.21036011276197897,0.9873417721518988,6756.311005225711
calm,E1_default_stress,random,1,0.05125196228181683,1.0106482416441824,-0.17066815668337676,0.8596491228070176,7903.437094952885
calm,E1_default_stress,random,2,0.05426051486561656,0.9215255441250777,-0.1725072510761848,0.9074889867841409,7940.8869328352175
calm,E1_default_stress,random,3,-0.005259991366819872,-0.024106861885206877,-0.19150715633711368,0.8995633187772926,8470.816879424701
calm,E1_default_stress,random,4,0.020811165026997536,0.4296730471880433,-0.17565193398827872,0.8678414096916299,8176.594786843558
calm,E1_default_stress,random,5,0.07677161872199645,1.4757380314651403,-0.1630288180656677,0.9181034482758621,8030.360476401808
calm,E1_default_stress,random,6,0.02841590506426428,0.5770945427115903,-0.15907788978485182,0.8977777777777778,8597.878577240528
calm,E1_default_stress,random,7,0.0011520384929797345,0.07794203697197954,-0.16955907145412996,0.8908296943231441,7398.121322769941
calm,E1_default_stress,random,8,-0.009002955360388865,-0.12861428914981615,-0.18374425111797188,0.9008620689655172,7914.191598700484
calm,E1_default_stress,random,9,0.05080402973420606,1.0330358939730984,-0.17334111787631457,0.9184549356223176,8568.660184261536
calm,E1_default_stress,random,10,0.1383816808971119,2.4461203604316424,-0.13502047332079203,0.9090909090909091,7613.2211815858445
calm,E2_spread_20bps,buy-and-hold,1,0.032781824180730945,0.5943720711279205,-0.216519287828158,0.9915966386554622,8190.250222619256
calm,E2_spread_20bps,buy-and-hold,2,0.015544978267173715,0.2875344060902065,-0.24571537446915348,0.9875,8726.761065723984
calm,E2_spread_20bps,buy-and-hold,3,0.03555845102772803,0.5980888039554999,-0.21725639355878923,0.9871794871794872,8166.067229674745
calm,E2_spread_20bps,buy-and-hold,4,0.07198543954885195,1.1198801001799132,-0.21507886902425954,0.9874476987447699,8572.109189386938
calm,E2_spread_20bps,buy-and-hold,5,0.10962422890401058,1.6651441904410889,-0.20500834799192047,0.9874476987447699,8940.916051369584
calm,E2_spread_20bps,buy-and-hold,6,-0.0017123221378664288,0.04664941484558568,-0.24190932687628497,0.9874476987447699,9308.700184541492
calm,E2_spread_20bps,buy-and-hold,7,0.06678676571942588,1.151747404057295,-0.18404682580279563,0.9874476987447699,7982.834899243025
calm,E2_spread_20bps,buy-and-hold,8,0.011297708113542138,0.24602472388583013,-0.2325449434099236,0.9832635983263598,8119.65667935372
calm,E2_spread_20bps,buy-and-hold,9,0.10934850900051063,1.69728322747436,-0.23634694515286891,0.9916317991631799,9171.534730872689
calm,E2_spread_20bps,buy-and-hold,10,0.06312027693085409,0.9658637097297252,-0.22543401122745443,0.9873417721518988,9125.718861322743
calm,E2_spread_20bps,signal-weighted,1,0.15475354011301046,4.180980430656557,-0.031803492195605854,0.8986486486486487,4466.299218822352
calm,E2_spread_20bps,signal-weighted,2,0.19874458444753462,5.464667178554793,-0.026327834786558868,0.9173553719008265,4316.659619252971
calm,E2_spread_20bps,signal-weighted,3,0.23829718851564885,5.283600898818585,-0.019690881457311127,0.9112903225806451,4446.992980637459
calm,E2_spread_20bps,signal-weighted,4,0.2200038412225569,5.555405555497804,-0.015029888049734486,0.9015151515151515,5273.216445161335
calm,E2_spread_20bps,signal-weighted,5,0.24324174185414016,5.540702143620984,-0.020429082383095043,0.9473684210526315,4552.284973301179
calm,E2_spread_20bps,signal-weighted,6,0.21540581113349422,6.1916766646134285,-0.024928584648360785,0.9140625,4476.987074562999
calm,E2_spread_20bps,signal-weighted,7,0.2088956243826552,5.951777483220308,-0.021240067636604576,0.9349593495934959,4916.123319433376
calm,E2_spread_20bps,signal-weighted,8,0.20674757973755065,5.471496973986996,-0.022583343635351305,0.9185185185185185,4829.395114136339
calm,E2_spread_20bps,signal-weighted,9,0.2834546784939418,6.98411131051415,-0.012065277925570661,0.9365079365079365,4569.442579191918
calm,E2_spread_20bps,signal-weighted,10,0.15594803100034427,4.081714322488461,-0.026375250695927832,0.9069767441860465,4790.265323076911
calm,E2_spread_20bps,naive-momentum,1,0.2075456741493007,4.0362482566787685,-0.06821149876033605,0.9259259259259259,9021.935156053929
calm,E2_spread_20bps,naive-momentum,2,0.25693309916583185,4.7695951468372835,-0.054413725849040584,0.9225806451612903,9511.416159158996
calm,E2_spread_20bps,naive-momentum,3,0.34731020319952566,6.449209425325957,-0.02990396897233205,0.9136690647482014,7219.075880987102
calm,E2_spread_20bps,naive-momentum,4,0.2655564570047224,6.280776449301596,-0.03433003739911711,0.9241379310344827,7042.803408310938
calm,E2_spread_20bps,naive-momentum,5,0.35984050464645745,6.866663572188685,-0.03240112276423479,0.9315068493150684,9252.01066645642
calm,E2_spread_20bps,naive-momentum,6,0.38469651138790195,7.21368365112989,-0.03006056503717469,0.9305555555555556,8221.113386755866
calm,E2_spread_20bps,naive-momentum,7,0.2541188618650072,5.955355166436746,-0.030212437543409187,0.9214285714285714,7221.523966512787
calm,E2_spread_20bps,naive-momentum,8,0.24874409051269875,5.288315283534404,-0.056563715864145436,0.9245283018867925,8834.185435653282
calm,E2_spread_20bps,naive-momentum,9,0.423754870641486,8.160148768574354,-0.014279224348654473,0.9411764705882353,8128.848828408909
calm,E2_spread_20bps,naive-momentum,10,0.2481201675391247,4.779052477888019,-0.042592152646697246,0.9241379310344827,7255.000303256458
calm,E2_spread_20bps,mean-reversion,1,-0.22846298091747475,-6.025471521745564,-0.23571957414076383,0.9043478260869565,6041.43111277034
calm,E2_spread_20bps,mean-reversion,2,-0.19884332614567324,-5.027198589409087,-0.20228540166592834,0.92,5214.495478986742
calm,E2_spread_20bps,mean-reversion,3,-0.2664709942828165,-8.21411160831731,-0.27795217243910186,0.96,5210.841325872185
calm,E2_spread_20bps,mean-reversion,4,-0.2509417259601108,-6.110466575795201,-0.2638751109036007,0.9312977099236641,5469.088206237865
calm,E2_spread_20bps,mean-reversion,5,-0.2391416878591347,-7.964390409513625,-0.2528872165034707,0.9310344827586207,3659.2840261621814
calm,E2_spread_20bps,mean-reversion,6,-0.2804872181764755,-7.186947091127368,-0.2870650387358834,0.9130434782608695,5049.407551896967
calm,E2_spread_20bps,mean-reversion,7,-0.2091981739460972,-5.921664767806247,-0.2270920914089659,0.9193548387096774,4466.916124054699
calm,E2_spread_20bps,mean-reversion,8,-0.23958283204437802,-6.556846892033921,-0.2579180094500517,0.9112903225806451,6900.883530273778
calm,E2_spread_20bps,mean-reversion,9,-0.2438151916024479,-6.916377279367345,-0.25249022119047926,0.9421487603305785,4325.053610490714
calm,E2_spread_20bps,mean-reversion,10,-0.20457849101293157,-5.285415615285798,-0.2269182236683247,0.9112903225806451,5077.847538721694
calm,E2_spread_20bps,risk-parity,1,0.08031623954687683,1.3598529484434563,-0.20434093604483694,0.9874476987447699,8348.419554080434
calm,E2_spread_20bps,risk-parity,2,0.056511144690443826,0.853672483473407,-0.21877678917581422,0.9873949579831933,9143.814094215186
calm,E2_spread_20bps,risk-parity,3,-0.00630026530737815,-0.029852494838245865,-0.2349179040286643,0.9875,10058.446358863654
calm,E2_spread_20bps,risk-parity,4,0.06124517955825848,0.9669495522826013,-0.22368994757736638,0.9874476987447699,10694.474594739044
calm,E2_spread_20bps,risk-parity,5,0.13611558961058945,2.119701958164854,-0.1889448978005761,0.9873949579831933,7186.819056905842
calm,E2_spread_20bps,risk-parity,6,0.020199555597803842,0.3704571069639377,-0.2194077305007982,0.9832635983263598,8387.400694593205
calm,E2_spread_20bps,risk-parity,7,0.05090772520344089,0.9023314813231056,-0.1891915760493924,0.9833333333333333,7528.873565259002
calm,E2_spread_20bps,risk-parity,8,0.027893897881166474,0.49299624186813756,-0.2379551166635524,0.9875,8064.470141963963
calm,E2_spread_20bps,risk-parity,9,0.14356951922318073,2.159103124208974,-0.23074525337385665,0.9916317991631799,9431.068414640305
calm,E2_spread_20bps,risk-parity,10,0.01953938688124901,0.36466731272697406,-0.21477034081212276,0.9916666666666667,8664.92104989682
calm,E2_spread_20bps,minimum-variance,1,0.12108783522559219,1.942559179396745,-0.195152532263545,0.9875,8879.068167643665
calm,E2_spread_20bps,minimum-variance,2,0.05334321492494132,0.8006159522186426,-0.22082567748578863,0.9872881355932204,8922.35670093979
calm,E2_spread_20bps,minimum-variance,3,0.042716177872129,0.7105656810989792,-0.2058246767541908,0.9875,8450.732364655043
calm,E2_spread_20bps,minimum-variance,4,0.08231319656515068,1.2730258745414444,-0.21903877066273858,0.9831223628691983,8600.630493558663
calm,E2_spread_20bps,minimum-variance,5,0.13786298974387123,2.132880921776632,-0.1821385499892123,0.9831932773109243,8419.395178094956
calm,E2_spread_20bps,minimum-variance,6,0.03141815192335762,0.5629824108711498,-0.2157938357063961,0.9875,9096.03829327263
calm,E2_spread_20bps,minimum-variance,7,0.06018120042707964,1.0314494161565912,-0.1905841159447309,0.9875,7649.171598881724
calm,E2_spread_20bps,minimum-variance,8,0.021844810319567642,0.40251009472528065,-0.23758301364340706,0.9873949579831933,8033.404531707974
calm,E2_spread_20bps,minimum-variance,9,0.1294687743924654,2.0084611485854436,-0.21271888331822963,0.9916666666666667,8795.083056244213
calm,E2_spread_20bps,minimum-variance,10,0.02048849089242699,0.3667587329978455,-0.22767117653626123,0.9916317991631799,10090.866076577597
calm,E2_spread_20bps,random,1,0.01339633255750039,0.30748822045436197,-0.1807191284292351,0.8614718614718615,11848.350608164708
calm,E2_spread_20bps,random,2,0.01776387650503053,0.3500891903040319,-0.18620088394442147,0.9074889867841409,11832.276660677488
calm,E2_spread_20bps,random,3,-0.0430806587570437,-0.6661388687398768,-0.21314484790938548,0.9130434782608695,12494.29347953415
calm,E2_spread_20bps,random,4,-0.01624094302526269,-0.23691930278214957,-0.18336893459207726,0.8728070175438597,12072.580662852713
calm,E2_spread_20bps,random,5,0.03732702694176493,0.7576251413064118,-0.17116597311185944,0.9184549356223176,12004.548770477357
calm,E2_spread_20bps,random,6,-0.010445646665365182,-0.13885887858182638,-0.16684940056061037,0.9026548672566371,12635.673006532525
calm,E2_spread_20bps,random,7,-0.034691263538528916,-0.5975201506810264,-0.17949471100811565,0.9,11150.104974103895
calm,E2_spread_20bps,random,8,-0.045355313524270024,-0.871777982401072,-0.19101495144218572,0.9094827586206896,11792.432115383279
calm,E2_spread_20bps,random,9,0.010149347684093035,0.25239141259583797,-0.1816872971857162,0.9145299145299145,12825.643819180596
calm,E2_spread_20bps,random,10,0.10025398627125726,1.8188042294436857,-0.1434220241379376,0.9170305676855895,11413.454805897472
calm,E2_latency_3,buy-and-hold,1,0.07819357200751798,1.3153295455052363,-0.19464123335320882,0.6583333333333333,3964.249520017168
calm,E2_latency_3,buy-and-hold,2,0.06905280181907258,0.8671677336412591,-0.24096420751902126,0.6778242677824268,8698.612774790141
calm,E2_latency_3,buy-and-hold,3,0.03477097277598484,0.5236002965234393,-0.24424452980004396,0.694560669456067,8013.01536692696
calm,E2_latency_3,buy-and-hold,4,-0.010341153198588304,-0.04513039685782859,-0.2620719331198692,0.6666666666666666,8867.489750237477
calm,E2_latency_3,buy-and-hold,5,0.1497242038788149,1.9811708079354524,-0.2449954369486146,0.694560669456067,8470.361322588584
calm,E2_latency_3,buy-and-hold,6,0.023288608112030484,0.3872183985643647,-0.25035144129789044,0.7,5066.7654201279865
calm,E2_latency_3,buy-and-hold,7,0.13255014498593543,2.117460626023858,-0.1797730702034609,0.7154811715481172,3970.9385074230145
calm,E2_latency_3,buy-and-hold,8,0.029219191022303637,0.44532418127286577,-0.2825911341934906,0.7166666666666667,6798.87341906467
calm,E2_latency_3,buy-and-hold,9,0.06576355578189563,0.902328334951717,-0.28262620664354254,0.6708333333333333,6762.951477743773
calm,E2_latency_3,buy-and-hold,10,0.12888960633876367,1.9519162201120424,-0.1727486782104477,0.6861924686192469,4085.4394245975877
calm,E2_latency_3,signal-weighted,1,0.12706411419370656,3.26909795710336,-0.039842134658174655,0.6346153846153846,2591.843416562072
calm,E2_latency_3,signal-weighted,2,0.18301008319889922,4.341084623001172,-0.02824402859371511,0.6328125,2409.935916111601
calm,E2_latency_3,signal-weighted,3,0.22675455392325383,4.748406017428059,-0.03224931502039596,0.5984251968503937,3437.1715352805036
calm,E2_latency_3,signal-weighted,4,0.16532788280025845,3.639987683865444,-0.043733339185767495,0.6153846153846154,3354.5485709517156
calm,E2_latency_3,signal-weighted,5,0.2393309380344657,4.7059979147990925,-0.02537896324613409,0.5886524822695035,2906.3433608693017
calm,E2_latency_3,signal-weighted,6,0.09967459036945203,2.4982699002365503,-0.05772698034387058,0.6376811594202898,3436.8877997280606
calm,E2_latency_3,signal-weighted,7,0.16052512166171518,3.5640093266865542,-0.04976936068859372,0.644927536231884,2923.2528404589184
calm,E2_latency_3,signal-weighted,8,0.18025156127777886,4.01050341078024,-0.04569189443928301,0.6666666666666666,3455.541735075804
calm,E2_latency_3,signal-weighted,9,0.23959507760455478,5.333700498529608,-0.02875686683434664,0.6220472440944882,3288.5858548566193
calm,E2_latency_3,signal-weighted,10,0.17425671457515568,3.8363135601668725,-0.03672964666436118,0.6136363636363636,3236.0712202196723
calm,E2_latency_3,naive-momentum,1,0.22904207593064552,3.5843120834720414,-0.07569142613441793,0.622093023255814,6342.356946963499
calm,E2_latency_3,naive-momentum,2,0.19720155852460763,2.994855011015694,-0.09812309048482115,0.6012269938650306,5552.242528379587
calm,E2_latency_3,naive-momentum,3,0.27506751155480624,3.5787310612351897,-0.1065091300871377,0.6193548387096774,6504.5131285672105
calm,E2_latency_3,naive-momentum,4,0.431750558533583,6.038962200549109,-0.04427713780398024,0.6470588235294118,6312.884893053205
calm,E2_latency_3,naive-momentum,5,0.30395876751298645,4.79391662053407,-0.053526764880528654,0.6217948717948718,5100.419042673588
calm,E2_latency_3,naive-momentum,6,0.37248126697502326,5.262539995099466,-0.06066996785601808,0.6582278481012658,5272.97761920426
calm,E2_latency_3,naive-momentum,7,0.4203800914226057,5.581691677949909,-0.08215428332287555,0.624113475177305,6471.885011655905
calm,E2_latency_3,naive-momentum,8,0.2688981169464617,4.117842663175407,-0.10384323127809814,0.6402439024390244,6596.449423288221
calm,E2_latency_3,naive-momentum,9,0.5322616535315983,8.275453971664648,-0.033228172594166994,0.6688311688311688,5477.661348651735
calm,E2_latency_3,naive-momentum,10,0.3457355321057318,5.214152667803847,-0.06375037320520427,0.673469387755102,4776.3323785994
calm,E2_latency_3,mean-reversion,1,-0.22036949068349165,-4.6037277465795,-0.2737419434900167,0.608,3467.7247875847384
calm,E2_latency_3,mean-reversion,2,-0.24380115188966944,-4.424950279133192,-0.27241920299702616,0.6159420289855072,4013.9340048097456
calm,E2_latency_3,mean-reversion,3,-0.2713252607215685,-5.889167908269733,-0.3028991909671297,0.6377952755905512,3125.6065611359627
calm,E2_latency_3,mean-reversion,4,-0.24254919143425535,-4.423504315320552,-0.2598313204553131,0.5606060606060606,3790.3985510444745
calm,E2_latency_3,mean-reversion,5,-0.15287039738518304,-3.397733872867103,-0.21622571946539026,0.5952380952380952,3592.882835035551
calm,E2_latency_3,mean-reversion,6,-0.2923574284074869,-6.537528758356402,-0.30955556915625626,0.6403508771929824,2870.6211276158683
calm,E2_latency_3,mean-reversion,7,-0.20059798716193666,-4.496577581582079,-0.24006227861501794,0.6934306569343066,3117.816922742996
calm,E2_latency_3,mean-reversion,8,-0.24906726604082763,-4.840822394624685,-0.28879678238657513,0.5579710144927537,3883.607230155976
calm,E2_latency_3,mean-reversion,9,-0.26642701922099277,-5.486423292284881,-0.3036128946829496,0.6515151515151515,3891.543799665494
calm,E2_latency_3,mean-reversion,10,-0.19671612219990475,-3.963704755266128,-0.21656149901173194,0.6328125,3386.4377287783755
calm,E2_latency_3,risk-parity,1,0.08480105545416738,1.273937525429487,-0.21475036706911255,0.675,7597.992146358019
calm,E2_latency_3,risk-parity,2,0.0006338875049736181,0.09414181326367538,-0.26524759769522455,0.6582278481012658,6407.618461180848
calm,E2_latency_3,risk-parity,3,-0.0701143213156481,-0.8281186148118781,-0.3017111473293578,0.6359832635983264,6683.402476242429
calm,E2_latency_3,risk-parity,4,-0.04799098419125991,-0.5105375646765185,-0.29541990551076747,0.6791666666666667,6313.743056062059
calm,E2_latency_3,risk-parity,5,0.05893879548500536,0.8732902954560273,-0.2575397188517051,0.6541666666666667,6391.289106446461
calm,E2_latency_3,risk-parity,6,-0.024873720095773155,-0.1901438608324355,-0.31172467634985146,0.6234309623430963,7561.9384719355385
calm,E2_latency_3,risk-parity,7,0.07028811661831935,0.9439663338331697,-0.22611928052915342,0.65,8401.923082707388
calm,E2_latency_3,risk-parity,8,-0.10788938012851157,-1.399837647982506,-0.2824689842665985,0.6666666666666666,8093.142398786611
calm,E2_latency_3,risk-parity,9,0.23083422160764755,2.7359461311725597,-0.2135027861120461,0.6541666666666667,8606.304615140742
calm,E2_latency_3,risk-parity,10,0.04108006366534678,0.6890518909516964,-0.2295017246780875,0.6962025316455697,5767.008979625065
calm,E2_latency_3,minimum-variance,1,0.0851873488259971,1.2791942938855425,-0.21474708808701548,0.6708333333333333,7603.675058902624
calm,E2_latency_3,minimum-variance,2,0.0003387716314784406,0.09055303476200093,-0.2654977199300891,0.6638655462184874,6403.185156242764
calm,E2_latency_3,minimum-variance,3,-0.054403062365818156,-0.6271152462279063,-0.28882531915926646,0.675,6418.780851446332
calm,E2_latency_3,minimum-variance,4,-0.04489315755626022,-0.47035947045809773,-0.2960091567492429,0.6875,6296.981040070172
calm,E2_latency_3,minimum-variance,5,0.05914288115149957,0.8768256476791683,-0.2573096628058409,0.6625,6392.5249451214995
calm,E2_latency_3,minimum-variance,6,-0.025064468449581434,-0.19242520142815975,-0.31175908702840316,0.6401673640167364,7552.074497548045
calm,E2_latency_3,minimum-variance,7,0.1795285247284617,2.7991078576597657,-0.17001865269858818,0.7071129707112971,5062.110463433208
calm,E2_latency_3,minimum-variance,8,-0.06059414049482936,-0.8446522353947584,-0.2669869270363465,0.7083333333333334,5882.957178054915
calm,E2_latency_3,minimum-variance,9,0.062199698524867175,0.8823816703434736,-0.2827679392758057,0.675,6393.353151193823
calm,E2_latency_3,minimum-variance,10,-4.700878987906609e-05,0.07240713567606191,-0.24305781208748134,0.6848739495798319,6022.702983708528
calm,E2_latency_3,random,1,-0.011644908232640305,-0.10345351413781259,-0.26149551149093864,0.6088888888888889,6930.595544214692
calm,E2_latency_3,random,2,-0.049660521565443205,-0.5736842063827924,-0.25514375173172266,0.6289592760180995,7717.340233974763
calm,E2_latency_3,random,3,0.16488130512086507,2.3443936481322254,-0.16670537576421263,0.6740088105726872,7481.457965414026
calm,E2_latency_3,random,4,-0.06495678989010867,-0.8833857250752644,-0.25287053095964085,0.6545454545454545,6769.18472114404
calm,E2_latency_3,random,5,0.0795361943045958,1.4904363940496168,-0.1560970512832095,0.6506550218340611,5940.584481611663
calm,E2_latency_3,random,6,-0.06719682078501243,-0.961266868079311,-0.24267939026100616,0.7023255813953488,6399.1591656019655
calm,E2_latency_3,random,7,0.05387363639450715,0.8443630096415699,-0.19145340669188338,0.6502242152466368,7181.310958487045
calm,E2_latency_3,random,8,-0.07289816486839262,-1.2613839471917125,-0.22728709153281246,0.668141592920354,6255.865530189587
calm,E2_latency_3,random,9,0.062142201890438065,1.1208398872838312,-0.19041916658849778,0.6126126126126126,5888.43941203104
calm,E2_latency_3,random,10,0.0769823270891028,1.0317535352306337,-0.24406320638903223,0.6860986547085202,8615.628887567682
calm,E2_participation_1pct,buy-and-hold,1,0.058743887862937605,1.0031927429461258,-0.2116857732444728,0.9915966386554622,5427.197184177846
calm,E2_participation_1pct,buy-and-hold,2,0.04124465179547854,0.6292344882793867,-0.23251521299210443,0.9873949579831933,5904.825372485782
calm,E2_participation_1pct,buy-and-hold,3,0.061624093257466095,0.9748499522844528,-0.21225145236694398,0.9871244635193133,5387.875977816423
calm,E2_participation_1pct,buy-and-hold,4,0.09832608689408451,1.4866339027235036,-0.21009341229955658,0.9875,5773.9658676507315
calm,E2_participation_1pct,buy-and-hold,5,0.1379937778162894,2.054905372150224,-0.20032235821318367,0.9874476987447699,6044.179672832501
calm,E2_participation_1pct,buy-and-hold,6,0.025657713793367787,0.44310100396598695,-0.23569196068517162,0.9874476987447699,6299.956426875932
calm,E2_participation_1pct,buy-and-hold,7,0.09375403587326958,1.5738586996513517,-0.17893377423942303,0.9832635983263598,5220.931491488546
calm,E2_participation_1pct,buy-and-hold,8,0.03661493267362714,0.6437926683915024,-0.2277667109528606,0.9831223628691983,5367.44908640356
calm,E2_participation_1pct,buy-and-hold,9,0.1387606962807666,2.11134781392378,-0.2303999079878445,0.9873949579831933,6127.116093680054
calm,E2_participation_1pct,buy-and-hold,10,0.09194345276395799,1.356974558738519,-0.2203384713378177,0.9873417721518988,6024.683863168611
calm,E2_participation_1pct,signal-weighted,1,0.17038390024899197,4.550915934721127,-0.024951499946940014,0.9054054054054054,2953.377451236927
calm,E2_participation_1pct,signal-weighted,2,0.21367177300709939,5.773582024963883,-0.023402188071225738,0.9256198347107438,2899.1427296687393
calm,E2_participation_1pct,signal-weighted,3,0.2542819482313263,5.559532971102129,-0.017982181086112492,0.9032258064516129,2989.349678653938
calm,E2_participation_1pct,signal-weighted,4,0.2392380605389015,5.957017331860424,-0.01271007144771319,0.9015151515151515,3501.537483372704
calm,E2_participation_1pct,signal-weighted,5,0.25980089074348967,5.851465277266294,-0.017715043837382094,0.9473684210526315,3031.7689278002335
calm,E2_participation_1pct,signal-weighted,6,0.2311203101461783,6.545111728560881,-0.023412221883285955,0.9140625,3027.0710590961758
calm,E2_participation_1pct,signal-weighted,7,0.2270298124879071,6.347121715392597,-0.01948777993360873,0.9354838709677419,3232.991068176717
calm,E2_participation_1pct,signal-weighted,8,0.22411927807154997,5.844470977679712,-0.02068307003971237,0.9185185185185185,3179.9682527431896
calm,E2_participation_1pct,signal-weighted,9,0.30088342357887243,7.3197065709763525,-0.010539031187734804,0.9365079365079365,3020.092957556815
calm,E2_participation_1pct,signal-weighted,10,0.17223649677032715,4.448705111179724,-0.02337894251662853,0.90625,3243.814595410992
calm,E2_participation_1pct,naive-momentum,1,0.24191965771108714,4.643384189800312,-0.06130454842843858,0.926829268292683,5780.695375578045
calm,E2_participation_1pct,naive-momentum,2,0.2895141748417047,5.282571242015873,-0.05011106856241654,0.9225806451612903,6442.64895729103
calm,E2_participation_1pct,naive-momentum,3,0.3749563352409855,6.859130919596724,-0.026203670209342667,0.920863309352518,4806.63393514688
calm,E2_participation_1pct,naive-momentum,4,0.2907850670482792,6.756760178699495,-0.02950090910616343,0.9241379310344827,4797.724129469202
calm,E2_participation_1pct,naive-momentum,5,0.3954624642530138,7.430089821967938,-0.030184208321219597,0.9315068493150684,6169.764229584383
calm,E2_participation_1pct,naive-momentum,6,0.4158820553366447,7.689527401839588,-0.028210498937729422,0.9251700680272109,5464.978369222968
calm,E2_participation_1pct,naive-momentum,7,0.2816349116183361,6.525171775161298,-0.027856003013298936,0.9214285714285714,4734.026365784512
calm,E2_participation_1pct,naive-momentum,8,0.2820531545579872,5.886481164658841,-0.051880303497000346,0.9245283018867925,5810.779648257968
calm,E2_participation_1pct,naive-momentum,9,0.4554271039353006,8.610676116173016,-0.012309174582874949,0.934640522875817,5420.691408370347
calm,E2_participation_1pct,naive-momentum,10,0.27367846885043945,5.208453679226457,-0.039265949575217896,0.9172413793103448,4876.883949538181
calm,E2_participation_1pct,mean-reversion,1,-0.209849587810095,-5.561214975192135,-0.22597043985241327,0.9043478260869565,3928.847942890544
calm,E2_participation_1pct,mean-reversion,2,-0.18273697262652921,-4.613345627122145,-0.18683414999661907,0.92,3443.513759337595
calm,E2_participation_1pct,mean-reversion,3,-0.25069662105486457,-7.781900211599701,-0.26378430353453064,0.96,3411.417263705496
calm,E2_participation_1pct,mean-reversion,4,-0.2358127243845366,-5.732036959034091,-0.25064378582001523,0.9312977099236641,3690.349061534479
calm,E2_participation_1pct,mean-reversion,5,-0.22803712989640657,-7.599186458982023,-0.24443035658014023,0.9310344827586207,2410.1423815563858
calm,E2_participation_1pct,mean-reversion,6,-0.2659459147535369,-6.818135142380885,-0.27400098779211157,0.9122807017543859,3354.6721599333164
calm,E2_participation_1pct,mean-reversion,7,-0.1952311899205993,-5.517540374221971,-0.2151244404042808,0.9274193548387096,2872.3831558140464
calm,E2_participation_1pct,mean-reversion,8,-0.21913678737606368,-6.05752769869377,-0.2431386886988377,0.9112903225806451,4575.685091638445
calm,E2_participation_1pct,mean-reversion,9,-0.23076171588958738,-6.549977555079693,-0.2412498357550349,0.9338842975206612,2794.4760892208706
calm,E2_participation_1pct,mean-reversion,10,-0.1889767034193871,-4.867494048848882,-0.21428883463887094,0.9274193548387096,3350.4588003592103
calm,E2_participation_1pct,risk-parity,1,0.10736343805868942,1.7772170475987004,-0.1997346160018454,0.9916317991631799,5510.981683831198
calm,E2_participation_1pct,risk-parity,2,0.0838998813068148,1.217275246881653,-0.205405143970674,0.9873949579831933,6199.231358237185
calm,E2_participation_1pct,risk-parity,3,0.02546199572577179,0.45717385595400867,-0.21804138659352645,0.9833333333333333,6713.9467180195925
calm,E2_participation_1pct,risk-parity,4,0.0936403933459562,1.4210161751549506,-0.2168456446747743,0.9873949579831933,7254.938061876259
calm,E2_participation_1pct,risk-parity,5,0.1603327807922017,2.4602995989228242,-0.18481729939730862,0.9873417721518988,4727.429614148024
calm,E2_participation_1pct,risk-parity,6,0.04520000577723993,0.7350006251512466,-0.2142587210574607,0.9874476987447699,5686.50962131242
calm,E2_participation_1pct,risk-parity,7,0.07625460441700382,1.3068517398061348,-0.1842864370254591,0.9833333333333333,4929.650837660524
calm,E2_participation_1pct,risk-parity,8,0.05277823406383075,0.8635297789049855,-0.2334823262221667,0.9873949579831933,5365.224885561633
calm,E2_participation_1pct,risk-parity,9,0.1753879793956219,2.5968519296828507,-0.22445452171651847,0.9874476987447699,6175.369503511972
calm,E2_participation_1pct,risk-parity,10,0.045742706629227525,0.7526819368495128,-0.20094906142858127,0.9875,5848.631403218439
calm,E2_participation_1pct,minimum-variance,1,0.15004874611535013,2.36317222634038,-0.1907171932889623,0.9916666666666667,5903.901432094401
calm,E2_participation_1pct,minimum-variance,2,0.07987644083669232,1.148669549051565,-0.20782500769635148,0.9874476987447699,6067.149707946724
calm,E2_participation_1pct,minimum-variance,3,0.06916210491873986,1.0956587339109445,-0.19653365174644188,0.9874476987447699,5689.66412992921
calm,E2_participation_1pct,minimum-variance,4,0.10855058316797939,1.6365073643538948,-0.21437254832162866,0.9830508474576272,5832.587489432879
calm,E2_participation_1pct,minimum-variance,5,0.1658455004469972,2.5230309262845894,-0.17745903657922346,0.9833333333333333,5636.7603491511
calm,E2_participation_1pct,minimum-variance,6,0.05887173848283456,0.9860268487953534,-0.21013910759392074,0.9875,6156.663771039161
calm,E2_participation_1pct,minimum-variance,7,0.08565771342902151,1.4278057530820971,-0.18536004510840298,0.9875,5007.249800280005
calm,E2_participation_1pct,minimum-variance,8,0.047223495996196796,0.7824597620590887,-0.23292586161350992,0.9873949579831933,5265.465527834501
calm,E2_participation_1pct,minimum-variance,9,0.15797642837186898,2.4077254860357926,-0.20717169810890035,0.9873949579831933,5888.908394191931
calm,E2_participation_1pct,minimum-variance,10,0.05142946687476102,0.8022003515765967,-0.21036011276197897,0.9873417721518988,6756.311005225711
calm,E2_participation_1pct,random,1,0.05125196228181683,1.0106482416441824,-0.17066815668337676,0.8596491228070176,7903.437094952885
calm,E2_participation_1pct,random,2,0.05426051486561656,0.9215255441250777,-0.1725072510761848,0.9074889867841409,7940.8869328352175
calm,E2_participation_1pct,random,3,-0.005259991366819872,-0.024106861885206877,-0.19150715633711368,0.8995633187772926,8470.816879424701
calm,E2_participation_1pct,random,4,0.020811165026997536,0.4296730471880433,-0.17565193398827872,0.8678414096916299,8176.594786843558
calm,E2_participation_1pct,random,5,0.07677161872199645,1.4757380314651403,-0.1630288180656677,0.9181034482758621,8030.360476401808
calm,E2_participation_1pct,random,6,0.02841590506426428,0.5770945427115903,-0.15907788978485182,0.8977777777777778,8597.878577240528
calm,E2_participation_1pct,random,7,0.0011520384929797345,0.07794203697197954,-0.16955907145412996,0.8908296943231441,7398.121322769941
calm,E2_participation_1pct,random,8,-0.009002955360388865,-0.12861428914981615,-0.18374425111797188,0.9008620689655172,7914.191598700484
calm,E2_participation_1pct,random,9,0.05080402973420606,1.0330358939730984,-0.17334111787631457,0.9184549356223176,8568.660184261536
calm,E2_participation_1pct,random,10,0.1383816808971119,2.4461203604316424,-0.13502047332079203,0.9090909090909091,7613.2211815858445
calm,E2_harsh_corner,buy-and-hold,1,0.059973814356109933,1.0290731643901658,-0.19830395409060053,0.6541666666666667,6057.805506442975
calm,E2_harsh_corner,buy-and-hold,2,0.02842322436767608,0.41460953572973813,-0.24751360162642944,0.6708333333333333,12969.182340926709
calm,E2_harsh_corner,buy-and-hold,3,-0.002927536203651715,0.04349921274368509,-0.25110028471205237,0.6875,12074.213537538739
calm,E2_harsh_corner,buy-and-hold,4,-0.04701632288220858,-0.5129770067065871,-0.27084364829765106,0.675,13130.76015727558
calm,E2_harsh_corner,buy-and-hold,5,0.10773373611281545,1.4670895522195473,-0.2564265456517212,0.680672268907563,12578.47337134994
calm,E2_harsh_corner,buy-and-hold,6,0.03229629948346413,0.5210424869502308,-0.22419363724290642,0.7196652719665272,6427.683088241943
calm,E2_harsh_corner,buy-and-hold,7,0.06904514329735645,1.1631504769253471,-0.1886823300240219,0.7154811715481172,7128.066938973498
calm,E2_harsh_corner,buy-and-hold,8,-0.004037336505988365,0.033838165609735724,-0.2904743416199569,0.6916666666666667,10509.624108704409
calm,E2_harsh_corner,buy-and-hold,9,0.029085306024465574,0.4558039435681842,-0.2901594117222773,0.6791666666666667,10318.5971583779
calm,E2_harsh_corner,buy-and-hold,10,0.1078064529840288,1.661213959447646,-0.17747850020340505,0.6778242677824268,6257.505615959774
calm,E2_harsh_corner,signal-weighted,1,0.11288467908949285,2.932009079292301,-0.041690944631631255,0.6217948717948718,3973.7448670105036
calm,E2_harsh_corner,signal-weighted,2,0.16958749002031248,4.046216872856029,-0.03134321357833281,0.6328125,3677.1290006504264
calm,E2_harsh_corner,signal-weighted,3,0.20830321365666338,4.396562165929947,-0.03470542044505498,0.6220472440944882,5193.323673248447
calm,E2_harsh_corner,signal-weighted,4,0.14694552212197198,3.2621841355207826,-0.04762567584452837,0.6223776223776224,5094.389550132812
calm,E2_harsh_corner,signal-weighted,5,0.22287150513682796,4.418369756812288,-0.027660537743969482,0.5957446808510638,4421.808956520256
calm,E2_harsh_corner,signal-weighted,6,0.08238818154367711,2.0853862434197565,-0.061435917727480915,0.6376811594202898,5128.988463493148
calm,E2_harsh_corner,signal-weighted,7,0.14524336473944044,3.252120919683534,-0.05271944253304672,0.6397058823529411,4406.87245783259
calm,E2_harsh_corner,signal-weighted,8,0.16161160630753835,3.639077761157494,-0.049346657479777956,0.6736111111111112,5225.048796150052
calm,E2_harsh_corner,signal-weighted,9,0.22059921274479866,4.934637097101678,-0.03187758674734009,0.6220472440944882,5057.516933192927
calm,E2_harsh_corner,signal-weighted,10,0.1588721821757597,3.5172717633147803,-0.038213080062099114,0.6060606060606061,4750.557766605458
calm,E2_harsh_corner,naive-momentum,1,0.19336295281921512,3.0745030904432133,-0.08138531705845031,0.6162790697674418,9861.935645204045
calm,E2_harsh_corner,naive-momentum,2,0.16961118823376098,2.616962775869992,-0.11151328471823885,0.5975609756097561,8255.589612948701
calm,E2_harsh_corner,naive-momentum,3,0.24092862148705807,3.1852638229774257,-0.11038520379955308,0.6129032258064516,9687.488944986622
calm,E2_harsh_corner,naive-momentum,4,0.3982389022718684,5.669845203276893,-0.04803425902943803,0.6470588235294118,9248.392615351997
calm,E2_harsh_corner,naive-momentum,5,0.2753699243435508,4.389437709124683,-0.05688978744099915,0.6282051282051282,7669.616757495497
calm,E2_harsh_corner,naive-momentum,6,0.34333018497443124,4.906203245372776,-0.06504577744474871,0.6708860759493671,7941.265811964103
calm,E2_harsh_corner,naive-momentum,7,0.38403748064810217,5.187604726544274,-0.08765612729391348,0.6028368794326241,9675.691778766723
calm,E2_harsh_corner,naive-momentum,8,0.23261406113918803,3.6364258264619314,-0.10976572875107993,0.6158536585365854,9954.327442837575
calm,E2_harsh_corner,naive-momentum,9,0.49808612348428527,7.8460276112279415,-0.03601936577168041,0.6623376623376623,8352.080920042468
calm,E2_harsh_corner,naive-momentum,10,0.3184020308086253,4.848228415376085,-0.06700793528611015,0.6824324324324325,7272.869984157789
calm,E2_harsh_corner,mean-reversion,1,-0.2369659502507595,-4.972834319821482,-0.28109489712455527,0.5793650793650794,5437.233796026251
calm,E2_harsh_corner,mean-reversion,2,-0.26085566094439494,-4.76159854792137,-0.28644473572650164,0.6086956521739131,5905.982629669871
calm,E2_harsh_corner,mean-reversion,3,-0.2876890023553038,-6.264712335533851,-0.31647356622436806,0.6456692913385826,4951.350683814467
calm,E2_harsh_corner,mean-reversion,4,-0.2592663039970826,-4.742766144825788,-0.2732137250476765,0.5909090909090909,5708.859656292226
calm,E2_harsh_corner,mean-reversion,5,-0.17102873197461488,-3.8369085169475405,-0.22984705267758732,0.6031746031746031,5570.647878334602
calm,E2_harsh_corner,mean-reversion,6,-0.3056281324395048,-6.840296693709953,-0.3216581933297906,0.6403508771929824,4391.852101119204
calm,E2_harsh_corner,mean-reversion,7,-0.21582456224866908,-4.879032904520979,-0.25195145877043734,0.6911764705882353,4883.872059027703
calm,E2_harsh_corner,mean-reversion,8,-0.26651082054489383,-5.193089867620213,-0.30252306127648554,0.572463768115942,5936.87817901863
calm,E2_harsh_corner,mean-reversion,9,-0.2830554895737605,-5.825332923314158,-0.3165445490644171,0.6287878787878788,5819.070599842361
calm,E2_harsh_corner,mean-reversion,10,-0.2121812795586191,-4.293185660249797,-0.22926936316600288,0.640625,5111.486663029501
calm,E2_harsh_corner,risk-parity,1,0.04405387649814685,0.7049678013170522,-0.22329146222310814,0.675,11716.228097469764
calm,E2_harsh_corner,risk-parity,2,-0.026802933177845212,-0.24282170511032733,-0.28020807289064165,0.6778242677824268,9529.704458849379
calm,E2_harsh_corner,risk-parity,3,-0.10162143992389228,-1.2557267308885216,-0.3205954947261026,0.6166666666666667,10123.086114762355
calm,E2_harsh_corner,risk-parity,4,-0.07574394476666091,-0.8655840271129659,-0.30374275950228946,0.6708333333333333,9639.769909995573
calm,E2_harsh_corner,risk-parity,5,0.02868594181692785,0.4679858054565413,-0.26694878073972184,0.6610878661087866,9587.74165450627
calm,E2_harsh_corner,risk-parity,6,-0.05909317904052247,-0.5931768251409126,-0.3201075001187593,0.6401673640167364,11443.681608128372
calm,E2_harsh_corner,risk-parity,7,0.028652486501119512,0.4394605135978535,-0.23605169332820708,0.6541666666666667,12687.003618875831
calm,E2_harsh_corner,risk-parity,8,-0.14281659416142978,-1.9063271402267856,-0.3031265111539835,0.6778242677824268,12094.461365552002
calm,E2_harsh_corner,risk-parity,9,0.18337145682311995,2.227534489334287,-0.2262288213333814,0.6625,12928.038934057797
calm,E2_harsh_corner,risk-parity,10,-0.032943047950249604,-0.413513050855158,-0.2648574511799362,0.7125,9816.889214070761
calm,E2_harsh_corner,minimum-variance,1,0.04442797611862925,0.7102376015057821,-0.22328805310758248,0.6666666666666666,11722.93797479683
calm,E2_harsh_corner,minimum-variance,2,-0.0270649899081149,-0.24602374688827225,-0.28043325942512864,0.6820083682008368,9525.29657398421
calm,E2_harsh_corner,minimum-variance,3,-0.08447797554773595,-1.0344281428752393,-0.30629868445034314,0.6541666666666667,9747.026248218033
calm,E2_harsh_corner,minimum-variance,4,-0.07247045825934739,-0.8213442850656208,-0.3042494877274208,0.6833333333333333,9616.227882519142
calm,E2_harsh_corner,minimum-variance,5,0.028885360596727194,0.47107708337214504,-0.2667148848701364,0.6527196652719666,9587.439702643762
calm,E2_harsh_corner,minimum-variance,6,-0.05920567957260425,-0.5948610402484216,-0.32014144182791593,0.6291666666666667,11433.520851973382
calm,E2_harsh_corner,minimum-variance,7,0.15586940245615,2.458553197568774,-0.17470927981486073,0.7016806722689075,7606.118415869077
calm,E2_harsh_corner,minimum-variance,8,-0.08997549393745674,-1.2995775578895947,-0.27762348224117284,0.7088607594936709,8932.291197956522
calm,E2_harsh_corner,minimum-variance,9,0.03364806725293734,0.5175889504899888,-0.291548383263166,0.6708333333333333,9647.848109406654
calm,E2_harsh_corner,minimum-variance,10,-0.03608931173646701,-0.4425337634575065,-0.25900123211491877,0.7,9078.141853919416
calm,E2_harsh_corner,random,1,-0.04575810258417845,-0.6218391317903371,-0.2701932748233835,0.6,10735.576964422844
calm,E2_harsh_corner,random,2,-0.08193378005924024,-1.0155724835322844,-0.27340717527267877,0.6441441441441441,11372.719519982147
calm,E2_harsh_corner,random,3,0.1167308976385566,1.7094431112530428,-0.1762837004331791,0.672566371681416,11083.304291926706
calm,E2_harsh_corner,random,4,-0.09493998880578292,-1.3444433339426864,-0.2617415100052861,0.65,10150.98915601005
calm,E2_harsh_corner,random,5,0.05144460754023572,0.991283684996114,-0.16362192651419227,0.6447368421052632,8834.607503518515
calm,E2_harsh_corner,random,6,-0.09390783412052439,-1.3867113229534882,-0.251785623684175,0.6976744186046512,9412.593924224355
calm,E2_harsh_corner,random,7,0.01925813898756079,0.35118842504135284,-0.19919952499967963,0.6502242152466368,10730.102766844517
calm,E2_harsh_corner,random,8,-0.10445383004719333,-1.8512224750901152,-0.2368679253125776,0.6814159292035398,9426.02582169336
calm,E2_harsh_corner,random,9,0.033304423041621734,0.63463472671168,-0.1970998811154765,0.6081081081081081,8837.356292650773
calm,E2_harsh_corner,random,10,0.03956041552647127,0.5761885553361662,-0.25196348741846775,0.6816143497757847,12746.416639790525
high_vol,E0_ideal,buy-and-hold,101,-0.22076428782113344,-2.6534931407060713,-0.3776921539936109,1.0,37.46038548067736
high_vol,E0_ideal,buy-and-hold,102,-0.03698759603822532,-0.23941923380779428,-0.3119344339605792,1.0,41.83515216673395
high_vol,E0_ideal,buy-and-hold,103,-0.038919892954071944,-0.3378582015095565,-0.2857838957785551,1.0,39.21522298435892
high_vol,E0_ideal,buy-and-hold,104,-0.028321765149634026,-0.17911450272784532,-0.34462438454881195,1.0,39.20497003830979
high_vol,E0_ideal,buy-and-hold,105,0.043811428421903775,0.5191286845413781,-0.3055832827229177,1.0,42.618130021113245
high_vol,E0_ideal,buy-and-hold,106,0.16013193990705177,1.5719742486641035,-0.28146462982229337,1.0,42.17876752544156
high_vol,E0_ideal,buy-and-hold,107,0.192103641064149,2.0285840928737375,-0.21673752388428225,1.0,40.92168207017958
high_vol,E0_ideal,buy-and-hold,108,0.21642161508837088,1.9287868965660733,-0.2871644143987766,1.0,43.481209311546394
high_vol,E0_ideal,buy-and-hold,109,0.5821801354247103,5.036840253141579,-0.1217093276128548,1.0,45.20286965210033
high_vol,E0_ideal,buy-and-hold,110,0.11572473078782863,1.0777818619148067,-0.28364751027930213,1.0,42.0427360765831
high_vol,E0_ideal,signal-weighted,101,0.058089080525056014,1.7281111082264005,-0.04096871805114577,1.0,179.27556522182195
high_vol,E0_ideal,signal-weighted,102,0.24738906067074518,3.5594333186348597,-0.06465987747757485,1.0,135.6060281634786
high_vol,E0_ideal,signal-weighted,103,0.10116451664928383,2.2984697611291924,-0.05488559268274218,1.0,143.63332519527566
high_vol,E0_ideal,signal-weighted,104,0.25066067594394204,4.460540053895062,-0.024866974766484806,1.0,158.6602371151972
high_vol,E0_ideal,signal-weighted,105,0.29534763852543744,4.683178808294951,-0.04923151879724996,1.0,171.48296763369586
high_vol,E0_ideal,signal-weighted,106,0.23213595219551175,4.014936349665311,-0.029451185492318288,1.0,248.57303993976217
high_vol,E0_ideal,signal-weighted,107,0.1599238474529987,3.34323794346997,-0.04890258352040999,1.0,197.90166631354282
high_vol,E0_ideal,signal-weighted,108,0.4020948677088827,4.903285761212171,-0.05177855089830241,1.0,174.07699753018758
high_vol,E0_ideal,signal-weighted,109,0.40252669493507187,5.15969172903449,-0.04300569481136174,1.0,231.4766289160334
high_vol,E0_ideal,signal-weighted,110,0.18239114895124953,2.8247430634801276,-0.0661426243206703,1.0,207.04423920541683
high_vol,E0_ideal,naive-momentum,101,0.1298800150948909,2.7051991687881305,-0.05971195772794402,1.0,254.43996983037403
high_vol,E0_ideal,naive-momentum,102,0.2087739929176997,2.66156975549568,-0.10066338741014502,1.0,294.08795175961546
high_vol,E0_ideal,naive-momentum,103,0.07999760318987525,1.3562519711075813,-0.15271788150097532,1.0,370.8732719299628
high_vol,E0_ideal,naive-momentum,104,0.40270738599945655,5.843304678712833,-0.027998543334393444,1.0,291.9428863542587
high_vol,E0_ideal,naive-momentum,105,0.37008672956412747,4.391446843453395,-0.06278512538492087,1.0,329.7406917855225
high_vol,E0_ideal,naive-momentum,106,0.2909800275267904,4.160044722324324,-0.05228684866238276,1.0,335.0719523883874
high_vol,E0_ideal,naive-momentum,107,0.30385660134156045,4.981171746908276,-0.04196137281280088,1.0,374.284494951866
high_vol,E0_ideal,naive-momentum,108,0.4385290337403971,4.868969922357439,-0.08283333790192826,1.0,409.9626882056874
high_vol,E0_ideal,naive-momentum,109,0.41573204820662046,4.947624494131672,-0.08487328699562013,1.0,423.42463304589495
high_vol,E0_ideal,naive-momentum,110,0.3411188572381052,3.73634941495733,-0.06580457849473831,1.0,313.33760955661484
high_vol,E0_ideal,mean-reversion,101,-0.2812895083102622,-4.621382424701464,-0.3074464326566808,1.0,262.68750614177094
high_vol,E0_ideal,mean-reversion,102,-0.19174043619009096,-3.1701941672011715,-0.2392668247090447,1.0,260.4066854219135
high_vol,E0_ideal,mean-reversion,103,-0.11677640848279103,-2.173352608582743,-0.16111540525510315,1.0,342.1072408817817
high_vol,E0_ideal,mean-reversion,104,-0.3074269137686467,-5.63531164425834,-0.3219715891974808,1.0,203.7143069454283
high_vol,E0_ideal,mean-reversion,105,-0.23722835565261746,-4.246494923657216,-0.25796809292455447,1.0,236.50151124220787
high_vol,E0_ideal,mean-reversion,106,-0.10920019897768773,-1.7356284538200413,-0.23832639913396314,1.0,313.7462632279908
high_vol,E0_ideal,mean-reversion,107,-0.10873876434383278,-1.9856384878697237,-0.1850157213861775,1.0,317.3692578143714
high_vol,E0_ideal,mean-reversion,108,-0.19577566034021,-3.4581083662123606,-0.24041085635920867,1.0,240.28000980230513
high_vol,E0_ideal,mean-reversion,109,0.07319305367461193,1.5310779843410876,-0.08073735632136658,1.0,311.37512303787395
high_vol,E0_ideal,mean-reversion,110,-0.17215660687600653,-2.779990983367262,-0.23335551341692062,1.0,260.08719306237543
high_vol,E0_ideal,risk-parity,101,-0.22263535562519832,-2.7050349568631846,-0.3751503711394586,1.0,44.83880691059471
high_vol,E0_ideal,risk-parity,102,-0.034198493598014745,-0.21237288002149313,-0.31154027066403667,1.0,56.75604415729399
high_vol,E0_ideal,risk-parity,103,-0.035970544905341795,-0.3061751624236528,-0.28359212023569036,1.0,41.31595839566526
high_vol,E0_ideal,risk-parity,104,-0.03618392096664802,-0.2762261297206327,-0.3390953434154367,1.0,52.923773358914985
high_vol,E0_ideal,risk-parity,105,0.016750274064132986,0.2703887187808812,-0.3025185397489826,1.0,58.58523433556656
high_vol,E0_ideal,risk-parity,106,0.1485487315747478,1.4810875531947172,-0.28146462982229303,1.0,49.31476134957983
high_vol,E0_ideal,risk-parity,107,0.18574621735634578,1.9723170326137933,-0.21673752388428202,1.0,46.73200677027103
high_vol,E0_ideal,risk-parity,108,0.21638196371198215,1.9284751946823178,-0.2871644143987765,1.0,45.83705609186841
high_vol,E0_ideal,risk-parity,109,0.575527404054557,4.999320117066244,-0.12171146471463967,1.0,49.4614017155049
high_vol,E0_ideal,risk-parity,110,0.08913000656343306,0.8821805879942823,-0.28364751027930213,1.0,53.44419767904825
high_vol,E0_ideal,minimum-variance,101,-0.22076428782113344,-2.653493140706071,-0.3776921539936109,1.0,37.46038548067736
high_vol,E0_ideal,minimum-variance,102,-0.03996686845271846,-0.26847489397361224,-0.3119344339605793,1.0,49.78604642272666
high_vol,E0_ideal,minimum-variance,103,-0.04085152352225396,-0.36087790413216503,-0.2857838957785548,1.0,44.071338034445716
high_vol,E0_ideal,minimum-variance,104,-0.035799724127244414,-0.25920817452576,-0.3446834716170877,1.0,54.08315456600193
high_vol,E0_ideal,minimum-variance,105,0.027820825177361064,0.37414093046880254,-0.30360266535885105,1.0,52.254942732780094
high_vol,E0_ideal,minimum-variance,106,0.16013193990705177,1.571974248664102,-0.28146462982229326,1.0,42.17876752544155
high_vol,E0_ideal,minimum-variance,107,0.1694436841891871,1.8217699338950448,-0.21673752388428202,1.0,54.27030103101075
high_vol,E0_ideal,minimum-variance,108,0.2133661134018321,1.9050327779525638,-0.2871644143987765,1.0,57.3001919042392
high_vol,E0_ideal,minimum-variance,109,0.584404657915256,5.05456357107262,-0.1217093276128548,1.0,60.85379822752192
high_vol,E0_ideal,minimum-variance,110,0.011828912074470788,0.22213240314306668,-0.2836475102793019,1.0,53.20161600277249
high_vol,E0_ideal,random,101,-0.13446633571251088,-2.0442763427578785,-0.22764539632423886,1.0,714.3672035145049
high_vol,E0_ideal,random,102,-0.018488262794350452,-0.10232704844740265,-0.2782821292675284,1.0,736.490102365912
high_vol,E0_ideal,random,103,-0.09972235060129409,-1.2314149970985764,-0.26035351862122313,1.0,633.9244058180029
high_vol,E0_ideal,random,104,-0.12523735839208905,-1.6750260199491154,-0.3058974154615435,1.0,785.732768388057
high_vol,E0_ideal,random,105,0.0259632529886622,0.37056513022981996,-0.2532914224486199,1.0,796.2815806239078
high_vol,E0_ideal,random,106,0.05443262573668739,0.6963210663827607,-0.2760552690965432,1.0,846.4288504544666
high_vol,E0_ideal,random,107,0.10755094337599203,1.405200999623382,-0.1799066729808978,1.0,732.9174678459127
high_vol,E0_ideal,random,108,0.08189373730876959,0.9872090631967206,-0.24068588496140064,1.0,804.898120991084
high_vol,E0_ideal,random,109,0.307322570857832,3.431158334551574,-0.125099230456727,1.0,923.3057172415885
high_vol,E0_ideal,random,110,0.04970262172613804,0.632407680208837,-0.20311292853092422,1.0,742.1086980213423
high_vol,E1_default_stress,buy-and-hold,101,-0.2762236861043912,-3.141793075554417,-0.38588978559759646,0.9833333333333333,6021.714018702496
high_vol,E1_default_stress,buy-and-hold,102,-0.03014313125036805,-0.13390295026370108,-0.33767977818329276,0.9789915966386554,10074.137024836744
high_vol,E1_default_stress,buy-and-hold,103,0.003950327938096798,0.14668098954626604,-0.2900816968869405,0.9790794979079498,9147.974479850107
high_vol,E1_default_stress,buy-and-hold,104,-0.13095555487766408,-1.217825011539531,-0.39227986287144645,0.9790794979079498,7852.23764640832
high_vol,E1_default_stress,buy-and-hold,105,0.03916736435735624,0.4501982251719523,-0.33070016630471355,0.9831932773109243,10293.82570463234
high_vol,E1_default_stress,buy-and-hold,106,0.17416706581227825,1.5781191237895844,-0.27762072043321473,0.9832635983263598,9583.059258496127
high_vol,E1_default_stress,buy-and-hold,107,-0.017158547251460154,-0.059044034126570055,-0.25077033855025654,0.9875,8581.4367049414
high_vol,E1_default_stress,buy-and-hold,108,0.1244080708955535,1.144085548029908,-0.29488912755415597,0.9873417721518988,8386.016689204826
high_vol,E1_default_stress,buy-and-hold,109,0.48183180458403596,3.7391558943479644,-0.1405585853260164,0.9832635983263598,9076.296457168133
high_vol,E1_default_stress,buy-and-hold,110,0.1254287635036715,1.0677156539432469,-0.26125382569342226,0.9665271966527197,8898.340377719273
high_vol,E1_default_stress,signal-weighted,101,-0.0098808191999874,-0.18052460845745855,-0.07710514080714137,0.8842105263157894,3578.1467889677274
high_vol,E1_default_stress,signal-weighted,102,0.21614545557710874,2.703526644578293,-0.08426328353072399,0.9259259259259259,3784.2485867062287
high_vol,E1_default_stress,signal-weighted,103,0.03816477521238015,0.849467111675238,-0.08147306505065699,0.8846153846153846,3322.0418784063804
high_vol,E1_default_stress,signal-weighted,104,0.2729883588556907,3.7599642675421987,-0.03544218212408279,0.9292035398230089,4459.614824940998
high_vol,E1_default_stress,signal-weighted,105,0.2530201109869219,3.519856236128295,-0.07529235831122694,0.9210526315789473,4208.126490949193
high_vol,E1_default_stress,signal-weighted,106,0.2933025362613306,3.9574411139177683,-0.03422848124730227,0.9393939393939394,5567.630228212855
high_vol,E1_default_stress,signal-weighted,107,0.10137334837065737,1.858161502069368,-0.06399497536252396,0.9130434782608695,4915.222485733589
high_vol,E1_default_stress,signal-weighted,108,0.343397586309514,4.411012671175724,-0.05035407853951679,0.9015151515151515,5072.729995592667
high_vol,E1_default_stress,signal-weighted,109,0.34300290028415015,4.258142993375849,-0.049096629423516,0.9066666666666666,6227.505947471992
high_vol,E1_default_stress,signal-weighted,110,0.12160059882850827,1.7513438891011652,-0.07384866231483989,0.9126984126984127,4547.080785981212
high_vol,E1_default_stress,naive-momentum,101,0.018664458101237624,0.36867801915440757,-0.07740649307371539,0.8504672897196262,6197.170682286453
high_vol,E1_default_stress,naive-momentum,102,0.037165934584369564,0.5109832168868358,-0.20480439906742398,0.8666666666666667,8458.944949010689
high_vol,E1_default_stress,naive-momentum,103,0.029709442353691884,0.4472861443929357,-0.17461683038418707,0.8930817610062893,9248.386583499514
high_vol,E1_default_stress,naive-momentum,104,0.24338756563662778,3.411917606776634,-0.08039869405193933,0.8769230769230769,7044.99332901696
high_vol,E1_default_stress,naive-momentum,105,0.21738115414129666,2.430624314072165,-0.17352264905332315,0.8794326241134752,7739.266525029189
high_vol,E1_default_stress,naive-momentum,106,0.23561914369051484,2.6010943042962986,-0.09543016969654738,0.875,9873.959950784232
high_vol,E1_default_stress,naive-momentum,107,0.3439316258020553,4.34888719797032,-0.037998773400207075,0.9182389937106918,8143.010054875042
high_vol,E1_default_stress,naive-momentum,108,0.315682421976877,3.593698345855329,-0.08770978079421288,0.89375,9685.44896796754
high_vol,E1_default_stress,naive-momentum,109,0.30071872971800295,3.410410901560313,-0.08818046900946963,0.898876404494382,10611.35005014013
high_vol,E1_default_stress,naive-momentum,110,0.31916824320960036,2.895341639698698,-0.11156632088178531,0.8958333333333334,11787.794428508383
high_vol,E1_default_stress,mean-reversion,101,-0.30364119507060183,-4.17257737980047,-0.3616473901768378,0.9021739130434783,7272.319271806947
high_vol,E1_default_stress,mean-reversion,102,-0.21484764465392814,-2.883765378604815,-0.28822636636400056,0.8881987577639752,6602.411021422188
high_vol,E1_default_stress,mean-reversion,103,-0.239022372137068,-3.1947335068932974,-0.2718415782886271,0.8860759493670886,6769.299330148371
high_vol,E1_default_stress,mean-reversion,104,-0.29231272476001413,-4.644769044601201,-0.3353004942567497,0.9337748344370861,5760.847804414268
high_vol,E1_default_stress,mean-reversion,105,-0.27281539352062856,-3.6599971532603526,-0.31202194576649445,0.8986486486486487,6812.3077657623335
high_vol,E1_default_stress,mean-reversion,106,-0.16804528956648224,-2.4508393964911206,-0.2574606893618734,0.891156462585034,7138.952313532643
high_vol,E1_default_stress,mean-reversion,107,-0.1869162779025687,-2.7454123822132175,-0.26789800512232576,0.8731343283582089,6194.902474179794
high_vol,E1_default_stress,mean-reversion,108,-0.22350265124184765,-3.122501123620005,-0.28394204558285696,0.8928571428571429,6610.294443217722
high_vol,E1_default_stress,mean-reversion,109,-0.013583501466527537,-0.08768267946027057,-0.12840923430323625,0.8571428571428571,6511.700846438163
high_vol,E1_default_stress,mean-reversion,110,-0.13132646687726646,-1.6598062558713285,-0.2514622256349225,0.8926174496644296,6592.656114916326
high_vol,E1_default_stress,risk-parity,101,-0.31017991372667775,-3.4899527790028366,-0.43842816771303084,0.9873417721518988,7062.210372779545
high_vol,E1_default_stress,risk-parity,102,-0.1423539740914782,-1.1191052362900877,-0.36884306721761617,0.9791666666666666,12107.85276868712
high_vol,E1_default_stress,risk-parity,103,-0.13064473169227042,-1.2773236834290935,-0.3439918987278523,0.9790794979079498,6781.950053274972
high_vol,E1_default_stress,risk-parity,104,-0.08344091091707762,-0.6756309939218635,-0.3800501501224578,0.9832635983263598,8715.829030091976
high_vol,E1_default_stress,risk-parity,105,-0.05732872521697685,-0.394471015836705,-0.3496869244262998,0.9875,7582.516543525272
high_vol,E1_default_stress,risk-parity,106,0.058389852104646645,0.6301421600045908,-0.30154556519170894,0.9916317991631799,10500.065371538823
high_vol,E1_default_stress,risk-parity,107,0.06032216007490265,0.758433277164769,-0.232720584522209,0.9875,7589.634750091514
high_vol,E1_default_stress,risk-parity,108,0.090709769282177,0.8613294744799671,-0.3299173173131329,0.9831223628691983,8721.083925009272
high_vol,E1_default_stress,risk-parity,109,0.5691601290090127,4.531284757354027,-0.14838435873535416,0.9874476987447699,12345.56101136213
high_vol,E1_default_stress,risk-parity,110,0.0787752062957825,0.7466555540075593,-0.27694304026244676,0.9831932773109243,8643.110528896308
high_vol,E1_default_stress,minimum-variance,101,-0.3183225931387569,-3.622098996811937,-0.4445611875274559,0.9875,6684.757994031851
high_vol,E1_default_stress,minimum-variance,102,-0.07862086397998502,-0.6183096998003554,-0.3494756681110368,0.9833333333333333,9594.167805350027
high_vol,E1_default_stress,minimum-variance,103,-0.05680692249233199,-0.4756846682305286,-0.3161923135449527,0.9747899159663865,7042.99763409949
high_vol,E1_default_stress,minimum-variance,104,-0.0869932111046332,-0.6897983581224042,-0.3852396980386438,0.9831932773109243,8711.445762838928
high_vol,E1_default_stress,minimum-variance,105,-0.1508681819401384,-1.2032163405328407,-0.4105848637815629,0.9875,11527.610588554135
high_vol,E1_default_stress,minimum-variance,106,-0.02037051458941308,-0.08283785030458314,-0.32585311570737974,0.9833333333333333,8741.471905108214
high_vol,E1_default_stress,minimum-variance,107,0.062470968970149476,0.7744214430600815,-0.22169402889769274,0.9791666666666666,7215.608564572886
high_vol,E1_default_stress,minimum-variance,108,0.09623265437554296,0.9082856175433986,-0.318681685036744,0.9789915966386554,8810.244742144278
high_vol,E1_default_stress,minimum-variance,109,0.4662925549470154,4.165364091893664,-0.12532826847009637,0.9874476987447699,14504.935129027388
high_vol,E1_default_stress,minimum-variance,110,-0.08952538471508475,-0.5832685810890055,-0.34049131503733376,0.9742489270386266,14705.413192942286
high_vol,E1_default_stress,random,101,-0.3764484157733373,-5.334556437174023,-0.41756836790938445,0.8318181818181818,9455.41805973192
high_vol,E1_default_stress,random,102,-0.198957437508812,-2.0939801393391404,-0.3908894516965262,0.8826086956521739,11788.204389347553
high_vol,E1_default_stress,random,103,-0.14565733617960297,-1.7070064656217188,-0.3063372776932973,0.8577586206896551,10017.161115436911
high_vol,E1_default_stress,random,104,0.011737893190105098,0.2239884780875208,-0.2725609015512874,0.8839285714285714,11758.687125848155
high_vol,E1_default_stress,random,105,0.04719343415882493,0.5830830080077424,-0.24935793415755447,0.8961038961038961,12186.543035373643
high_vol,E1_default_stress,random,106,0.07490569478061349,0.8270146636110015,-0.24160603041407247,0.9148936170212766,13755.524955393785
high_vol,E1_default_stress,random,107,0.08136535266525136,1.0400054379909682,-0.18227977663614037,0.8841201716738197,12446.004940457726
high_vol,E1_default_stress,random,108,-0.009519584747309406,0.006593887445785152,-0.283716718774358,0.9177489177489178,13838.433313951164
high_vol,E1_default_stress,random,109,0.26344834713675236,2.9129919864830973,-0.10256393696556054,0.8893805309734514,13812.32923183807
high_vol,E1_default_stress,random,110,0.12997653504983453,1.3004264212701688,-0.2010951740978172,0.8584905660377359,11748.444716891854
high_vol,E2_spread_20bps,buy-and-hold,101,-0.2938053864722937,-3.3867603015173118,-0.39606128654875616,0.9833333333333333,8268.617016541915
high_vol,E2_spread_20bps,buy-and-hold,102,-0.05683654817525241,-0.3685105136354754,-0.3511277216444808,0.9791666666666666,13181.800499243554
high_vol,E2_spread_20bps,buy-and-hold,103,-0.025312348097229598,-0.13919897289185607,-0.3034726056346164,0.9790794979079498,12312.757157979479
high_vol,E2_spread_20bps,buy-and-hold,104,-0.15157683969325852,-1.4444937955320498,-0.4029264885225132,0.9833333333333333,10592.013564451596
high_vol,E2_spread_20bps,buy-and-hold,105,0.011499409233568292,0.21985552119964405,-0.3434462747299717,0.9833333333333333,13419.63029487801
high_vol,E2_spread_20bps,buy-and-hold,106,0.14268794313276656,1.330717457713905,-0.2836132275419835,0.9832635983263598,12906.791763328865
high_vol,E2_spread_20bps,buy-and-hold,107,-0.04720422778677558,-0.35769674367601423,-0.2672150950776251,0.9916317991631799,11704.430109910272
high_vol,E2_spread_20bps,buy-and-hold,108,0.09777038005704064,0.9350844636471541,-0.3004622974730238,0.9874476987447699,11289.52466015988
high_vol,E2_spread_20bps,buy-and-hold,109,0.44749360899103396,3.519090109007374,-0.14600830910108265,0.9874476987447699,12263.961543048166
high_vol,E2_spread_20bps,buy-and-hold,110,0.09797122990039386,0.8721662456026665,-0.26557214993223954,0.9705882352941176,11698.894782575
high_vol,E2_spread_20bps,signal-weighted,101,-0.023607670545218618,-0.4967611048805679,-0.08053019083837287,0.8842105263157894,4953.728836492523
high_vol,E2_spread_20bps,signal-weighted,102,0.2031713099509247,2.5652705053517044,-0.08701173535529205,0.9351851851851852,5036.134659877077
high_vol,E2_spread_20bps,signal-weighted,103,0.02687446640677016,0.6163687281604557,-0.08650021006643716,0.8846153846153846,4450.438607101335
high_vol,E2_spread_20bps,signal-weighted,104,0.2551121743601348,3.5461833834457295,-0.04018174445902811,0.9292035398230089,6170.566425655751
high_vol,E2_spread_20bps,signal-weighted,105,0.23516335879436,3.301560154925522,-0.07901101528550736,0.9210526315789473,5849.714117167567
high_vol,E2_spread_20bps,signal-weighted,106,0.2711513798082361,3.6964560736716296,-0.03585145875816276,0.9393939393939394,7651.73543806197
high_vol,E2_spread_20bps,signal-weighted,107,0.08299138381647997,1.5423926072080374,-0.06719171352477682,0.9057971014492754,6695.308131828213
high_vol,E2_spread_20bps,signal-weighted,108,0.3239424230932404,4.20322105661013,-0.054873305975646214,0.9097744360902256,6875.663859012452
high_vol,E2_spread_20bps,signal-weighted,109,0.3213454393723263,4.035847171075481,-0.0524246435729695,0.9066666666666666,8254.943173090232
high_vol,E2_spread_20bps,signal-weighted,110,0.10553279240444602,1.5404407059174245,-0.07974955624908542,0.9047619047619048,6101.947137577568
high_vol,E2_spread_20bps,naive-momentum,101,-0.0034920650041306844,0.005550285101882837,-0.0865391743609979,0.8584905660377359,8362.90747729936
high_vol,E2_spread_20bps,naive-momentum,102,0.010908444318435295,0.2162501645184205,-0.2119088288078007,0.8666666666666667,11114.85579191433
high_vol,E2_spread_20bps,naive-momentum,103,-0.0004836592119528138,0.07858262707350441,-0.19067338214011953,0.8930817610062893,12301.913161767165
high_vol,E2_spread_20bps,naive-momentum,104,0.21830706209519568,3.094115332763891,-0.09313752990238577,0.8846153846153846,9472.7401164073
high_vol,E2_spread_20bps,naive-momentum,105,0.19013311993784177,2.155826712485122,-0.18653953919847277,0.8794326241134752,10422.281814787506
high_vol,E2_spread_20bps,naive-momentum,106,0.20117240789679003,2.265442374019978,-0.1093808405317952,0.875,13196.756800382
high_vol,E2_spread_20bps,naive-momentum,107,0.3104269807821747,3.987978947656689,-0.04054541395032418,0.9182389937106918,11088.329603877635
high_vol,E2_spread_20bps,naive-momentum,108,0.282980472788698,3.2806213880270914,-0.09164328024853052,0.8875,12744.078578654759
high_vol,E2_spread_20bps,naive-momentum,109,0.263054977442583,3.039970911280467,-0.09359382575211184,0.898876404494382,14189.392486011448
high_vol,E2_spread_20bps,naive-momentum,110,0.281614927132541,2.6110188085874637,-0.1149568134797122,0.8958333333333334,15260.443609979815
high_vol,E2_spread_20bps,mean-reversion,101,-0.3237177982864635,-4.518678651003848,-0.37498073199260773,0.912568306010929,9822.794947751918
high_vol,E2_spread_20bps,mean-reversion,102,-0.23293122815803857,-3.153686680666831,-0.2992947039628453,0.8819875776397516,8798.659780838461
high_vol,E2_spread_20bps,mean-reversion,103,-0.260007679056638,-3.5243527174328233,-0.28976323248613467,0.89171974522293,9170.030016701392
high_vol,E2_spread_20bps,mean-reversion,104,-0.30821303765417707,-4.949518600529073,-0.34873065543610393,0.9271523178807947,7828.0930928285425
high_vol,E2_spread_20bps,mean-reversion,105,-0.2911231564243838,-3.942495495018411,-0.3283691351598518,0.8986486486486487,8960.282348877081
high_vol,E2_spread_20bps,mean-reversion,106,-0.18949055120617686,-2.805328817571329,-0.26496354642063,0.891156462585034,9600.685279170259
high_vol,E2_spread_20bps,mean-reversion,107,-0.20486319783966578,-3.0477277190659073,-0.27972582832757453,0.8731343283582089,8232.441045542017
high_vol,E2_spread_20bps,mean-reversion,108,-0.2422271752261993,-3.4149198657216395,-0.29863094497373954,0.8928571428571429,8800.794093672066
high_vol,E2_spread_20bps,mean-reversion,109,-0.037208947612390575,-0.38866379969023435,-0.14449603980948078,0.856,8796.638623512876
high_vol,E2_spread_20bps,mean-reversion,110,-0.1516656496540456,-1.9623381015492924,-0.26200706975845767,0.9,8946.122310777278
high_vol,E2_spread_20bps,risk-parity,101,-0.3276175015005198,-3.7392693254112537,-0.4480257149421363,0.9915966386554622,9395.788143199943
high_vol,E2_spread_20bps,risk-parity,102,-0.17388878984184708,-1.4212647451951883,-0.3855887812024842,0.9832635983263598,15815.88184431492
high_vol,E2_spread_20bps,risk-parity,103,-0.15123512044063203,-1.5138523396377752,-0.3537850243348637,0.9791666666666666,9138.159777988474
high_vol,E2_spread_20bps,risk-parity,104,-0.10668140748261878,-0.9090316497139629,-0.39153424189284647,0.9874476987447699,11740.291820399432
high_vol,E2_spread_20bps,risk-parity,105,-0.08111015629203733,-0.6166171864199412,-0.36043918374185735,0.9875,10280.993606790189
high_vol,E2_spread_20bps,risk-parity,106,0.025280284143787357,0.3417999751682,-0.3091330334722776,0.9873949579831933,14119.130171455909
high_vol,E2_spread_20bps,risk-parity,107,0.03403447462645981,0.47305677929488776,-0.23820000474592617,0.9875,10322.316743264559
high_vol,E2_spread_20bps,risk-parity,108,0.06498897807685888,0.6585519066489199,-0.33538228801979075,0.9833333333333333,11608.730694185957
high_vol,E2_spread_20bps,risk-parity,109,0.5213195256698624,4.223033007886343,-0.1538686080603141,0.9875,16737.32924534865
high_vol,E2_spread_20bps,risk-parity,110,0.05261764077233644,0.5463823170337614,-0.2804215889160532,0.9832635983263598,11443.951311395916
high_vol,E2_spread_20bps,minimum-variance,101,-0.33527624708694215,-3.86472147475682,-0.45400068123247084,0.9916666666666667,8947.2307536355
high_vol,E2_spread_20bps,minimum-variance,102,-0.10433882080607615,-0.87241066693351,-0.36225854245173206,0.9832635983263598,12711.974712263194
high_vol,E2_spread_20bps,minimum-variance,103,-0.07962200114772733,-0.7185994499477096,-0.32627926343828306,0.9666666666666667,9592.915523023896
high_vol,E2_spread_20bps,minimum-variance,104,-0.11035967059483653,-0.9196307426765215,-0.3967638506305974,0.9873949579831933,11759.207905384394
high_vol,E2_spread_20bps,minimum-variance,105,-0.18565449539093126,-1.5388780898157581,-0.42852072946914843,0.9874476987447699,15621.925976635102
high_vol,E2_spread_20bps,minimum-variance,106,-0.045832024464819376,-0.3308304300751212,-0.3317356053063699,0.9791666666666666,11656.511591001225
high_vol,E2_spread_20bps,minimum-variance,107,0.036851672808476454,0.5000079899560956,-0.2269368275987521,0.9791666666666666,9884.448840456776
high_vol,E2_spread_20bps,minimum-variance,108,0.0701376050285818,0.7020011349043894,-0.3243830030294006,0.9790794979079498,11666.551210075184
high_vol,E2_spread_20bps,minimum-variance,109,0.41175902546071863,3.758793303848799,-0.13168235286310426,0.9832635983263598,19453.1873566777
high_vol,E2_spread_20bps,minimum-variance,110,-0.13477959696556796,-0.9689831301413296,-0.350443677126437,0.9742489270386266,19662.871495349216
high_vol,E2_spread_20bps,random,101,-0.40114071829263453,-5.776432542930553,-0.4387906882591529,0.8227272727272728,12651.958435273364
high_vol,E2_spread_20bps,random,102,-0.22756233223482702,-2.442623560336992,-0.40670159522868365,0.8728070175438597,15383.261307554121
high_vol,E2_spread_20bps,random,103,-0.1764263358616588,-2.1232669063023706,-0.3224557332679171,0.8405172413793104,13471.64288124923
high_vol,E2_spread_20bps,random,104,-0.024147897598633672,-0.17952441184551396,-0.29140524739150586,0.88,15747.67851398209
high_vol,E2_spread_20bps,random,105,0.011256825829752515,0.21704259648960136,-0.26782928438920484,0.8917748917748918,16044.434102627934
high_vol,E2_spread_20bps,random,106,0.03298904490671073,0.429722790598411,-0.2532083684070632,0.9063829787234042,18208.478551650773
high_vol,E2_spread_20bps,random,107,0.03887516955033554,0.5502149603072465,-0.19271988927661843,0.9008620689655172,16672.26040854232
high_vol,E2_spread_20bps,random,108,-0.04828651230621295,-0.39860362330332005,-0.29267530652076756,0.9181034482758621,18126.47846624047
high_vol,E2_spread_20bps,random,109,0.21585795462700919,2.449604572320457,-0.12448546074856648,0.8893805309734514,18198.823764456454
high_vol,E2_spread_20bps,random,110,0.09013940283293809,0.9506943613002428,-0.20705323820766286,0.8443396226415094,15740.683770166224
high_vol,E2_latency_3,buy-and-hold,101,-0.30644984045524437,-2.7614843477874524,-0.42124577165338406,0.6583333333333333,8309.91701020029
high_vol,E2_latency_3,buy-and-hold,102,-0.2138999614425997,-1.5045900766847335,-0.4173662058932317,0.6317991631799164,9804.440476156911
high_vol,E2_latency_3,buy-and-hold,103,-0.11773576556755583,-0.7086968754951342,-0.41637219054493524,0.6108786610878661,10681.541067189299
high_vol,E2_latency_3,buy-and-hold,104,-0.23939989900044867,-1.8319991281700598,-0.4591187269964434,0.6875,11077.112306661787
high_vol,E2_latency_3,buy-and-hold,105,-0.24845908461442145,-1.5449266903820569,-0.5007519825181337,0.6666666666666666,10791.177918320029
high_vol,E2_latency_3,buy-and-hold,106,-0.08578497746222735,-0.4396683306399414,-0.4291300278137672,0.6625,11769.574811441706
high_vol,E2_latency_3,buy-and-hold,107,-0.033059037374908784,-0.15731855657809038,-0.2607042715613139,0.6583333333333333,10398.225895443076
high_vol,E2_latency_3,buy-and-hold,108,0.05034248610334702,0.4834683219696511,-0.3626559324442691,0.6708333333333333,13104.231044767617
high_vol,E2_latency_3,buy-and-hold,109,0.2506177813922792,1.7636902774327974,-0.23519268241684588,0.6458333333333334,13882.82108767867
high_vol,E2_latency_3,buy-and-hold,110,-0.10430509094053941,-0.4721732456182449,-0.47094327976270156,0.6458333333333334,14034.518344704275
high_vol,E2_latency_3,signal-weighted,101,0.08443197942990355,1.4622187148259769,-0.06845624969436503,0.6,3162.8365980608146
high_vol,E2_latency_3,signal-weighted,102,0.17082416443764203,2.4300322875391442,-0.06653491009120371,0.6306306306306306,3909.638501343236
high_vol,E2_latency_3,signal-weighted,103,-0.07817339486988306,-1.0931548045681871,-0.18880361458576367,0.6115702479338843,3222.8146168437806
high_vol,E2_latency_3,signal-weighted,104,0.2560872556177114,4.022791263096335,-0.041622128558386096,0.6330275229357798,3786.1094968894213
high_vol,E2_latency_3,signal-weighted,105,0.2655682672720783,3.0026999457922408,-0.09545121993461025,0.6859504132231405,5412.226294765243
high_vol,E2_latency_3,signal-weighted,106,0.1563466225867567,2.2604870135376354,-0.07143778629130593,0.6013986013986014,4523.799609098302
high_vol,E2_latency_3,signal-weighted,107,0.048633391386190494,0.7054612307562085,-0.11308086986169985,0.6164383561643836,4610.943841219555
high_vol,E2_latency_3,signal-weighted,108,0.4170398641697093,4.067230595531637,-0.055256999048670985,0.6573426573426573,6213.981771927748
high_vol,E2_latency_3,signal-weighted,109,0.24895238873662828,3.124515186869304,-0.07461214377727476,0.7,5335.238413924802
high_vol,E2_latency_3,signal-weighted,110,0.04681758727546259,0.6334584494787767,-0.09792549714726928,0.6492537313432836,3940.2168872797324
high_vol,E2_latency_3,naive-momentum,101,0.07157445939545726,0.8270384770874893,-0.15526004239959668,0.5967741935483871,4963.909702174449
high_vol,E2_latency_3,naive-momentum,102,-0.11215001625052912,-1.0898097801401156,-0.2722635570516516,0.5686274509803921,7708.386918639175
high_vol,E2_latency_3,naive-momentum,103,-0.0031951864462592683,0.086741782515852,-0.2548268968637324,0.6392405063291139,7919.43686768575
high_vol,E2_latency_3,naive-momentum,104,0.19968503726888365,2.2293124942050353,-0.1146532025512843,0.5704225352112676,6862.690304184825
high_vol,E2_latency_3,naive-momentum,105,0.2839906790289566,3.29051626219761,-0.11269028767079337,0.6143790849673203,7165.142244655526
high_vol,E2_latency_3,naive-momentum,106,0.09484760390592739,1.1343858439157641,-0.15653520911228236,0.5868263473053892,6827.592404773999
high_vol,E2_latency_3,naive-momentum,107,0.07847402170045781,0.9466283443219651,-0.13487772327080494,0.6235294117647059,6294.705097019435
high_vol,E2_latency_3,naive-momentum,108,0.155062960357488,1.3650643449495214,-0.23615769822043975,0.5823529411764706,9953.634580704755
high_vol,E2_latency_3,naive-momentum,109,0.5611035814891343,3.725637030808567,-0.14559077539439236,0.5828877005347594,12380.4084726159
high_vol,E2_latency_3,naive-momentum,110,0.2529851582207716,2.04391639807365,-0.13474775740004097,0.5796178343949044,8179.21814437215
high_vol,E2_latency_3,mean-reversion,101,-0.4465534296150413,-4.540316715577,-0.4832152253815888,0.5684210526315789,7604.814140554741
high_vol,E2_latency_3,mean-reversion,102,-0.21456939637485917,-1.8580640015522663,-0.34462048607455,0.5611111111111111,8404.022300526633
high_vol,E2_latency_3,mean-reversion,103,-0.10760876825856391,-1.2853287824875763,-0.22475814418637763,0.5847953216374269,6527.1438807917575
high_vol,E2_latency_3,mean-reversion,104,-0.3861779802765959,-4.740120807543643,-0.45810689009759153,0.6339869281045751,5094.875123734108
high_vol,E2_latency_3,mean-reversion,105,-0.4534714655554063,-5.001887275625154,-0.4993148694361852,0.63125,7256.714462584504
high_vol,E2_latency_3,mean-reversion,106,-0.05628065107429869,-0.4154942484418674,-0.2559832565255812,0.5911949685534591,7592.397136144847
high_vol,E2_latency_3,mean-reversion,107,0.016498024535876565,0.26721991087606434,-0.24152206888554295,0.6405228758169934,7356.992894141117
high_vol,E2_latency_3,mean-reversion,108,-0.26902833693314,-2.963947685956373,-0.3695543228073396,0.5793103448275863,6527.8905454784235
high_vol,E2_latency_3,mean-reversion,109,0.13440554133364135,1.3417378630689465,-0.15916541893183,0.5714285714285714,7986.052675029311
high_vol,E2_latency_3,mean-reversion,110,-0.03836779182375705,-0.15804161355841026,-0.24594749865740506,0.5906432748538012,9835.99347819422
high_vol,E2_latency_3,risk-parity,101,-0.42333613129801695,-3.7274674111203043,-0.5721938248096781,0.6708333333333333,9841.094550855034
high_vol,E2_latency_3,risk-parity,102,-0.06543901512630868,-0.2753679942315326,-0.4019502075086757,0.6375,15779.718720011715
high_vol,E2_latency_3,risk-parity,103,-0.14749605694142864,-1.0137208086077047,-0.33642219403628904,0.6666666666666666,11260.163012941912
high_vol,E2_latency_3,risk-parity,104,-0.2676089405953078,-2.227736010875684,-0.46800945683159223,0.6583333333333333,10204.220199246103
high_vol,E2_latency_3,risk-parity,105,-0.07149737217963559,-0.29638690753996816,-0.36460375041215787,0.6541666666666667,11988.82454214614
high_vol,E2_latency_3,risk-parity,106,-0.05298324475391303,-0.3837347054892756,-0.3001051970673039,0.7196652719665272,7194.026512267241
high_vol,E2_latency_3,risk-parity,107,0.1965728267328608,1.4167782208173867,-0.29408088993871284,0.6666666666666666,12371.20264309877
high_vol,E2_latency_3,risk-parity,108,0.1628691009957075,1.2112834307473443,-0.361120476929335,0.6708333333333333,12513.827851441953
high_vol,E2_latency_3,risk-parity,109,0.24625462457386815,1.6897430816372039,-0.23570098089871516,0.6375,13745.68408334147
high_vol,E2_latency_3,risk-parity,110,0.3331709387299464,2.089865557272591,-0.2571781897179194,0.6625,12476.921530240652
high_vol,E2_latency_3,minimum-variance,101,-0.41660853192608605,-3.6776177454064074,-0.5664018835929605,0.6791666666666667,9796.244861382564
high_vol,E2_latency_3,minimum-variance,102,-0.061872343827364396,-0.25087674553185096,-0.40113935735978146,0.6583333333333333,15779.769830363963
high_vol,E2_latency_3,minimum-variance,103,-0.1484191311342936,-1.0285958515973943,-0.3358434368447828,0.6625,11248.43617516083
high_vol,E2_latency_3,minimum-variance,104,-0.2691216164532182,-2.2169653021722984,-0.4684128458448734,0.6764705882352942,10494.222257433908
high_vol,E2_latency_3,minimum-variance,105,-0.10938849303797882,-0.7166105927393388,-0.38653634275550675,0.6541666666666667,11124.411629076287
high_vol,E2_latency_3,minimum-variance,106,-0.05308357782984485,-0.385177560462563,-0.29966822867243437,0.7208333333333333,7200.332859262147
high_vol,E2_latency_3,minimum-variance,107,0.19657257736461187,1.4167769599285367,-0.29408088173469416,0.6680672268907563,12371.241978499958
high_vol,E2_latency_3,minimum-variance,108,0.16120987710845314,1.2012792884453263,-0.3615484951473644,0.6778242677824268,12510.011724659602
high_vol,E2_latency_3,minimum-variance,109,0.16131505068462149,1.2675212922180257,-0.25808743188646566,0.6443514644351465,13658.252923763092
high_vol,E2_latency_3,minimum-variance,110,0.07689674502372079,0.6322482435894282,-0.28459789009525127,0.5957446808510638,14329.620358938766
high_vol,E2_latency_3,random,101,-0.31297165512107195,-3.3638860858452215,-0.43677071933011413,0.6238095238095238,7235.720734819982
high_vol,E2_latency_3,random,102,0.051514212664855785,0.5398214855042536,-0.2575558049424327,0.6387665198237885,11147.839880669739
high_vol,E2_latency_3,random,103,-0.13364191973595418,-1.4094798043406134,-0.34329129556847915,0.5930735930735931,7429.4767411294615
high_vol,E2_latency_3,random,104,-0.27013609444660314,-2.503416375082605,-0.4378763357627081,0.7045454545454546,10210.445259819728
high_vol,E2_latency_3,random,105,-0.11207128126500787,-0.6659715662220373,-0.39665741289314904,0.6755555555555556,11751.051452860105
high_vol,E2_latency_3,random,106,-0.08972595899890123,-0.5271696860979906,-0.4180681463191249,0.672645739910314,11882.207333186863
high_vol,E2_latency_3,random,107,0.3231398616840073,2.2628202701379383,-0.2555105707207743,0.6981981981981982,12528.595103489044
high_vol,E2_latency_3,random,108,0.042741966140599885,0.45678487367870746,-0.40788689219688457,0.6428571428571429,11345.107799263518
high_vol,E2_latency_3,random,109,0.26109335052077776,2.0785375186439348,-0.19786641471478583,0.6923076923076923,11694.84650742142
high_vol,E2_latency_3,random,110,0.16640709402438336,1.4339457282127788,-0.23617530930330266,0.6388888888888888,10777.998498556442
high_vol,E2_participation_1pct,buy-and-hold,101,-0.2762236861043912,-3.141793075554417,-0.38588978559759646,0.9833333333333333,6021.714018702496
high_vol,E2_participation_1pct,buy-and-hold,102,-0.03014313125036805,-0.13390295026370108,-0.33767977818329276,0.9789915966386554,10074.137024836744
high_vol,E2_participation_1pct,buy-and-hold,103,0.003950327938096798,0.14668098954626604,-0.2900816968869405,0.9790794979079498,9147.974479850107
high_vol,E2_participation_1pct,buy-and-hold,104,-0.13095555487766408,-1.217825011539531,-0.39227986287144645,0.9790794979079498,7852.23764640832
high_vol,E2_participation_1pct,buy-and-hold,105,0.03916736435735624,0.4501982251719523,-0.33070016630471355,0.9831932773109243,10293.82570463234
high_vol,E2_participation_1pct,buy-and-hold,106,0.17416706581227825,1.5781191237895844,-0.27762072043321473,0.9832635983263598,9583.059258496127
high_vol,E2_participation_1pct,buy-and-hold,107,-0.017158547251460154,-0.059044034126570055,-0.25077033855025654,0.9875,8581.4367049414
high_vol,E2_participation_1pct,buy-and-hold,108,0.1244080708955535,1.144085548029908,-0.29488912755415597,0.9873417721518988,8386.016689204826
high_vol,E2_participation_1pct,buy-and-hold,109,0.48183180458403596,3.7391558943479644,-0.1405585853260164,0.9832635983263598,9076.296457168133
high_vol,E2_participation_1pct,buy-and-hold,110,0.1254287635036715,1.0677156539432469,-0.26125382569342226,0.9665271966527197,8898.340377719273
high_vol,E2_participation_1pct,signal-weighted,101,-0.0098808191999874,-0.18052460845745855,-0.07710514080714137,0.8842105263157894,3578.1467889677274
high_vol,E2_participation_1pct,signal-weighted,102,0.21614545557710874,2.703526644578293,-0.08426328353072399,0.9259259259259259,3784.2485867062287
high_vol,E2_participation_1pct,signal-weighted,103,0.03816477521238015,0.849467111675238,-0.08147306505065699,0.8846153846153846,3322.0418784063804
high_vol,E2_participation_1pct,signal-weighted,104,0.2729883588556907,3.7599642675421987,-0.03544218212408279,0.9292035398230089,4459.614824940998
high_vol,E2_participation_1pct,signal-weighted,105,0.2530201109869219,3.519856236128295,-0.07529235831122694,0.9210526315789473,4208.126490949193
high_vol,E2_participation_1pct,signal-weighted,106,0.2933025362613306,3.9574411139177683,-0.03422848124730227,0.9393939393939394,5567.630228212855
high_vol,E2_participation_1pct,signal-weighted,107,0.10137334837065737,1.858161502069368,-0.06399497536252396,0.9130434782608695,4915.222485733589
high_vol,E2_participation_1pct,signal-weighted,108,0.343397586309514,4.411012671175724,-0.05035407853951679,0.9015151515151515,5072.729995592667
high_vol,E2_participation_1pct,signal-weighted,109,0.34300290028415015,4.258142993375849,-0.049096629423516,0.9066666666666666,6227.505947471992
high_vol,E2_participation_1pct,signal-weighted,110,0.12160059882850827,1.7513438891011652,-0.07384866231483989,0.9126984126984127,4547.080785981212
high_vol,E2_participation_1pct,naive-momentum,101,0.018664458101237624,0.36867801915440757,-0.07740649307371539,0.8504672897196262,6197.170682286453
high_vol,E2_participation_1pct,naive-momentum,102,0.037165934584369564,0.5109832168868358,-0.20480439906742398,0.8666666666666667,8458.944949010689
high_vol,E2_participation_1pct,naive-momentum,103,0.029709442353691884,0.4472861443929357,-0.17461683038418707,0.8930817610062893,9248.386583499514
high_vol,E2_participation_1pct,naive-momentum,104,0.24338756563662778,3.411917606776634,-0.08039869405193933,0.8769230769230769,7044.99332901696
high_vol,E2_participation_1pct,naive-momentum,105,0.21738115414129666,2.430624314072165,-0.17352264905332315,0.8794326241134752,7739.266525029189
high_vol,E2_participation_1pct,naive-momentum,106,0.23561914369051484,2.6010943042962986,-0.09543016969654738,0.875,9873.959950784232
high_vol,E2_participation_1pct,naive-momentum,107,0.3439316258020553,4.34888719797032,-0.037998773400207075,0.9182389937106918,8143.010054875042
high_vol,E2_participation_1pct,naive-momentum,108,0.315682421976877,3.593698345855329,-0.08770978079421288,0.89375,9685.44896796754
high_vol,E2_participation_1pct,naive-momentum,109,0.30071872971800295,3.410410901560313,-0.08818046900946963,0.898876404494382,10611.35005014013
high_vol,E2_participation_1pct,naive-momentum,110,0.31916824320960036,2.895341639698698,-0.11156632088178531,0.8958333333333334,11787.794428508383
high_vol,E2_participation_1pct,mean-reversion,101,-0.30364119507060183,-4.17257737980047,-0.3616473901768378,0.9021739130434783,7272.319271806947
high_vol,E2_participation_1pct,mean-reversion,102,-0.21484764465392814,-2.883765378604815,-0.28822636636400056,0.8881987577639752,6602.411021422188
high_vol,E2_participation_1pct,mean-reversion,103,-0.239022372137068,-3.1947335068932974,-0.2718415782886271,0.8860759493670886,6769.299330148371
high_vol,E2_participation_1pct,mean-reversion,104,-0.29231272476001413,-4.644769044601201,-0.3353004942567497,0.9337748344370861,5760.847804414268
high_vol,E2_participation_1pct,mean-reversion,105,-0.27281539352062856,-3.6599971532603526,-0.31202194576649445,0.8986486486486487,6812.3077657623335
high_vol,E2_participation_1pct,mean-reversion,106,-0.16804528956648224,-2.4508393964911206,-0.2574606893618734,0.891156462585034,7138.952313532643
high_vol,E2_participation_1pct,mean-reversion,107,-0.1869162779025687,-2.7454123822132175,-0.26789800512232576,0.8731343283582089,6194.902474179794
high_vol,E2_participation_1pct,mean-reversion,108,-0.22350265124184765,-3.122501123620005,-0.28394204558285696,0.8928571428571429,6610.294443217722
high_vol,E2_participation_1pct,mean-reversion,109,-0.013583501466527537,-0.08768267946027057,-0.12840923430323625,0.8571428571428571,6511.700846438163
high_vol,E2_participation_1pct,mean-reversion,110,-0.13132646687726646,-1.6598062558713285,-0.2514622256349225,0.8926174496644296,6592.656114916326
high_vol,E2_participation_1pct,risk-parity,101,-0.31017991372667775,-3.4899527790028366,-0.43842816771303084,0.9873417721518988,7062.210372779545
high_vol,E2_participation_1pct,risk-parity,102,-0.1423539740914782,-1.1191052362900877,-0.36884306721761617,0.9791666666666666,12107.85276868712
high_vol,E2_participation_1pct,risk-parity,103,-0.13064473169227042,-1.2773236834290935,-0.3439918987278523,0.9790794979079498,6781.950053274972
high_vol,E2_participation_1pct,risk-parity,104,-0.08344091091707762,-0.6756309939218635,-0.3800501501224578,0.9832635983263598,8715.829030091976
high_vol,E2_participation_1pct,risk-parity,105,-0.05732872521697685,-0.394471015836705,-0.3496869244262998,0.9875,7582.516543525272
high_vol,E2_participation_1pct,risk-parity,106,0.058389852104646645,0.6301421600045908,-0.30154556519170894,0.9916317991631799,10500.065371538823
high_vol,E2_participation_1pct,risk-parity,107,0.06032216007490265,0.758433277164769,-0.232720584522209,0.9875,7589.634750091514
high_vol,E2_participation_1pct,risk-parity,108,0.090709769282177,0.8613294744799671,-0.3299173173131329,0.9831223628691983,8721.083925009272
high_vol,E2_participation_1pct,risk-parity,109,0.5691601290090127,4.531284757354027,-0.14838435873535416,0.9874476987447699,12345.56101136213
high_vol,E2_participation_1pct,risk-parity,110,0.0787752062957825,0.7466555540075593,-0.27694304026244676,0.9831932773109243,8643.110528896308
high_vol,E2_participation_1pct,minimum-variance,101,-0.3183225931387569,-3.622098996811937,-0.4445611875274559,0.9875,6684.757994031851
high_vol,E2_participation_1pct,minimum-variance,102,-0.07862086397998502,-0.6183096998003554,-0.3494756681110368,0.9833333333333333,9594.167805350027
high_vol,E2_participation_1pct,minimum-variance,103,-0.05680692249233199,-0.4756846682305286,-0.3161923135449527,0.9747899159663865,7042.99763409949
high_vol,E2_participation_1pct,minimum-variance,104,-0.0869932111046332,-0.6897983581224042,-0.3852396980386438,0.9831932773109243,8711.445762838928
high_vol,E2_participation_1pct,minimum-variance,105,-0.1508681819401384,-1.2032163405328407,-0.4105848637815629,0.9875,11527.610588554135
high_vol,E2_participation_1pct,minimum-variance,106,-0.02037051458941308,-0.08283785030458314,-0.32585311570737974,0.9833333333333333,8741.471905108214
high_vol,E2_participation_1pct,minimum-variance,107,0.062470968970149476,0.7744214430600815,-0.22169402889769274,0.9791666666666666,7215.608564572886
high_vol,E2_participation_1pct,minimum-variance,108,0.09623265437554296,0.9082856175433986,-0.318681685036744,0.9789915966386554,8810.244742144278
high_vol,E2_participation_1pct,minimum-variance,109,0.4662925549470154,4.165364091893664,-0.12532826847009637,0.9874476987447699,14504.935129027388
high_vol,E2_participation_1pct,minimum-variance,110,-0.08952538471508475,-0.5832685810890055,-0.34049131503733376,0.9742489270386266,14705.413192942286
high_vol,E2_participation_1pct,random,101,-0.3764484157733373,-5.334556437174023,-0.41756836790938445,0.8318181818181818,9455.41805973192
high_vol,E2_participation_1pct,random,102,-0.198957437508812,-2.0939801393391404,-0.3908894516965262,0.8826086956521739,11788.204389347553
high_vol,E2_participation_1pct,random,103,-0.14565733617960297,-1.7070064656217188,-0.3063372776932973,0.8577586206896551,10017.161115436911
high_vol,E2_participation_1pct,random,104,0.011737893190105098,0.2239884780875208,-0.2725609015512874,0.8839285714285714,11758.687125848155
high_vol,E2_participation_1pct,random,105,0.04719343415882493,0.5830830080077424,-0.24935793415755447,0.8961038961038961,12186.543035373643
high_vol,E2_participation_1pct,random,106,0.07490569478061349,0.8270146636110015,-0.24160603041407247,0.9148936170212766,13755.524955393785
high_vol,E2_participation_1pct,random,107,0.08136535266525136,1.0400054379909682,-0.18227977663614037,0.8841201716738197,12446.004940457726
high_vol,E2_participation_1pct,random,108,-0.009519584747309406,0.006593887445785152,-0.283716718774358,0.9177489177489178,13838.433313951164
high_vol,E2_participation_1pct,random,109,0.26344834713675236,2.9129919864830973,-0.10256393696556054,0.8893805309734514,13812.32923183807
high_vol,E2_participation_1pct,random,110,0.12997653504983453,1.3004264212701688,-0.2010951740978172,0.8584905660377359,11748.444716891854
high_vol,E2_harsh_corner,buy-and-hold,101,-0.33042329003116977,-3.0279778302382554,-0.4373603734392696,0.6541666666666667,11280.383083820032
high_vol,E2_harsh_corner,buy-and-hold,102,-0.24289606321726298,-1.7549468502142547,-0.43471262210087025,0.6317991631799164,13198.631721340304
high_vol,E2_harsh_corner,buy-and-hold,103,-0.15302409725420296,-0.987809840686562,-0.4331119505657104,0.6208333333333333,14393.555327208003
high_vol,E2_harsh_corner,buy-and-hold,104,-0.267904306484698,-2.0997797002323932,-0.4744620799081296,0.6833333333333333,14871.784604249893
high_vol,E2_harsh_corner,buy-and-hold,105,-0.27682389072464186,-1.7805045344555048,-0.5157109253106321,0.6416666666666667,14599.410918840269
high_vol,E2_harsh_corner,buy-and-hold,106,-0.11896807788901032,-0.6886485118456326,-0.4345360389049201,0.6625,15864.502247903332
high_vol,E2_harsh_corner,buy-and-hold,107,-0.06799017141546126,-0.46254102796092506,-0.28114091897562,0.65,13987.267742686761
high_vol,E2_harsh_corner,buy-and-hold,108,0.009384061860962856,0.22020091520725588,-0.3829288362156543,0.6666666666666666,17772.335905065156
high_vol,E2_harsh_corner,buy-and-hold,109,0.19774742840390136,1.4476674835673646,-0.25337835983657253,0.65,18834.73284498588
high_vol,E2_harsh_corner,buy-and-hold,110,-0.13684499740404654,-0.6905560302723904,-0.47256545870470557,0.6625,18817.53700866275
high_vol,E2_harsh_corner,signal-weighted,101,0.06995509310267622,1.226511938374393,-0.07244343877625559,0.6,4509.4653089270705
high_vol,E2_harsh_corner,signal-weighted,102,0.15924418171857257,2.283237427199811,-0.06885461217040856,0.6396396396396397,5052.825268922136
high_vol,E2_harsh_corner,signal-weighted,103,-0.08891824574734519,-1.2560975136406434,-0.19529610247449258,0.6033057851239669,4408.811551665414
high_vol,E2_harsh_corner,signal-weighted,104,0.24209953703293818,3.8438421560138476,-0.043397528925936735,0.6330275229357798,5114.264498358894
high_vol,E2_harsh_corner,signal-weighted,105,0.24547459103038882,2.8047007805546857,-0.09756017550954454,0.6942148760330579,7310.034277718469
high_vol,E2_harsh_corner,signal-weighted,106,0.13935855850898116,2.0390705080510014,-0.07573561464145884,0.6013986013986014,6163.000782979923
high_vol,E2_harsh_corner,signal-weighted,107,0.03182946918846907,0.49172903034874405,-0.11500267759314309,0.6232876712328768,6332.4494742203615
high_vol,E2_harsh_corner,signal-weighted,108,0.394394366744246,3.884942905032433,-0.057667881698512,0.6503496503496503,8256.76543319331
high_vol,E2_harsh_corner,signal-weighted,109,0.2277229778188028,2.889950300022844,-0.07939730759475361,0.7086092715231788,7398.995280387981
high_vol,E2_harsh_corner,signal-weighted,110,0.03288977630859047,0.4729959421607366,-0.10230097049757436,0.6492537313432836,5334.420506453077
high_vol,E2_harsh_corner,naive-momentum,101,0.05338548186164127,0.6454966809566864,-0.16520281338132314,0.5806451612903226,6834.1489063751815
high_vol,E2_harsh_corner,naive-momentum,102,-0.13469269631075675,-1.343386047313325,-0.28521312149642697,0.5751633986928104,10278.409731264823
high_vol,E2_harsh_corner,naive-momentum,103,-0.028248029450959278,-0.14352643472424223,-0.2677389225108281,0.6392405063291139,10448.60146227644
high_vol,E2_harsh_corner,naive-momentum,104,0.1729317764819427,1.9641063540124395,-0.1198643785596597,0.5774647887323944,9407.285045571818
high_vol,E2_harsh_corner,naive-momentum,105,0.25701681027000634,3.0219356930903047,-0.1174007617934506,0.6078431372549019,9687.025458463015
high_vol,E2_harsh_corner,naive-momentum,106,0.0719661988054956,0.8909982635678135,-0.16188104104737633,0.6047904191616766,9133.605053525935
high_vol,E2_harsh_corner,naive-momentum,107,0.052566642218420334,0.6710934861843623,-0.140423334628623,0.611764705882353,8771.839688970796
high_vol,E2_harsh_corner,naive-momentum,108,0.12528507169093706,1.1366177441726777,-0.24190722262987574,0.5764705882352941,13142.821838351689
high_vol,E2_harsh_corner,naive-momentum,109,0.510242490469917,3.4580347748228806,-0.16165249832371198,0.5935828877005348,16905.20824528202
high_vol,E2_harsh_corner,naive-momentum,110,0.22231344679180465,1.8310753332855192,-0.13784312868382287,0.6037735849056604,11109.997391622052
high_vol,E2_harsh_corner,mean-reversion,101,-0.4653143294502814,-4.8028363219739685,-0.49735206868668136,0.5684210526315789,10158.986750478716
high_vol,E2_harsh_corner,mean-reversion,102,-0.23774020120649375,-2.10058695730992,-0.36033432155080225,0.5666666666666667,11118.456594625342
high_vol,E2_harsh_corner,mean-reversion,103,-0.12989411122519479,-1.5903057108642396,-0.2383370760434369,0.5847953216374269,8833.618415906312
high_vol,E2_harsh_corner,mean-reversion,104,-0.4002772184887783,-4.943326699215863,-0.4686880373422331,0.6339869281045751,6810.053181867549
high_vol,E2_harsh_corner,mean-reversion,105,-0.468711423444618,-5.226457768235885,-0.5110591821473591,0.64375,9452.184210491796
high_vol,E2_harsh_corner,mean-reversion,106,-0.08167073618912202,-0.6649688887910402,-0.26342952879069437,0.5849056603773585,10389.192174756668
high_vol,E2_harsh_corner,mean-reversion,107,-0.011497413506805998,-0.0039479634445456074,-0.24837536620746448,0.6405228758169934,10166.328944777077
high_vol,E2_harsh_corner,mean-reversion,108,-0.28561361410222963,-3.175351952284462,-0.3819214960127113,0.5763888888888888,8593.44493007538
high_vol,E2_harsh_corner,mean-reversion,109,0.10934829048098305,1.121877492886454,-0.1656495476704476,0.556390977443609,10557.704166293732
high_vol,E2_harsh_corner,mean-reversion,110,-0.06776628096900439,-0.39285547987181746,-0.2526016881489124,0.5906432748538012,13067.078632227796
high_vol,E2_harsh_corner,risk-parity,101,-0.4481568635422637,-4.025275878850804,-0.5869071670643597,0.6625,13312.999644507805
high_vol,E2_harsh_corner,risk-parity,102,-0.10318142243730999,-0.5415993399605736,-0.41247546456253836,0.65,20499.3936271854
high_vol,E2_harsh_corner,risk-parity,103,-0.17941317877795215,-1.291354141263257,-0.3542704839078742,0.6583333333333333,15036.7009239081
high_vol,E2_harsh_corner,risk-parity,104,-0.29167967502053693,-2.4740331947300227,-0.48293859444215026,0.6541666666666667,13573.606903749196
high_vol,E2_harsh_corner,risk-parity,105,-0.10596238486167597,-0.5321619167616378,-0.38361716097214427,0.6333333333333333,16112.96754085741
high_vol,E2_harsh_corner,risk-parity,106,-0.02600812915883466,-0.09952296546061494,-0.2840847061490194,0.6861924686192469,11559.799076385036
high_vol,E2_harsh_corner,risk-parity,107,0.15019507196218007,1.1345581033224155,-0.30139981572892105,0.65,16974.143098034012
high_vol,E2_harsh_corner,risk-parity,108,0.12955392290207302,1.005035947985319,-0.36853415206823303,0.6485355648535565,16551.36677813363
high_vol,E2_harsh_corner,risk-parity,109,0.1964982981182697,1.4024925035027684,-0.2543097869894212,0.65,18932.80817047303
high_vol,E2_harsh_corner,risk-parity,110,0.2827702123536502,1.823489067495055,-0.26431900717626866,0.6652719665271967,16791.288770277435
high_vol,E2_harsh_corner,minimum-variance,101,-0.44152097990745587,-3.978336446844168,-0.5812090450243852,0.675,13255.898733220502
high_vol,E2_harsh_corner,minimum-variance,102,-0.09976491946967903,-0.5171284659166251,-0.41166525852288705,0.6375,20516.83404874875
high_vol,E2_harsh_corner,minimum-variance,103,-0.18034792460710125,-1.3078138256938705,-0.3536975856756128,0.6666666666666666,15020.092153360923
high_vol,E2_harsh_corner,minimum-variance,104,-0.2931927872249641,-2.4659180799423965,-0.48338055832682525,0.6736401673640168,13950.009385065508
high_vol,E2_harsh_corner,minimum-variance,105,-0.14332043500917502,-1.0030903509676898,-0.4051383039601625,0.6541666666666667,14858.199709124214
high_vol,E2_harsh_corner,minimum-variance,106,-0.025795438717339247,-0.09737691107940498,-0.2842479596337447,0.6820083682008368,11586.327749837172
high_vol,E2_harsh_corner,minimum-variance,107,0.15019435944697368,1.1345541089062425,-0.3013997995467351,0.6554621848739496,16974.21308014581
high_vol,E2_harsh_corner,minimum-variance,108,0.12787238853511362,0.9945545199566562,-0.36907892775003504,0.6694560669456067,16553.535309374874
high_vol,E2_harsh_corner,minimum-variance,109,0.11801452441461024,0.9798013580620512,-0.27019194528584434,0.6317991631799164,18422.54533104448
high_vol,E2_harsh_corner,minimum-variance,110,0.031148701128197898,0.36005503704222425,-0.30813989967302824,0.5897435897435898,18894.13224809461
high_vol,E2_harsh_corner,random,101,-0.33248715433049847,-3.615458738718764,-0.4491217078359113,0.6255924170616114,9877.213996379203
high_vol,E2_harsh_corner,random,102,0.019252960732835334,0.2845184384022476,-0.2652419628316307,0.6431718061674009,14779.981470940065
high_vol,E2_harsh_corner,random,103,-0.15985598140142687,-1.7325063518921782,-0.3546958175235355,0.6017316017316018,10021.928981632629
high_vol,E2_harsh_corner,random,104,-0.2948249368954783,-2.7820998920719577,-0.4537925734050915,0.6863636363636364,13754.288666752294
high_vol,E2_harsh_corner,random,105,-0.14674051954388878,-0.9383020827361966,-0.41361693401643373,0.6711111111111111,15631.039380755266
high_vol,E2_harsh_corner,random,106,-0.1232060293715137,-0.7953381366247128,-0.43191507099915427,0.6771300448430493,15812.383965361963
high_vol,E2_harsh_corner,random,107,0.27857585405730667,1.9950232115871345,-0.26318219883021676,0.7072072072072072,16862.88203838711
high_vol,E2_harsh_corner,random,108,0.011177243831847372,0.22365422491353287,-0.41459353341474703,0.6367713004484304,15186.498482642866
high_vol,E2_harsh_corner,random,109,0.21994855138461977,1.8015129306870195,-0.20588413449681608,0.6877828054298643,15831.696477623385
high_vol,E2_harsh_corner,random,110,0.13301409868736025,1.1855409810763502,-0.24328840647485672,0.6388888888888888,14349.986500814985
jump_tail,E0_ideal,buy-and-hold,201,0.22052662641301923,1.3317862962264928,-0.3279997327019848,1.0,68.64315738968463
jump_tail,E0_ideal,buy-and-hold,202,-0.10102572122400533,-0.649134627838734,-0.3407002060462786,1.0,48.210538164708304
jump_tail,E0_ideal,buy-and-hold,203,0.42940222731916666,2.550902978418287,-0.18853473510367014,1.0,61.640437775745674
jump_tail,E0_ideal,buy-and-hold,204,0.21491056833582767,1.3221693905368432,-0.22003415032418805,1.0,69.4756689700645
jump_tail,E0_ideal,buy-and-hold,205,-0.07071743439195044,-0.20744799006605666,-0.4045095456676089,1.0,59.843982013520396
jump_tail,E0_ideal,buy-and-hold,206,0.07489566613920884,0.5799013206366513,-0.2869585632535404,1.0,57.01782074413357
jump_tail,E0_ideal,buy-and-hold,207,0.4801795232500854,2.5397321667400936,-0.20138284316097232,1.0,65.05656643640108
jump_tail,E0_ideal,buy-and-hold,208,0.2330525783810351,1.205741473698354,-0.36807882284081206,1.0,73.89389741889623
jump_tail,E0_ideal,buy-and-hold,209,0.345115402943593,1.8993523323626866,-0.2117085497068768,1.0,65.71759235888491
jump_tail,E0_ideal,buy-and-hold,210,-0.10922731226834304,-0.5053931092553757,-0.2975994965248433,1.0,56.459109157995165
jump_tail,E0_ideal,signal-weighted,201,0.19681938339295457,1.8268131333681514,-0.1287739232450278,1.0,246.64011785518863
jump_tail,E0_ideal,signal-weighted,202,0.05092800610251347,0.7908794575821161,-0.12099456799454833,1.0,152.7580823492076
jump_tail,E0_ideal,signal-weighted,203,0.12603662704996066,1.644535681525279,-0.08154807809376297,1.0,255.20248013714414
jump_tail,E0_ideal,signal-weighted,204,0.24035878640187303,1.8778155714399718,-0.11034926151238134,1.0,194.0150285137535
jump_tail,E0_ideal,signal-weighted,205,0.22219285697014857,2.38376930320386,-0.1419307892856947,1.0,237.77164015509865
jump_tail,E0_ideal,signal-weighted,206,0.07392530390049035,0.7943099694492219,-0.10317810429382712,1.0,205.52617902654737
jump_tail,E0_ideal,signal-weighted,207,0.07026431423970747,0.7743545604806059,-0.14973684469214898,1.0,277.7030996985496
jump_tail,E0_ideal,signal-weighted,208,0.27779633475168763,1.917162941500294,-0.14580654193789466,1.0,251.86521759335852
jump_tail,E0_ideal,signal-weighted,209,0.08641105562762785,0.8610496783416535,-0.07466954879821319,1.0,188.61286254179976
jump_tail,E0_ideal,signal-weighted,210,-0.03740855567899681,-0.3424025185026466,-0.11246784363484719,1.0,193.6877115236903
jump_tail,E0_ideal,naive-momentum,201,0.43113363403622285,3.4829533751185386,-0.0649064542102592,1.0,314.9211870807141
jump_tail,E0_ideal,naive-momentum,202,-0.04492438555257516,-0.4122953421772936,-0.22975011556095593,1.0,308.64155286321073
jump_tail,E0_ideal,naive-momentum,203,0.26167372802432487,2.247213048076729,-0.16997592331259415,1.0,427.76519470687396
jump_tail,E0_ideal,naive-momentum,204,0.36688488410358633,2.6357171627176146,-0.14884423586261608,1.0,325.065833710655
jump_tail,E0_ideal,naive-momentum,205,-0.02827639429897788,-0.15238946796963354,-0.265575008333197,1.0,372.7800905417964
jump_tail,E0_ideal,naive-momentum,206,0.23725713255280279,2.104712422207376,-0.13813044488440396,1.0,307.1453448533187
jump_tail,E0_ideal,naive-momentum,207,0.34196168039538777,2.242846030419143,-0.11568507203840639,1.0,368.25504805917296
jump_tail,E0_ideal,naive-momentum,208,0.46527453703791477,2.8831886182100415,-0.19244860922143925,1.0,376.5897943984516
jump_tail,E0_ideal,naive-momentum,209,0.11078306741380795,0.9287664160876157,-0.12667331536129212,1.0,375.2359164570409
jump_tail,E0_ideal,naive-momentum,210,-0.08842712022839871,-0.6683863729949664,-0.1993466636108282,1.0,359.46676314180127
jump_tail,E0_ideal,mean-reversion,201,-0.15627525515517893,-1.194492950622509,-0.3012286553049962,1.0,268.459242831569
jump_tail,E0_ideal,mean-reversion,202,-0.09550836992111722,-0.8686420314840191,-0.17737100056221078,1.0,288.645883974281
jump_tail,E0_ideal,mean-reversion,203,0.11056772360078959,1.3753716426558436,-0.10298669141863304,1.0,371.22275858483164
jump_tail,E0_ideal,mean-reversion,204,-0.09301547259328913,-0.8281934316027162,-0.22601126765035628,1.0,227.05000660100401
jump_tail,E0_ideal,mean-reversion,205,-0.10663778192132112,-0.7828191157431692,-0.24402250747579746,1.0,306.46783393185393
jump_tail,E0_ideal,mean-reversion,206,-0.09250531905575266,-0.5702340307744603,-0.18166459438801474,1.0,275.00342734099456
jump_tail,E0_ideal,mean-reversion,207,0.05639655950224487,0.7728429123815745,-0.09685415354435889,1.0,315.1790078972866
jump_tail,E0_ideal,mean-reversion,208,-0.22063273625300417,-2.03327322187434,-0.3001320898568558,1.0,239.82078054981065
jump_tail,E0_ideal,mean-reversion,209,0.1515701071885336,1.6544872184795902,-0.1102796868727508,1.0,350.121277304208
jump_tail,E0_ideal,mean-reversion,210,-0.027850709297267406,-0.12894802486665882,-0.20474797835760117,1.0,335.5055817624409
jump_tail,E0_ideal,risk-parity,201,0.1908132145002377,1.2026658705567157,-0.3289239622716258,1.0,97.72352497146646
jump_tail,E0_ideal,risk-parity,202,-0.09362109485194303,-0.5968229084560933,-0.3352937765827455,1.0,59.939754333304556
jump_tail,E0_ideal,risk-parity,203,0.43378894301020177,2.581091996988342,-0.18478104001425544,1.0,91.07800534745284
jump_tail,E0_ideal,risk-parity,204,0.2079130144092436,1.372211789152681,-0.21704568586384965,1.0,107.48529159182347
jump_tail,E0_ideal,risk-parity,205,-0.048916149060731495,-0.08335733730270685,-0.3975933739344445,1.0,89.79955466484448
jump_tail,E0_ideal,risk-parity,206,0.0434309861712292,0.42315787349493406,-0.2865451062554957,1.0,77.84921494028119
jump_tail,E0_ideal,risk-parity,207,0.4821927649123352,2.707471233929661,-0.1921219550487704,1.0,94.5223196840215
jump_tail,E0_ideal,risk-parity,208,0.2402615297142794,1.2396149297977557,-0.3613787017437182,1.0,91.959299804658
jump_tail,E0_ideal,risk-parity,209,0.34437471373570205,1.9052084450587676,-0.2063426957964024,1.0,87.5709241463427
jump_tail,E0_ideal,risk-parity,210,-0.11216697799014974,-0.55705317908412,-0.2705290998790745,1.0,77.98002180852653
jump_tail,E0_ideal,minimum-variance,201,0.20030766932314803,1.2607228328797495,-0.32743419594668,1.0,93.7632601004302
jump_tail,E0_ideal,minimum-variance,202,-0.10084925454324578,-0.6476401713577633,-0.34152380328209586,1.0,53.34962684997302
jump_tail,E0_ideal,minimum-variance,203,0.42644413056318564,2.539492587109541,-0.18853473510367003,1.0,66.58441452932149
jump_tail,E0_ideal,minimum-variance,204,0.183982591397007,1.1924650666731444,-0.2156347960394105,1.0,96.83328819840084
jump_tail,E0_ideal,minimum-variance,205,-0.052366281237603896,-0.1010631309614022,-0.4045664869644249,1.0,96.82449242678041
jump_tail,E0_ideal,minimum-variance,206,0.06709020943451982,0.5429787318183771,-0.2869585632535405,1.0,75.32114177158749
jump_tail,E0_ideal,minimum-variance,207,0.4943630029295203,2.6789790209722,-0.20138284316097232,1.0,85.98605185084524
jump_tail,E0_ideal,minimum-variance,208,0.25902237903134484,1.3153063415054782,-0.36807882284081195,1.0,96.74605766058266
jump_tail,E0_ideal,minimum-variance,209,0.34511540294359344,1.89935233236269,-0.2117085497068768,1.0,65.71759235888493
jump_tail,E0_ideal,minimum-variance,210,-0.10419298039587876,-0.47996470388337736,-0.29034870359463627,1.0,67.62897926947717
jump_tail,E0_ideal,random,201,0.22634796184682293,1.6245783218618703,-0.22723990506904568,1.0,1007.8635303058675
jump_tail,E0_ideal,random,202,-0.10826912373967668,-0.9893543439693414,-0.2752205124598678,1.0,829.3690626380217
jump_tail,E0_ideal,random,203,0.3659215607848163,2.6518378814060726,-0.16342990261252277,1.0,948.7796850477688
jump_tail,E0_ideal,random,204,0.33547366576183113,2.0231441285199456,-0.1441285690489824,1.0,766.3730345167451
jump_tail,E0_ideal,random,205,-8.875831116239574e-05,0.15652138045177508,-0.3125346190647941,1.0,728.8584601682453
jump_tail,E0_ideal,random,206,0.18530359255358464,1.2544773790401562,-0.13178759982158195,1.0,838.7402191728747
jump_tail,E0_ideal,random,207,0.3969873364593721,2.6346244723326886,-0.11878629268880347,1.0,886.0143091691496
jump_tail,E0_ideal,random,208,0.2944577853391188,1.5854012177262315,-0.2775305468245225,1.0,984.8053132558385
jump_tail,E0_ideal,random,209,0.17471006423102287,1.2423203135804757,-0.15394639086947393,1.0,926.9992574460432
jump_tail,E0_ideal,random,210,-0.18525214593493566,-1.5679167440172865,-0.2995440045058816,1.0,741.6334992304155
jump_tail,E1_default_stress,buy-and-hold,201,0.20619451214698326,1.1928507928322516,-0.33726421278086816,0.9875,17045.60562822944
jump_tail,E1_default_stress,buy-and-hold,202,-0.20810094300207038,-1.59637771180397,-0.38692734772824333,0.9748953974895398,7640.131431651109
jump_tail,E1_default_stress,buy-and-hold,203,0.33703745960859344,1.9214784155923104,-0.23166643786480734,0.9875,13725.67426517984
jump_tail,E1_default_stress,buy-and-hold,204,0.2765939916646647,1.4942459008382514,-0.22852969681030588,0.9875,17478.257293522245
jump_tail,E1_default_stress,buy-and-hold,205,-0.10153574233440332,-0.39886769235175573,-0.3768761407942639,0.9874476987447699,12059.92634262443
jump_tail,E1_default_stress,buy-and-hold,206,-0.10122041718277064,-0.3482412781716256,-0.3435502066144419,0.9832635983263598,10741.5953444275
jump_tail,E1_default_stress,buy-and-hold,207,0.0876381337652632,0.6932064694331643,-0.2388769783018061,0.9833333333333333,10449.549893413134
jump_tail,E1_default_stress,buy-and-hold,208,0.07988594681022221,0.5867779346965808,-0.34200915943331733,0.9665271966527197,14421.644333927068
jump_tail,E1_default_stress,buy-and-hold,209,0.19115355032053527,1.2299097130555912,-0.17673827250046148,0.9916666666666667,11091.43732902397
jump_tail,E1_default_stress,buy-and-hold,210,-0.15085857340566178,-0.5330042159319546,-0.38326019182097526,0.975,12453.151563559753
jump_tail,E1_default_stress,signal-weighted,201,0.20669138501181705,1.7156601744991602,-0.133519114137995,0.9166666666666666,9322.208408842733
jump_tail,E1_default_stress,signal-weighted,202,-0.055767617676199865,-0.5172495170767734,-0.20863900419608317,0.8990825688073395,5364.552777250722
jump_tail,E1_default_stress,signal-weighted,203,0.2791395358563362,2.2405353858082258,-0.08224172272181562,0.8896551724137931,9365.43062829398
jump_tail,E1_default_stress,signal-weighted,204,0.018594231349655654,0.28398761506255216,-0.23284967250776356,0.9064748201438849,9250.823322772301
jump_tail,E1_default_stress,signal-weighted,205,0.18326024330968327,1.6434409092227173,-0.17341372839136926,0.8947368421052632,9522.457844211884
jump_tail,E1_default_stress,signal-weighted,206,-0.10487306259796447,-0.8473448143399226,-0.2420861003947019,0.8828125,7708.677488853283
jump_tail,E1_default_stress,signal-weighted,207,0.15049957975947126,1.169972799174566,-0.14391057929334172,0.8552631578947368,10366.05892722243
jump_tail,E1_default_stress,signal-weighted,208,0.5123089083391155,2.8116413288143227,-0.10133232815143389,0.9172413793103448,17781.402808742747
jump_tail,E1_default_stress,signal-weighted,209,-0.1050968010722777,-0.6071029421524279,-0.1707596298368097,0.9172413793103448,7980.275214465208
jump_tail,E1_default_stress,signal-weighted,210,-0.13156738466617968,-1.3640419785734503,-0.19409277534733993,0.8833333333333333,6122.224422196205
jump_tail,E1_default_stress,naive-momentum,201,0.15383258464306082,1.2328021724965663,-0.1686101371484673,0.8881987577639752,11597.165676402496
jump_tail,E1_default_stress,naive-momentum,202,-0.055941256541756745,-0.4727873211047161,-0.24706374189540936,0.8723404255319149,8059.751841712075
jump_tail,E1_default_stress,naive-momentum,203,0.14575276773915036,1.1974618058614674,-0.1808867983095892,0.8802395209580839,11773.96109863863
jump_tail,E1_default_stress,naive-momentum,204,0.26986892289074804,1.5993817582687997,-0.20311034598586464,0.8909090909090909,15336.696495156812
jump_tail,E1_default_stress,naive-momentum,205,-0.23990208843144845,-1.5812275068757968,-0.4275557411943409,0.8881987577639752,12470.159336471994
jump_tail,E1_default_stress,naive-momentum,206,0.15901367721285875,1.0474272104379538,-0.24056002776929142,0.8486842105263158,11925.06879385839
jump_tail,E1_default_stress,naive-momentum,207,0.29358217640875073,1.9772524054991685,-0.12480362508148402,0.8713450292397661,15846.003895187783
jump_tail,E1_default_stress,naive-momentum,208,0.20730697684008703,1.4283025521311934,-0.20204684544634477,0.8924050632911392,15311.027575243006
jump_tail,E1_default_stress,naive-momentum,209,-0.19182649275579877,-1.0542095060864642,-0.3397607610065094,0.8735632183908046,10288.510044422566
jump_tail,E1_default_stress,naive-momentum,210,-0.060709962552707775,-0.256949331221246,-0.13637521402058062,0.8590604026845637,10070.022541742448
jump_tail,E1_default_stress,mean-reversion,201,-0.12900061552350828,-0.8356260699774161,-0.3198249507974813,0.8846153846153846,10323.294318514962
jump_tail,E1_default_stress,mean-reversion,202,-0.15371975286338246,-1.384134253445993,-0.23810088207503732,0.8666666666666667,8664.298421191375
jump_tail,E1_default_stress,mean-reversion,203,-0.06942058161177445,-0.7452301376464475,-0.17026458506075237,0.8857142857142857,8185.3879691916545
jump_tail,E1_default_stress,mean-reversion,204,-0.3115440306491245,-2.788677433780922,-0.3643473231946356,0.9008264462809917,8827.272340846432
jump_tail,E1_default_stress,mean-reversion,205,-0.05280418256059305,-0.22931505634919536,-0.24743696233850665,0.8807947019867549,10280.443846603384
jump_tail,E1_default_stress,mean-reversion,206,-0.1765213047237344,-1.1424342866952404,-0.22687868646203468,0.8881578947368421,10463.649697384006
jump_tail,E1_default_stress,mean-reversion,207,-0.21609178417165342,-1.4087922258643306,-0.3405750229257113,0.8695652173913043,9837.211845216898
jump_tail,E1_default_stress,mean-reversion,208,-0.2847415387497746,-2.302103796918038,-0.3076249499354846,0.889763779527559,8710.081915912282
jump_tail,E1_default_stress,mean-reversion,209,0.17306458607246133,1.5064954508530168,-0.12263226693917118,0.8731343283582089,10348.833197184927
jump_tail,E1_default_stress,mean-reversion,210,-0.039654644530504934,-0.14858485604164567,-0.22111537141341464,0.896969696969697,11869.865865968623
jump_tail,E1_default_stress,risk-parity,201,0.03862351975003553,0.4007397851987751,-0.3296609347269861,0.9874476987447699,15408.606187961335
jump_tail,E1_default_stress,risk-parity,202,-0.11644024925053298,-0.6882493426914614,-0.36882478537290186,0.9791666666666666,7060.140548149282
jump_tail,E1_default_stress,risk-parity,203,0.2281958894284053,1.5616160180249463,-0.23594804987088314,0.9832635983263598,11317.19418720346
jump_tail,E1_default_stress,risk-parity,204,0.005810303676091921,0.20707785915019652,-0.2625327214795642,0.975,10853.611638565983
jump_tail,E1_default_stress,risk-parity,205,-0.02355190030296128,0.08078757916395715,-0.3951902068880958,0.9831932773109243,12467.77025678147
jump_tail,E1_default_stress,risk-parity,206,-0.19243551492898736,-0.939848442666615,-0.36174652628197657,0.9791666666666666,8168.562987940657
jump_tail,E1_default_stress,risk-parity,207,0.30742445259847306,1.7837602562858206,-0.19558861479472744,0.9875,16755.980930367925
jump_tail,E1_default_stress,risk-parity,208,0.10727247277924823,0.7029289841673066,-0.35397459072599147,0.9583333333333334,14579.04488802394
jump_tail,E1_default_stress,risk-parity,209,0.20125017162934045,1.3672073474311766,-0.20972711473767958,0.9875,10573.948286051438
jump_tail,E1_default_stress,risk-parity,210,-0.16688075671809466,-0.8169656348277634,-0.31257660756151606,0.9875,10112.000516305074
jump_tail,E1_default_stress,minimum-variance,201,0.006613709874947915,0.2183110648396911,-0.33894969104569606,0.9831932773109243,14798.189424038688
jump_tail,E1_default_stress,minimum-variance,202,-0.12671692649275068,-0.7443263924811595,-0.37368161346749884,0.9789029535864979,9639.058133777018
jump_tail,E1_default_stress,minimum-variance,203,0.2554877765204717,1.6013514416278771,-0.24383341976760786,0.9790794979079498,11709.275451919239
jump_tail,E1_default_stress,minimum-variance,204,-0.13337681158976333,-0.5642768004603954,-0.3418851460555381,0.9703389830508474,13271.374637236815
jump_tail,E1_default_stress,minimum-variance,205,-0.12022558029536468,-0.5065485876289251,-0.43428288841441953,0.9791666666666666,12567.189196614898
jump_tail,E1_default_stress,minimum-variance,206,-0.28209057989486197,-1.4303006611114932,-0.453199203670669,0.9875,13529.907697511253
jump_tail,E1_default_stress,minimum-variance,207,0.31064466556186954,1.611656254251797,-0.21425467269310827,0.9833333333333333,18382.80350513058
jump_tail,E1_default_stress,minimum-variance,208,0.02569842849557502,0.3451169845878888,-0.37698956501218894,0.9708333333333333,17058.341417536092
jump_tail,E1_default_stress,minimum-variance,209,0.22592411696685555,1.4570883884436978,-0.24081956089083711,0.9875,12061.406907906674
jump_tail,E1_default_stress,minimum-variance,210,-0.18105898139985777,-0.8845798666240305,-0.33359926279148977,0.9833333333333333,13005.564691717063
jump_tail,E1_default_stress,random,201,-0.2304748497852196,-1.7937162960509856,-0.3762174689458524,0.8938053097345132,14230.60550565609
jump_tail,E1_default_stress,random,202,-0.12023570890641155,-1.0724598273745474,-0.2941998715735,0.8933333333333333,11599.61305770255
jump_tail,E1_default_stress,random,203,-0.05730410086609339,-0.40602985612875064,-0.20939890992698706,0.8706896551724138,14664.992228422869
jump_tail,E1_default_stress,random,204,-0.19870478682220882,-0.8647887706153193,-0.4410460313337864,0.923728813559322,16645.951383180043
jump_tail,E1_default_stress,random,205,-0.0705979908208011,-0.2363226877734825,-0.38290676331735185,0.8706896551724138,17639.85489058144
jump_tail,E1_default_stress,random,206,-0.20218731166942072,-1.654691550423342,-0.30570221440812273,0.8458149779735683,14947.568852578102
jump_tail,E1_default_stress,random,207,0.3379186870969253,1.9498481246622112,-0.16802861210149245,0.8738738738738738,16571.70779805535
jump_tail,E1_default_stress,random,208,-0.15761125672120835,-0.6718076061215222,-0.41006462033680635,0.9141630901287554,18047.911452290802
jump_tail,E1_default_stress,random,209,0.11402067410047434,0.8481223717846561,-0.19109603117016172,0.9074889867841409,15752.130566778838
jump_tail,E1_default_stress,random,210,0.07541009518588115,0.5789102594669889,-0.27026271611581576,0.8826086956521739,19202.576993495295
jump_tail,E2_spread_20bps,buy-and-hold,201,0.16736178850024186,1.0183682312257756,-0.3438715960736608,0.9875,21265.548049206034
jump_tail,E2_spread_20bps,buy-and-hold,202,-0.22718492944450341,-1.7789308798466748,-0.39763267459823093,0.9705882352941176,10001.815729427053
jump_tail,E2_spread_20bps,buy-and-hold,203,0.2996283404221525,1.749450662370991,-0.23756685213492124,0.9875,17292.55450773182
jump_tail,E2_spread_20bps,buy-and-hold,204,0.23359700594964994,1.3124801162512452,-0.24605631713131682,0.9875,21753.14404264721
jump_tail,E2_spread_20bps,buy-and-hold,205,-0.12542743014960578,-0.5471182351475934,-0.3872450778915715,0.9874476987447699,14841.752754632924
jump_tail,E2_spread_20bps,buy-and-hold,206,-0.1264093988697309,-0.4946619403271654,-0.3488304416146425,0.9791666666666666,13563.283143462912
jump_tail,E2_spread_20bps,buy-and-hold,207,0.05827514394815103,0.5206361386178578,-0.24979893327749003,0.9832635983263598,13284.185734935416
jump_tail,E2_spread_20bps,buy-and-hold,208,0.052071959864371964,0.46617438717443843,-0.3452669439556151,0.9708333333333333,17412.199115773037
jump_tail,E2_spread_20bps,buy-and-hold,209,0.16393184196092325,1.091008733948499,-0.18446218344241372,0.9875,13858.493904669049
jump_tail,E2_spread_20bps,buy-and-hold,210,-0.17584703454300932,-0.6688657301986048,-0.3896469872877869,0.9791666666666666,15324.308202014918
jump_tail,E2_spread_20bps,signal-weighted,201,0.1805501686944544,1.5298470144447032,-0.138581189744013,0.9166666666666666,11859.89918478088
jump_tail,E2_spread_20bps,signal-weighted,202,-0.07025697438080936,-0.6828802237739269,-0.21701400891639555,0.8990825688073395,6966.1717703229115
jump_tail,E2_spread_20bps,signal-weighted,203,0.2512515647675777,2.053248642095753,-0.08793239968883049,0.8896551724137931,11853.407444617458
jump_tail,E2_spread_20bps,signal-weighted,204,-0.002465595358367767,0.1488823941374887,-0.2398938342799033,0.9064748201438849,11390.717290535418
jump_tail,E2_spread_20bps,signal-weighted,205,0.15732944630463352,1.442521487883282,-0.18112363882879723,0.9022556390977443,12068.489836637182
jump_tail,E2_spread_20bps,signal-weighted,206,-0.12160825932091046,-1.0106926129623273,-0.25151522561134065,0.8828125,9634.346334664056
jump_tail,E2_spread_20bps,signal-weighted,207,0.12091938111933076,0.9792428006429165,-0.15184422131828135,0.8618421052631579,12906.056937978168
jump_tail,E2_spread_20bps,signal-weighted,208,0.469980615756755,2.629744338474881,-0.10708718047671384,0.9172413793103448,21631.141649220543
jump_tail,E2_spread_20bps,signal-weighted,209,-0.1232449869951382,-0.7477397234168589,-0.18020264370935812,0.9172413793103448,9884.909819225104
jump_tail,E2_spread_20bps,signal-weighted,210,-0.14699778622101423,-1.5527018464341216,-0.20441938438429275,0.8833333333333333,7823.914158679567
jump_tail,E2_spread_20bps,naive-momentum,201,0.12052537590139467,1.0082505555744306,-0.17318266875117017,0.8888888888888888,14733.479034934877
jump_tail,E2_spread_20bps,naive-momentum,202,-0.07857073454349561,-0.7169820623287679,-0.25918307451727063,0.85,10483.786898249014
jump_tail,E2_spread_20bps,naive-momentum,203,0.11362891912824646,0.9737944200465459,-0.1870631349038896,0.8862275449101796,14895.439669675665
jump_tail,E2_spread_20bps,naive-momentum,204,0.23352804532221727,1.4254809543712914,-0.20783521056906873,0.896969696969697,18445.029427634025
jump_tail,E2_spread_20bps,naive-momentum,205,-0.2614828967769802,-1.7642778756674706,-0.4380500688954916,0.8881987577639752,15355.49941411246
jump_tail,E2_spread_20bps,naive-momentum,206,0.12763227583842696,0.8849663626199075,-0.24574615708316683,0.8543046357615894,15027.392029247874
jump_tail,E2_spread_20bps,naive-momentum,207,0.25026929342300197,1.7343007852517465,-0.1334889714566898,0.8713450292397661,19274.50919343536
jump_tail,E2_spread_20bps,naive-momentum,208,0.173529488130008,1.2363356870240487,-0.2120755409561007,0.8987341772151899,18582.117210637625
jump_tail,E2_spread_20bps,naive-momentum,209,-0.21524584511046618,-1.2236084602427746,-0.35132698868203904,0.8685714285714285,13075.579721826773
jump_tail,E2_spread_20bps,naive-momentum,210,-0.08648956705782596,-0.4403283367899006,-0.14473612077947862,0.8590604026845637,12674.670381881071
jump_tail,E2_spread_20bps,mean-reversion,201,-0.1489440861779897,-1.0019473500293927,-0.32393467790074326,0.8923076923076924,12654.422619441428
jump_tail,E2_spread_20bps,mean-reversion,202,-0.17685594130002735,-1.6340664688505695,-0.25433259634819594,0.8727272727272727,11228.611856778345
jump_tail,E2_spread_20bps,mean-reversion,203,-0.09315761091211516,-1.0426914327645385,-0.17921070524063754,0.8848920863309353,10573.106946077049
jump_tail,E2_spread_20bps,mean-reversion,204,-0.3284996411997805,-2.9779323681427874,-0.37870051977785646,0.9008264462809917,10913.963366090295
jump_tail,E2_spread_20bps,mean-reversion,205,-0.07705504752117998,-0.40991719610322125,-0.25514620463944204,0.8866666666666667,12581.853699500634
jump_tail,E2_spread_20bps,mean-reversion,206,-0.19886220031323276,-1.325359538639718,-0.2443021502085022,0.8874172185430463,12942.465905220623
jump_tail,E2_spread_20bps,mean-reversion,207,-0.23964478699986969,-1.6023898941162227,-0.35795869692194615,0.8768115942028986,12244.402526678941
jump_tail,E2_spread_20bps,mean-reversion,208,-0.30168656344357137,-2.4765697362476353,-0.31871535562904363,0.890625,10754.640172086642
jump_tail,E2_spread_20bps,mean-reversion,209,0.14371020342118856,1.2851290794862686,-0.12776831208225914,0.8666666666666667,13173.647576049341
jump_tail,E2_spread_20bps,mean-reversion,210,-0.06812158118151079,-0.362420816801461,-0.22856072993584253,0.896969696969697,14697.729880584953
jump_tail,E2_spread_20bps,risk-parity,201,0.006639673968908522,0.2183701530575481,-0.33731186285122206,0.9875,19101.854900649465
jump_tail,E2_spread_20bps,risk-parity,202,-0.13352165485083822,-0.8209640298093255,-0.37661922121329017,0.9791666666666666,9101.770514494287
jump_tail,E2_spread_20bps,risk-parity,203,0.1967503743433574,1.3824459979017962,-0.24420575509990372,0.9830508474576272,14381.927662101909
jump_tail,E2_spread_20bps,risk-parity,204,-0.01916269247602842,0.05435824447487819,-0.2771729690608469,0.9708333333333333,13630.37145718643
jump_tail,E2_spread_20bps,risk-parity,205,-0.04840221119241073,-0.05162335402230928,-0.404478833241552,0.9832635983263598,15373.901091118285
jump_tail,E2_spread_20bps,risk-parity,206,-0.21263272859662274,-1.0734993150480592,-0.3670011969160333,0.975,10434.658932334478
jump_tail,E2_spread_20bps,risk-parity,207,0.2639762902239673,1.5786277117759846,-0.20191332719623978,0.9875,20493.438676311755
jump_tail,E2_spread_20bps,risk-parity,208,0.0795560452725812,0.5855185310777652,-0.35666872643983594,0.9541666666666667,17610.229112368655
jump_tail,E2_spread_20bps,risk-parity,209,0.17546712895760574,1.2255180293629393,-0.21482951367459413,0.9916666666666667,13180.654785386138
jump_tail,E2_spread_20bps,risk-parity,210,-0.18631518205706166,-0.945977608324072,-0.3167419729339773,0.9875,12373.52080252065
jump_tail,E2_spread_20bps,minimum-variance,201,-0.023304899052254302,0.042723782198579516,-0.34603801109513754,0.9831932773109243,18301.05366756092
jump_tail,E2_spread_20bps,minimum-variance,202,-0.1503484656005687,-0.9258963425716531,-0.3861268732262184,0.9831223628691983,12337.091899195537
jump_tail,E2_spread_20bps,minimum-variance,203,0.22466848078023838,1.4439494218738727,-0.24965116964984246,0.9790794979079498,14726.110892880677
jump_tail,E2_spread_20bps,minimum-variance,204,-0.16245457357228177,-0.7434357809975599,-0.35956814672520687,0.9704641350210971,16407.97572412157
jump_tail,E2_spread_20bps,minimum-variance,205,-0.14333768040510797,-0.6514331864279388,-0.443651142319474,0.9791666666666666,15356.446135317316
jump_tail,E2_spread_20bps,minimum-variance,206,-0.31423613083729784,-1.6501573709995543,-0.46417240271799043,0.9833333333333333,17257.673994298508
jump_tail,E2_spread_20bps,minimum-variance,207,0.2630365232804648,1.4165940385490443,-0.22005301548467882,0.9833333333333333,22820.943481418064
jump_tail,E2_spread_20bps,minimum-variance,208,-0.007169590283908067,0.1915856716051776,-0.3875055894847883,0.9666666666666667,20907.023735043134
jump_tail,E2_spread_20bps,minimum-variance,209,0.19598936522691623,1.3010243519197346,-0.24523404366443535,0.9916666666666667,14979.036671037562
jump_tail,E2_spread_20bps,minimum-variance,210,-0.20728535080585964,-1.05755553570411,-0.34957899936520265,0.9833333333333333,15954.951810033348
jump_tail,E2_spread_20bps,random,201,-0.26119413803290814,-2.090824868689672,-0.3925961069152313,0.8893805309734514,17780.08495513043
jump_tail,E2_spread_20bps,random,202,-0.1516589347270163,-1.4090814631676447,-0.3112357638061085,0.8933333333333333,14913.950803449614
jump_tail,E2_spread_20bps,random,203,-0.09364312252170859,-0.7534220356635032,-0.23161372924451074,0.8706896551724138,18384.317680917477
jump_tail,E2_spread_20bps,random,204,-0.23173625270023868,-1.069857545112174,-0.4599339236076999,0.9279661016949152,20545.069529205874
jump_tail,E2_spread_20bps,random,205,-0.10367679862000312,-0.4437668856543691,-0.39641847231274774,0.8706896551724138,21556.933092613
jump_tail,E2_spread_20bps,random,206,-0.23446332788653834,-1.979260025175267,-0.3245626433738239,0.8502202643171806,18574.202791854586
jump_tail,E2_spread_20bps,random,207,0.28885789212166935,1.717869329811562,-0.17603605414851609,0.8738738738738738,20435.273489470714
jump_tail,E2_spread_20bps,random,208,-0.18893572337864573,-0.864908050466482,-0.42474592025925484,0.9055793991416309,22081.076372298612
jump_tail,E2_spread_20bps,random,209,0.07458849647723964,0.6202314194077202,-0.20040229769724793,0.9118942731277533,19602.130919597046
jump_tail,E2_spread_20bps,random,210,0.03348262964427384,0.3628321579582806,-0.279501491454195,0.8782608695652174,23166.55884771914
jump_tail,E2_latency_3,buy-and-hold,201,-0.014285850616210127,0.189180958225158,-0.43627015546154024,0.6401673640167364,16230.162100154792
jump_tail,E2_latency_3,buy-and-hold,202,-0.3281317285029002,-1.5684364230981769,-0.503879228090103,0.6443514644351465,9813.470569722329
jump_tail,E2_latency_3,buy-and-hold,203,-0.009043442750938269,0.1668372437690901,-0.3623982224080584,0.6125,16911.478774290616
jump_tail,E2_latency_3,buy-and-hold,204,0.0072934786939651275,0.3198867259625886,-0.39920856376266134,0.6596638655462185,15628.503483538905
jump_tail,E2_latency_3,buy-and-hold,205,-0.5753170967506007,-2.407774740848268,-0.7442968865105422,0.6391304347826087,13920.53473213959
jump_tail,E2_latency_3,buy-and-hold,206,0.04274479644904372,0.43053819969346757,-0.3811179208550214,0.606694560669456,12571.211717093996
jump_tail,E2_latency_3,buy-and-hold,207,-0.1846470790981526,-0.40358311500030547,-0.496201930742611,0.625,13252.861585549803
jump_tail,E2_latency_3,buy-and-hold,208,-0.10196059608708063,-0.037098012046985485,-0.509336939669534,0.6163793103448276,20625.799477529818
jump_tail,E2_latency_3,buy-and-hold,209,0.27230678123175656,1.2431441479964298,-0.2168654766648881,0.65,18309.27222196553
jump_tail,E2_latency_3,buy-and-hold,210,-0.2137447206326749,-0.5520332747629807,-0.5495487552816922,0.6398305084745762,16080.534296710495
jump_tail,E2_latency_3,signal-weighted,201,0.02256960260043339,0.3139395163316319,-0.30404585583153143,0.6134969325153374,10498.912366291117
jump_tail,E2_latency_3,signal-weighted,202,-0.12045992050396326,-1.4189488424306302,-0.24740754901428252,0.5950413223140496,4347.874432502336
jump_tail,E2_latency_3,signal-weighted,203,0.19511772358678026,1.439780685219295,-0.1300133822633439,0.6064516129032258,7730.569220090349
jump_tail,E2_latency_3,signal-weighted,204,0.4331854037207872,2.0697832177508384,-0.1593692605601621,0.6083916083916084,10801.921153646545
jump_tail,E2_latency_3,signal-weighted,205,0.0519026482238083,0.498157253215095,-0.24859027642634224,0.6470588235294118,9277.375631343039
jump_tail,E2_latency_3,signal-weighted,206,-0.1205077974905363,-0.9851927860221811,-0.22958711484639838,0.6164383561643836,5840.1805015099835
jump_tail,E2_latency_3,signal-weighted,207,0.034283479799302574,0.3794366428708763,-0.277917149882119,0.6181818181818182,9251.499912959798
jump_tail,E2_latency_3,signal-weighted,208,-0.26196830075382926,-0.7954493963293531,-0.4884893945366362,0.6666666666666666,12474.596385995505
jump_tail,E2_latency_3,signal-weighted,209,0.13857948907755757,1.1440236378455515,-0.13092443892709504,0.6013071895424836,8159.422079330588
jump_tail,E2_latency_3,signal-weighted,210,-0.25572304735063967,-1.2320648543745958,-0.3061618930390356,0.6614173228346457,6221.068796441843
jump_tail,E2_latency_3,naive-momentum,201,-0.03706443512898583,-0.027705841738726103,-0.29376614113478594,0.6094674556213018,10123.47315282119
jump_tail,E2_latency_3,naive-momentum,202,-0.12367167321241779,-0.7851405281332784,-0.32185946782810704,0.6153846153846154,8065.236576462128
jump_tail,E2_latency_3,naive-momentum,203,0.38989861797568204,2.4129381474068943,-0.11666197954306734,0.6208791208791209,12748.937097639446
jump_tail,E2_latency_3,naive-momentum,204,0.1306281211137046,0.8273599160545849,-0.23062172987549212,0.6011560693641619,12389.542701046492
jump_tail,E2_latency_3,naive-momentum,205,-0.1508518242600102,-0.8309153130615754,-0.3839464664342601,0.5872093023255814,8650.040487500934
jump_tail,E2_latency_3,naive-momentum,206,0.02472601811683406,0.3206328658132037,-0.18635173302058772,0.5964912280701754,11749.839380798949
jump_tail,E2_latency_3,naive-momentum,207,-0.18823053040605053,-0.9450185766072385,-0.3579412895145718,0.6,9545.290925449111
jump_tail,E2_latency_3,naive-momentum,208,0.53207741203167,2.0729418671620325,-0.31652009778652723,0.6107784431137725,19652.980169792925
jump_tail,E2_latency_3,naive-momentum,209,-0.08259017453884065,-0.14455179834194015,-0.3531103807560475,0.6130653266331658,11924.897900082033
jump_tail,E2_latency_3,naive-momentum,210,-0.36464509451880855,-1.8574465179219468,-0.3891079159845866,0.5909090909090909,9454.399421355176
jump_tail,E2_latency_3,mean-reversion,201,0.038439854296075104,0.40222633466883656,-0.3691255434374896,0.5337837837837838,11920.568726292573
jump_tail,E2_latency_3,mean-reversion,202,-0.28813602803398375,-1.6269260658958005,-0.3737057306415966,0.5730337078651685,7331.076465515812
jump_tail,E2_latency_3,mean-reversion,203,0.13816150164915775,0.7985084559964466,-0.3227790622714174,0.6143790849673203,13024.309701274351
jump_tail,E2_latency_3,mean-reversion,204,-0.2140013702794218,-1.0436899846064625,-0.3352128218679121,0.6159420289855072,9251.849026898419
jump_tail,E2_latency_3,mean-reversion,205,-0.48253780126451806,-2.638444059448833,-0.5359763206560025,0.6211180124223602,8031.340799718762
jump_tail,E2_latency_3,mean-reversion,206,-0.01083795506520202,0.1820158975250275,-0.326822367052069,0.5670731707317073,11415.045971921543
jump_tail,E2_latency_3,mean-reversion,207,0.19047003962322684,0.9901528229789431,-0.20321823009825846,0.5806451612903226,11693.500641353285
jump_tail,E2_latency_3,mean-reversion,208,-0.14147425853830975,-0.5095792146548819,-0.3691431268612181,0.5972222222222222,9038.416753315549
jump_tail,E2_latency_3,mean-reversion,209,-0.16994116891578537,-0.8497646016891334,-0.4120864437951647,0.6040268456375839,9668.035599274344
jump_tail,E2_latency_3,mean-reversion,210,-0.001273608185607622,0.2181101489989685,-0.22487435180576143,0.5885416666666666,11459.788126256213
jump_tail,E2_latency_3,risk-parity,201,-0.06660377707338883,-0.010239998042143376,-0.43336923170853603,0.6848739495798319,19077.88788183289
jump_tail,E2_latency_3,risk-parity,202,-0.36434107710089036,-2.2014911013156664,-0.4851988218003397,0.65,7406.337919454069
jump_tail,E2_latency_3,risk-parity,203,-0.023744181472013848,0.07463408733271303,-0.3864886266963161,0.6458333333333334,17105.4786883868
jump_tail,E2_latency_3,risk-parity,204,0.21235792227206685,1.3955888870626985,-0.2915985971632572,0.6234309623430963,13245.762301558614
jump_tail,E2_latency_3,risk-parity,205,-0.5910492027316756,-2.9518946593964843,-0.7226294032393353,0.6694915254237288,12903.113022757581
jump_tail,E2_latency_3,risk-parity,206,-0.1730953613060492,-0.47447986772485373,-0.4066715183272064,0.6333333333333333,13176.935804575303
jump_tail,E2_latency_3,risk-parity,207,0.0020157576587118697,0.22744369544588178,-0.3701190082098802,0.6708333333333333,12533.596268382731
jump_tail,E2_latency_3,risk-parity,208,0.07323185766059592,0.5617741527770252,-0.4069214954860465,0.688034188034188,18686.833642625494
jump_tail,E2_latency_3,risk-parity,209,0.03703761758931767,0.4200203142855032,-0.47103463097559106,0.65,15715.440182627222
jump_tail,E2_latency_3,risk-parity,210,-0.45238584070565235,-1.668623146075093,-0.5733856540297344,0.634453781512605,13447.083852758551
jump_tail,E2_latency_3,minimum-variance,201,-0.05021838181438876,0.05338268323598077,-0.4221252386230847,0.6610169491525424,19253.632259229224
jump_tail,E2_latency_3,minimum-variance,202,-0.1877070132084402,-0.7686612724440229,-0.38731760585753205,0.6958333333333333,10340.871892864308
jump_tail,E2_latency_3,minimum-variance,203,0.08302848056991241,0.6169811827125092,-0.32468729933263807,0.6416666666666667,16233.380139129375
jump_tail,E2_latency_3,minimum-variance,204,-0.3255195062014232,-1.1778689725080858,-0.4928932954427643,0.6440677966101694,14497.198621404012
jump_tail,E2_latency_3,minimum-variance,205,0.04611573807786007,0.4446089450217348,-0.46627548555135656,0.6413502109704642,19401.16008577071
jump_tail,E2_latency_3,minimum-variance,206,-0.03968754942617603,0.12203796458111053,-0.4143240410076111,0.6470588235294118,14199.393120837127
jump_tail,E2_latency_3,minimum-variance,207,-0.15463609859955574,-0.35999149066014025,-0.4628170289958231,0.6192468619246861,16264.420621354322
jump_tail,E2_latency_3,minimum-variance,208,0.05056520414345278,0.47862002034022516,-0.4052982482441755,0.634453781512605,22246.90657923191
jump_tail,E2_latency_3,minimum-variance,209,0.427793643590052,1.7768718930441956,-0.28614980363280573,0.6541666666666667,18830.459626074964
jump_tail,E2_latency_3,minimum-variance,210,-0.37436000202293607,-1.2581014601608116,-0.5380719066594135,0.6582278481012658,13937.534063289542
jump_tail,E2_latency_3,random,201,0.12990521974282254,0.7631133817639021,-0.3564709853373731,0.6936936936936937,19599.702452928384
jump_tail,E2_latency_3,random,202,-0.1642604191572723,-1.1076160026821353,-0.2840222156957476,0.6558139534883721,7600.917003865836
jump_tail,E2_latency_3,random,203,0.5750970655279197,2.189529591203246,-0.19750961121661703,0.6428571428571429,17415.737050522494
jump_tail,E2_latency_3,random,204,-0.35479822672308325,-1.3594119553148714,-0.5060574430990815,0.6909090909090909,11571.48520896647
jump_tail,E2_latency_3,random,205,-0.4604262689054369,-2.5926718601194634,-0.542025255633692,0.5764192139737991,10034.61359365098
jump_tail,E2_latency_3,random,206,-0.2260586866105312,-1.0043712446395399,-0.423692034910772,0.6790697674418604,11889.116126150113
jump_tail,E2_latency_3,random,207,0.31031727307972323,1.8399537125291354,-0.20396436057333478,0.6451612903225806,11796.177082928656
jump_tail,E2_latency_3,random,208,-0.13827962133471094,-0.1437037017474836,-0.5465886586406692,0.6578947368421053,20467.024690220107
jump_tail,E2_latency_3,random,209,0.536593938937602,3.178967799495946,-0.1184679376599429,0.5642201834862385,13044.871388728181
jump_tail,E2_latency_3,random,210,-0.3333944942315359,-1.9533913806365284,-0.39052638076008594,0.5775862068965517,8684.682226338591
jump_tail,E2_participation_1pct,buy-and-hold,201,0.20619451214698326,1.1928507928322516,-0.33726421278086816,0.9875,17045.60562822944
jump_tail,E2_participation_1pct,buy-and-hold,202,-0.20810094300207038,-1.59637771180397,-0.38692734772824333,0.9748953974895398,7640.131431651109
jump_tail,E2_participation_1pct,buy-and-hold,203,0.33703745960859344,1.9214784155923104,-0.23166643786480734,0.9875,13725.67426517984
jump_tail,E2_participation_1pct,buy-and-hold,204,0.2765939916646647,1.4942459008382514,-0.22852969681030588,0.9875,17478.257293522245
jump_tail,E2_participation_1pct,buy-and-hold,205,-0.10153574233440332,-0.39886769235175573,-0.3768761407942639,0.9874476987447699,12059.92634262443
jump_tail,E2_participation_1pct,buy-and-hold,206,-0.10122041718277064,-0.3482412781716256,-0.3435502066144419,0.9832635983263598,10741.5953444275
jump_tail,E2_participation_1pct,buy-and-hold,207,0.0876381337652632,0.6932064694331643,-0.2388769783018061,0.9833333333333333,10449.549893413134
jump_tail,E2_participation_1pct,buy-and-hold,208,0.07988594681022221,0.5867779346965808,-0.34200915943331733,0.9665271966527197,14421.644333927068
jump_tail,E2_participation_1pct,buy-and-hold,209,0.19115355032053527,1.2299097130555912,-0.17673827250046148,0.9916666666666667,11091.43732902397
jump_tail,E2_participation_1pct,buy-and-hold,210,-0.15085857340566178,-0.5330042159319546,-0.38326019182097526,0.975,12453.151563559753
jump_tail,E2_participation_1pct,signal-weighted,201,0.20669138501181705,1.7156601744991602,-0.133519114137995,0.9166666666666666,9322.208408842733
jump_tail,E2_participation_1pct,signal-weighted,202,-0.055767617676199865,-0.5172495170767734,-0.20863900419608317,0.8990825688073395,5364.552777250722
jump_tail,E2_participation_1pct,signal-weighted,203,0.2791395358563362,2.2405353858082258,-0.08224172272181562,0.8896551724137931,9365.43062829398
jump_tail,E2_participation_1pct,signal-weighted,204,0.018594231349655654,0.28398761506255216,-0.23284967250776356,0.9064748201438849,9250.823322772301
jump_tail,E2_participation_1pct,signal-weighted,205,0.18326024330968327,1.6434409092227173,-0.17341372839136926,0.8947368421052632,9522.457844211884
jump_tail,E2_participation_1pct,signal-weighted,206,-0.10487306259796447,-0.8473448143399226,-0.2420861003947019,0.8828125,7708.677488853283
jump_tail,E2_participation_1pct,signal-weighted,207,0.15049957975947126,1.169972799174566,-0.14391057929334172,0.8552631578947368,10366.05892722243
jump_tail,E2_participation_1pct,signal-weighted,208,0.5123089083391155,2.8116413288143227,-0.10133232815143389,0.9172413793103448,17781.402808742747
jump_tail,E2_participation_1pct,signal-weighted,209,-0.1050968010722777,-0.6071029421524279,-0.1707596298368097,0.9172413793103448,7980.275214465208
jump_tail,E2_participation_1pct,signal-weighted,210,-0.13156738466617968,-1.3640419785734503,-0.19409277534733993,0.8833333333333333,6122.224422196205
jump_tail,E2_participation_1pct,naive-momentum,201,0.15383258464306082,1.2328021724965663,-0.1686101371484673,0.8881987577639752,11597.165676402496
jump_tail,E2_participation_1pct,naive-momentum,202,-0.055941256541756745,-0.4727873211047161,-0.24706374189540936,0.8723404255319149,8059.751841712075
jump_tail,E2_participation_1pct,naive-momentum,203,0.14575276773915036,1.1974618058614674,-0.1808867983095892,0.8802395209580839,11773.96109863863
jump_tail,E2_participation_1pct,naive-momentum,204,0.26986892289074804,1.5993817582687997,-0.20311034598586464,0.8909090909090909,15336.696495156812
jump_tail,E2_participation_1pct,naive-momentum,205,-0.23990208843144845,-1.5812275068757968,-0.4275557411943409,0.8881987577639752,12470.159336471994
jump_tail,E2_participation_1pct,naive-momentum,206,0.15901367721285875,1.0474272104379538,-0.24056002776929142,0.8486842105263158,11925.06879385839
jump_tail,E2_participation_1pct,naive-momentum,207,0.29358217640875073,1.9772524054991685,-0.12480362508148402,0.8713450292397661,15846.003895187783
jump_tail,E2_participation_1pct,naive-momentum,208,0.20730697684008703,1.4283025521311934,-0.20204684544634477,0.8924050632911392,15311.027575243006
jump_tail,E2_participation_1pct,naive-momentum,209,-0.19182649275579877,-1.0542095060864642,-0.3397607610065094,0.8735632183908046,10288.510044422566
jump_tail,E2_participation_1pct,naive-momentum,210,-0.060709962552707775,-0.256949331221246,-0.13637521402058062,0.8590604026845637,10070.022541742448
jump_tail,E2_participation_1pct,mean-reversion,201,-0.12900061552350828,-0.8356260699774161,-0.3198249507974813,0.8846153846153846,10323.294318514962
jump_tail,E2_participation_1pct,mean-reversion,202,-0.15371975286338246,-1.384134253445993,-0.23810088207503732,0.8666666666666667,8664.298421191375
jump_tail,E2_participation_1pct,mean-reversion,203,-0.06942058161177445,-0.7452301376464475,-0.17026458506075237,0.8857142857142857,8185.3879691916545
jump_tail,E2_participation_1pct,mean-reversion,204,-0.3115440306491245,-2.788677433780922,-0.3643473231946356,0.9008264462809917,8827.272340846432
jump_tail,E2_participation_1pct,mean-reversion,205,-0.05280418256059305,-0.22931505634919536,-0.24743696233850665,0.8807947019867549,10280.443846603384
jump_tail,E2_participation_1pct,mean-reversion,206,-0.1765213047237344,-1.1424342866952404,-0.22687868646203468,0.8881578947368421,10463.649697384006
jump_tail,E2_participation_1pct,mean-reversion,207,-0.21609178417165342,-1.4087922258643306,-0.3405750229257113,0.8695652173913043,9837.211845216898
jump_tail,E2_participation_1pct,mean-reversion,208,-0.2847415387497746,-2.302103796918038,-0.3076249499354846,0.889763779527559,8710.081915912282
jump_tail,E2_participation_1pct,mean-reversion,209,0.17306458607246133,1.5064954508530168,-0.12263226693917118,0.8731343283582089,10348.833197184927
jump_tail,E2_participation_1pct,mean-reversion,210,-0.039654644530504934,-0.14858485604164567,-0.22111537141341464,0.896969696969697,11869.865865968623
jump_tail,E2_participation_1pct,risk-parity,201,0.03862351975003553,0.4007397851987751,-0.3296609347269861,0.9874476987447699,15408.606187961335
jump_tail,E2_participation_1pct,risk-parity,202,-0.11644024925053298,-0.6882493426914614,-0.36882478537290186,0.9791666666666666,7060.140548149282
jump_tail,E2_participation_1pct,risk-parity,203,0.2281958894284053,1.5616160180249463,-0.23594804987088314,0.9832635983263598,11317.19418720346
jump_tail,E2_participation_1pct,risk-parity,204,0.005810303676091921,0.20707785915019652,-0.2625327214795642,0.975,10853.611638565983
jump_tail,E2_participation_1pct,risk-parity,205,-0.02355190030296128,0.08078757916395715,-0.3951902068880958,0.9831932773109243,12467.77025678147
jump_tail,E2_participation_1pct,risk-parity,206,-0.19243551492898736,-0.939848442666615,-0.36174652628197657,0.9791666666666666,8168.562987940657
jump_tail,E2_participation_1pct,risk-parity,207,0.30742445259847306,1.7837602562858206,-0.19558861479472744,0.9875,16755.980930367925
jump_tail,E2_participation_1pct,risk-parity,208,0.10727247277924823,0.7029289841673066,-0.35397459072599147,0.9583333333333334,14579.04488802394
jump_tail,E2_participation_1pct,risk-parity,209,0.20125017162934045,1.3672073474311766,-0.20972711473767958,0.9875,10573.948286051438
jump_tail,E2_participation_1pct,risk-parity,210,-0.16688075671809466,-0.8169656348277634,-0.31257660756151606,0.9875,10112.000516305074
jump_tail,E2_participation_1pct,minimum-variance,201,0.006613709874947915,0.2183110648396911,-0.33894969104569606,0.9831932773109243,14798.189424038688
jump_tail,E2_participation_1pct,minimum-variance,202,-0.12671692649275068,-0.7443263924811595,-0.37368161346749884,0.9789029535864979,9639.058133777018
jump_tail,E2_participation_1pct,minimum-variance,203,0.2554877765204717,1.6013514416278771,-0.24383341976760786,0.9790794979079498,11709.275451919239
jump_tail,E2_participation_1pct,minimum-variance,204,-0.13337681158976333,-0.5642768004603954,-0.3418851460555381,0.9703389830508474,13271.374637236815
jump_tail,E2_participation_1pct,minimum-variance,205,-0.12022558029536468,-0.5065485876289251,-0.43428288841441953,0.9791666666666666,12567.189196614898
jump_tail,E2_participation_1pct,minimum-variance,206,-0.28209057989486197,-1.4303006611114932,-0.453199203670669,0.9875,13529.907697511253
jump_tail,E2_participation_1pct,minimum-variance,207,0.31064466556186954,1.611656254251797,-0.21425467269310827,0.9833333333333333,18382.80350513058
jump_tail,E2_participation_1pct,minimum-variance,208,0.02569842849557502,0.3451169845878888,-0.37698956501218894,0.9708333333333333,17058.341417536092
jump_tail,E2_participation_1pct,minimum-variance,209,0.22592411696685555,1.4570883884436978,-0.24081956089083711,0.9875,12061.406907906674
jump_tail,E2_participation_1pct,minimum-variance,210,-0.18105898139985777,-0.8845798666240305,-0.33359926279148977,0.9833333333333333,13005.564691717063
jump_tail,E2_participation_1pct,random,201,-0.2304748497852196,-1.7937162960509856,-0.3762174689458524,0.8938053097345132,14230.60550565609
jump_tail,E2_participation_1pct,random,202,-0.12023570890641155,-1.0724598273745474,-0.2941998715735,0.8933333333333333,11599.61305770255
jump_tail,E2_participation_1pct,random,203,-0.05730410086609339,-0.40602985612875064,-0.20939890992698706,0.8706896551724138,14664.992228422869
jump_tail,E2_participation_1pct,random,204,-0.19870478682220882,-0.8647887706153193,-0.4410460313337864,0.923728813559322,16645.951383180043
jump_tail,E2_participation_1pct,random,205,-0.0705979908208011,-0.2363226877734825,-0.38290676331735185,0.8706896551724138,17639.85489058144
jump_tail,E2_participation_1pct,random,206,-0.20218731166942072,-1.654691550423342,-0.30570221440812273,0.8458149779735683,14947.568852578102
jump_tail,E2_participation_1pct,random,207,0.3379186870969253,1.9498481246622112,-0.16802861210149245,0.8738738738738738,16571.70779805535
jump_tail,E2_participation_1pct,random,208,-0.15761125672120835,-0.6718076061215222,-0.41006462033680635,0.9141630901287554,18047.911452290802
jump_tail,E2_participation_1pct,random,209,0.11402067410047434,0.8481223717846561,-0.19109603117016172,0.9074889867841409,15752.130566778838
jump_tail,E2_participation_1pct,random,210,0.07541009518588115,0.5789102594669889,-0.27026271611581576,0.8826086956521739,19202.576993495295
jump_tail,E2_harsh_corner,buy-and-hold,201,-0.05177285165141099,0.02667907607791479,-0.4432226032688209,0.6443514644351465,20312.744114861707
jump_tail,E2_harsh_corner,buy-and-hold,202,-0.36093853137423515,-1.8524961341561177,-0.5054975720390107,0.6652719665271967,12339.836816175653
jump_tail,E2_harsh_corner,buy-and-hold,203,-0.05000594951465054,-0.044114737695337865,-0.3730366424216115,0.625,21317.683683871943
jump_tail,E2_harsh_corner,buy-and-hold,204,-0.029095749388632686,0.18716981348137704,-0.406233523696129,0.6554621848739496,19678.002934830547
jump_tail,E2_harsh_corner,buy-and-hold,205,-0.5913215997219549,-2.525845649471968,-0.7505865908884408,0.6391304347826087,17502.01923103985
jump_tail,E2_harsh_corner,buy-and-hold,206,0.008272164550987116,0.3007764505472388,-0.39266082972562266,0.5983263598326359,16129.224096593973
jump_tail,E2_harsh_corner,buy-and-hold,207,-0.21845647453282258,-0.5482217941945817,-0.5099540588319752,0.6208333333333333,17253.467197312177
jump_tail,E2_harsh_corner,buy-and-hold,208,-0.13328516603286622,-0.15572569757401317,-0.5208104567582424,0.6077586206896551,24892.479285032277
jump_tail,E2_harsh_corner,buy-and-hold,209,0.22145088357436227,1.0739619746094062,-0.22289550779083955,0.6541666666666667,22867.428177000027
jump_tail,E2_harsh_corner,buy-and-hold,210,-0.24398582399230695,-0.6887432047508399,-0.5554570460213462,0.635593220338983,20231.221344591628
jump_tail,E2_harsh_corner,signal-weighted,201,-0.0032696846388008405,0.16318906950017492,-0.3095221870435827,0.6012269938650306,13388.560289255633
jump_tail,E2_harsh_corner,signal-weighted,202,-0.132075904530899,-1.5733066362311474,-0.2547150621244877,0.5950413223140496,5735.985621165096
jump_tail,E2_harsh_corner,signal-weighted,203,0.1691162350522739,1.2783901776345423,-0.1411537359829289,0.6,10201.65610271455
jump_tail,E2_harsh_corner,signal-weighted,204,0.40318220148276684,1.9599472230240198,-0.1635092046427924,0.6223776223776224,13414.02420901645
jump_tail,E2_harsh_corner,signal-weighted,205,0.028272609631078582,0.3441068281953075,-0.25604812309754366,0.6544117647058824,11794.434057608774
jump_tail,E2_harsh_corner,signal-weighted,206,-0.13616170455580812,-1.1400653652825659,-0.23722619186218374,0.6232876712328768,7549.023159043457
jump_tail,E2_harsh_corner,signal-weighted,207,0.009213913811290775,0.2160938726856797,-0.28628323052522886,0.6181818181818182,11897.288298739111
jump_tail,E2_harsh_corner,signal-weighted,208,-0.2796660877775522,-0.8843303244494227,-0.4969155357473919,0.66,15113.932385171038
jump_tail,E2_harsh_corner,signal-weighted,209,0.11308005651222608,0.9676781016386549,-0.13718525487617284,0.6013071895424836,10403.660831927047
jump_tail,E2_harsh_corner,signal-weighted,210,-0.2701610941682442,-1.3300593213672192,-0.3124252800853917,0.6692913385826772,7773.153162831986
jump_tail,E2_harsh_corner,naive-momentum,201,-0.05800609563986048,-0.15296433109841223,-0.30105007072128254,0.6235294117647059,12608.459864761246
jump_tail,E2_harsh_corner,naive-momentum,202,-0.14465508151226414,-0.9591763342040841,-0.33083615246108056,0.6153846153846154,10576.467182983593
jump_tail,E2_harsh_corner,naive-momentum,203,0.35068254555907075,2.2157796604369806,-0.12028844431114072,0.6043956043956044,16171.82300122909
jump_tail,E2_harsh_corner,naive-momentum,204,0.10097440133204705,0.6952519078162518,-0.23582854451449153,0.6127167630057804,15163.788843154145
jump_tail,E2_harsh_corner,naive-momentum,205,-0.17164471918184088,-0.9836029226345292,-0.3931998098887768,0.5798816568047337,11090.307990375242
jump_tail,E2_harsh_corner,naive-momentum,206,-0.004266230757408507,0.13634669375979674,-0.1962802643945729,0.5964912280701754,14531.051010702668
jump_tail,E2_harsh_corner,naive-momentum,207,-0.21419947084127755,-1.1232608746148656,-0.3689369093340511,0.5837837837837838,12541.156472563132
jump_tail,E2_harsh_corner,naive-momentum,208,0.49386874276309944,1.9650830188928878,-0.31970555550299395,0.6107784431137725,23691.832165381962
jump_tail,E2_harsh_corner,naive-momentum,209,-0.10829460254078804,-0.27030055221814747,-0.3608842147302118,0.6111111111111112,15077.319789992021
jump_tail,E2_harsh_corner,naive-momentum,210,-0.38376703653837174,-2.00034366100569,-0.4064794907653806,0.5965909090909091,11758.306327041902
jump_tail,E2_harsh_corner,mean-reversion,201,-0.003146455484429711,0.20585836431023097,-0.367558152158161,0.5510204081632653,14241.391905539485
jump_tail,E2_harsh_corner,mean-reversion,202,-0.3089598430771303,-1.7824433978314935,-0.38845041765795507,0.5786516853932584,9859.510085985417
jump_tail,E2_harsh_corner,mean-reversion,203,0.10550686656202535,0.6732468474047784,-0.33180338774231344,0.618421052631579,16489.308432193047
jump_tail,E2_harsh_corner,mean-reversion,204,-0.23441644881560564,-1.178489629280028,-0.348861214813625,0.6086956521739131,11643.216453652067
jump_tail,E2_harsh_corner,mean-reversion,205,-0.4963218933440897,-2.7514856429172707,-0.5453494953007709,0.6086956521739131,9853.4462125361
jump_tail,E2_harsh_corner,mean-reversion,206,-0.03478427448436283,0.07037380160623678,-0.3404764977367921,0.5766871165644172,13985.733675404605
jump_tail,E2_harsh_corner,mean-reversion,207,0.15615672370475786,0.8627826344553973,-0.20805605018311302,0.567741935483871,14760.697885013094
jump_tail,E2_harsh_corner,mean-reversion,208,-0.16142238376065998,-0.6213624468267414,-0.3757264842186461,0.5972222222222222,11254.172249209321
jump_tail,E2_harsh_corner,mean-reversion,209,-0.19188278497084799,-0.9996358821268083,-0.4224054084916553,0.6040268456375839,12262.196513328909
jump_tail,E2_harsh_corner,mean-reversion,210,-0.03682327267292329,0.04717104308228873,-0.23211025333575386,0.5989583333333334,14784.400609149197
jump_tail,E2_harsh_corner,risk-parity,201,-0.10843802396772206,-0.19480775279680995,-0.44365396285656333,0.6624472573839663,23541.77309600169
jump_tail,E2_harsh_corner,risk-parity,202,-0.3838764373686886,-2.3625123540547763,-0.4976465742462086,0.65,9871.456106073556
jump_tail,E2_harsh_corner,risk-parity,203,-0.06078028875657315,-0.12718724333703657,-0.39535358741184246,0.65,21613.56284898613
jump_tail,E2_harsh_corner,risk-parity,204,0.15541910228435252,1.081024833328957,-0.31191913291662343,0.6443514644351465,16530.745188488843
jump_tail,E2_harsh_corner,risk-parity,205,-0.6083435723345999,-3.087383840376161,-0.7326871783166391,0.6610169491525424,16026.921093451847
jump_tail,E2_harsh_corner,risk-parity,206,-0.20515857376038005,-0.6255360348546556,-0.415494078597881,0.6416666666666667,16433.05879598878
jump_tail,E2_harsh_corner,risk-parity,207,-0.054295530639026146,-0.035183522771712404,-0.3963970457999757,0.6625,16032.844635670977
jump_tail,E2_harsh_corner,risk-parity,208,0.04336665204920487,0.46224978669494815,-0.4091258692790808,0.6851063829787234,22647.952509051865
jump_tail,E2_harsh_corner,risk-parity,209,7.122075159426977e-05,0.2837564843265264,-0.4783336117151954,0.6333333333333333,19662.56135232462
jump_tail,E2_harsh_corner,risk-parity,210,-0.4726864794611978,-1.7931839001802643,-0.5794203883500545,0.6554621848739496,16935.82182666657
jump_tail,E2_harsh_corner,minimum-variance,201,-0.09183395534962924,-0.12817100081045374,-0.43193760767380107,0.6553191489361702,23610.58486689902
jump_tail,E2_harsh_corner,minimum-variance,202,-0.2126358580338905,-0.9157473221286848,-0.4026947292240751,0.6708333333333333,13284.83760726298
jump_tail,E2_harsh_corner,minimum-variance,203,0.043351912389269165,0.4262482203950324,-0.3344051461982056,0.6375,20741.353636480184
jump_tail,E2_harsh_corner,minimum-variance,204,-0.3555548527439344,-1.3429672303446665,-0.5124962052495492,0.635593220338983,17761.97481181891
jump_tail,E2_harsh_corner,minimum-variance,205,0.010107467481804688,0.30970282300667357,-0.47637071918599716,0.6455696202531646,23604.48509688617
jump_tail,E2_harsh_corner,minimum-variance,206,-0.04306067358139187,0.07836047019941235,-0.4136270671625817,0.6234309623430963,17446.087194369804
jump_tail,E2_harsh_corner,minimum-variance,207,-0.1887226163315594,-0.5170145484159842,-0.4778402891145357,0.6192468619246861,20182.312273315692
jump_tail,E2_harsh_corner,minimum-variance,208,0.007223154244816898,0.3232570300065902,-0.4120898353409782,0.6260504201680672,27020.425218753833
jump_tail,E2_harsh_corner,minimum-variance,209,0.3728866160515849,1.6055971353606926,-0.2971723347013169,0.6541666666666667,23207.020170838
jump_tail,E2_harsh_corner,minimum-variance,210,-0.39980587867206874,-1.3948147326575404,-0.5446587396703224,0.6540084388185654,17423.007544134958
jump_tail,E2_harsh_corner,random,201,0.0880906316931922,0.6011056861307784,-0.3636407140036845,0.6891891891891891,23995.644137974148
jump_tail,E2_harsh_corner,random,202,-0.1838684260042256,-1.2788926940632435,-0.2968740501524436,0.6588785046728972,9953.556739237145
jump_tail,E2_harsh_corner,random,203,0.5181261972427647,2.0284094966107333,-0.20759955395409047,0.625,21898.538251832942
jump_tail,E2_harsh_corner,random,204,-0.3775327124381155,-1.4900648977434916,-0.5218227361564443,0.6986301369863014,14425.058210708188
jump_tail,E2_harsh_corner,random,205,-0.47716353112244136,-2.729320244879736,-0.5523530451893461,0.5851528384279476,12354.832902232803
jump_tail,E2_harsh_corner,random,206,-0.2533934947959102,-1.173931183981543,-0.43115870399492784,0.6822429906542056,15447.049692729011
jump_tail,E2_harsh_corner,random,207,0.27524324048065196,1.6675401420711435,-0.2095757097912685,0.6467889908256881,14952.902552759539
jump_tail,E2_harsh_corner,random,208,-0.2034732943033002,-0.4329207576328308,-0.5457195510470281,0.6593886462882096,24153.1625828902
jump_tail,E2_harsh_corner,random,209,0.4987295910273206,3.002317477466962,-0.12538441957567548,0.5779816513761468,16389.301720747277
jump_tail,E2_harsh_corner,random,210,-0.35593776795739196,-2.1358664574533526,-0.3987242845373846,0.5862068965517241,10905.702026935236
