scenario,level,agent,seed,sample,total_return,sharpe,max_drawdown,execution_fill_rate,total_slippage_cost,turnover_events
calm,E0_ideal,buy-and-hold,1,0,0.1099548509670476,48.701391527413705,0.0,0.98989898989899,21.90949848096608,98
calm,E0_ideal,buy-and-hold,2,0,0.09074451789323712,46.384713829671625,0.0,0.9615384615384616,21.910671892643432,100
calm,E0_ideal,buy-and-hold,3,0,0.07488693542156954,37.27090151392348,0.0,0.970873786407767,21.741663483656648,100
calm,E0_ideal,buy-and-hold,4,0,0.10089468621499442,57.75483078890887,0.0,0.9907407407407407,22.2331295637274,107
calm,E0_ideal,buy-and-hold,5,0,0.09954798946180055,49.29953225731219,0.0,0.9690721649484536,21.941497313871654,94
calm,E0_ideal,buy-and-hold,6,0,0.08626534531206964,48.03458374682523,0.0,1.0,22.282188386735488,105
calm,E0_ideal,buy-and-hold,7,0,0.10147709744838918,57.74063835136956,0.0,0.9791666666666666,21.984261757229667,94
calm,E0_ideal,buy-and-hold,8,0,0.09052148583801256,46.55188448201669,0.0,0.9636363636363636,22.18274355728788,106
calm,E0_ideal,buy-and-hold,9,0,0.11349186034050995,41.92006697454054,0.0,0.9696969696969697,21.95751554807082,96
calm,E0_ideal,buy-and-hold,10,0,0.09291030793099564,40.051510259357144,0.0,0.9803921568627451,21.973318188890882,100
calm,E0_ideal,signal-weighted,1,0,0.04483279505479287,17.007660864656877,-0.00016769242485570324,0.9636363636363636,69.97573311847484,53
calm,E0_ideal,signal-weighted,2,0,0.031133470327632473,10.79294835008525,-0.0058401397878306005,0.9666666666666667,111.1777729336408,58
calm,E0_ideal,signal-weighted,3,0,0.018760381410733995,9.289160198884606,-0.003957647188277402,0.9661016949152542,98.80044926603314,57
calm,E0_ideal,signal-weighted,4,0,0.03816700716714427,12.458990914664588,-0.0017804774119893896,0.9655172413793104,98.65551355396947,56
calm,E0_ideal,signal-weighted,5,0,0.050527629666723195,19.658719767459665,-0.0001676924248554812,0.9516129032258065,126.66387477172965,59
calm,E0_ideal,signal-weighted,6,0,0.05955563115117779,15.362885407353053,-0.00016769242485525915,0.9454545454545454,85.90862854582608,52
calm,E0_ideal,signal-weighted,7,0,0.035749517995203206,14.764515602733717,-0.0010558362502330887,0.967741935483871,126.84113291988082,60
calm,E0_ideal,signal-weighted,8,0,0.029891629878295634,10.121005593424066,-0.005348752102398713,0.9655172413793104,96.85100281319167,56
calm,E0_ideal,signal-weighted,9,0,0.04069092729128121,10.893387240539905,-0.000841332219601032,0.9622641509433962,55.25752009384217,51
calm,E0_ideal,signal-weighted,10,0,0.041894544393930255,17.32308922753845,-0.00016769242485559221,0.9682539682539683,126.94682573876473,61
calm,E0_ideal,naive-momentum,1,0,0.14815411143894797,32.58049179238917,-0.0002913862055329286,0.967032967032967,56.10483389659593,88
calm,E0_ideal,naive-momentum,2,0,0.10164447396570786,34.89623992453237,-0.00029993001499695193,0.9191919191919192,62.99100492696487,91
calm,E0_ideal,naive-momentum,3,0,0.10308881303489015,32.62032622819864,-0.00029993001499695193,0.8409090909090909,55.70670877228715,74
calm,E0_ideal,naive-momentum,4,0,0.12830102841245683,30.781314224778683,-0.00029993001499695193,0.945054945054945,64.08969596913882,86
calm,E0_ideal,naive-momentum,5,0,0.12189410348261798,34.68624757863151,-0.00029993001499695193,0.9555555555555556,59.42830605734913,86
calm,E0_ideal,naive-momentum,6,0,0.12339658092067962,27.630499132409774,-0.00029993001499706295,0.945054945054945,68.23414726561987,86
calm,E0_ideal,naive-momentum,7,0,0.14406424218587333,36.413921851567345,-0.00029993001499695193,0.9425287356321839,53.51877214856112,82
calm,E0_ideal,naive-momentum,8,0,0.11093234534347807,32.11324956080095,-0.00029993001499706295,0.9010989010989011,60.796840009194575,82
calm,E0_ideal,naive-momentum,9,0,0.14086989463560173,37.19185494704189,-0.00029993001499695193,0.9347826086956522,58.61990029523759,86
calm,E0_ideal,naive-momentum,10,0,0.11372568814799489,34.895019064364305,-0.0002985231975949354,0.8791208791208791,71.49033255546556,80
calm,E0_ideal,mean-reversion,1,0,0.0026856589318211554,1.220976793678345,-0.008223537846983153,1.0,62.68545976869803,25
calm,E0_ideal,mean-reversion,2,0,-0.00960598873875218,-3.521524331157075,-0.01807806032906767,1.0,43.21719191548468,13
calm,E0_ideal,mean-reversion,3,0,-0.015251906116471536,-7.599585642140271,-0.018940848472730698,0.92,48.76242627997938,23
calm,E0_ideal,mean-reversion,4,0,-0.01504719728419901,-11.112191580070673,-0.01504719728419901,1.0,29.116676232720604,22
calm,E0_ideal,mean-reversion,5,0,-0.004365923164667773,-1.5553580574757906,-0.01704021366095565,1.0,50.448629692573725,24
calm,E0_ideal,mean-reversion,6,0,-0.016183198255008358,-3.434761627601051,-0.0320970328467991,1.0,63.884436229405786,25
calm,E0_ideal,mean-reversion,7,0,-0.01327152368404727,-4.313306101390095,-0.01955655740945328,1.0,43.878540226296195,25
calm,E0_ideal,mean-reversion,8,0,-0.0073017271148547724,-2.9734261424433686,-0.012372485309262826,1.0,66.52393171911757,25
calm,E0_ideal,mean-reversion,9,0,-0.0008430863085286955,-0.24982108056177693,-0.015292449529578755,1.0,44.4579625112159,17
calm,E0_ideal,mean-reversion,10,0,0.011122143397839457,4.492279248659692,-0.00378565731021141,1.0,71.79537990089396,27
calm,E0_ideal,risk-parity,1,0,0.11483403588727659,40.559060634044236,0.0,0.8803418803418803,65.18810372340991,103
calm,E0_ideal,risk-parity,2,0,0.0866511058063133,45.414494047381396,0.0,0.8508771929824561,65.58683947821521,97
calm,E0_ideal,risk-parity,3,0,0.054489962420048776,25.71433948867087,-0.0008750272967975592,0.8403361344537815,60.55300175081932,100
calm,E0_ideal,risk-parity,4,0,0.08825337343593764,36.78757234310024,0.0,0.8974358974358975,64.49839598580742,105
calm,E0_ideal,risk-parity,5,0,0.09374991581097891,42.76184937054193,0.0,0.8813559322033898,73.14788730256052,104
calm,E0_ideal,risk-parity,6,0,0.08098135105259541,37.22965971745159,0.0,0.8632478632478633,60.668931175540806,101
calm,E0_ideal,risk-parity,7,0,0.1033155005205153,49.341595316704,0.0,0.907563025210084,66.78031888980288,108
calm,E0_ideal,risk-parity,8,0,0.09845405568246424,39.41597386166725,0.0,0.8813559322033898,59.81844723502361,104
calm,E0_ideal,risk-parity,9,0,0.1059730789608575,37.96278307430714,0.0,0.9051724137931034,79.05906287563786,105
calm,E0_ideal,risk-parity,10,0,0.07285254619371306,23.057403102622064,-0.0033243328813928885,0.905982905982906,65.05679186967868,106
calm,E0_ideal,minimum-variance,1,0,0.10624753325886971,44.81631863116407,0.0,0.956140350877193,46.81202814224524,109
calm,E0_ideal,minimum-variance,2,0,0.09293978841802653,50.61201390607,0.0,0.9137931034482759,43.07352131105477,106
calm,E0_ideal,minimum-variance,3,0,0.07088326619327856,30.18584688401932,0.0,0.9322033898305084,48.875917709257784,110
calm,E0_ideal,minimum-variance,4,0,0.09934481690414487,44.74230845601839,0.0,1.0,41.39818528636137,117
calm,E0_ideal,minimum-variance,5,0,0.09745897180404839,44.05965788751967,0.0,0.8771929824561403,48.30375307691992,100
calm,E0_ideal,minimum-variance,6,0,0.10270399906735217,46.935107890030274,0.0,0.9230769230769231,47.12123540918374,108
calm,E0_ideal,minimum-variance,7,0,0.1043200331182006,62.63605696465804,0.0,0.8974358974358975,34.94073146078126,105
calm,E0_ideal,minimum-variance,8,0,0.08161240851613227,40.29869504304957,0.0,0.9210526315789473,42.87778996462231,105
calm,E0_ideal,minimum-variance,9,0,0.10799220464706005,40.77977562611724,0.0,0.9478260869565217,52.903649398976334,109
calm,E0_ideal,minimum-variance,10,0,0.08675591862069298,37.46523785317828,0.0,0.9572649572649573,50.68618183780244,112
calm,E0_ideal,random,1,0,0.08022831837689437,23.021783124940793,-0.00029993001499695193,0.9363636363636364,141.25793400779912,103
calm,E0_ideal,random,2,0,0.06305957678443419,19.191520710642756,-0.0002999300149968409,0.9083333333333333,175.59488690902484,109
calm,E0_ideal,random,3,0,0.05411202035156615,24.026581603488943,-0.00029993001499706295,0.9583333333333334,170.12081820441176,115
calm,E0_ideal,random,4,0,0.06584223754057539,23.282438665189936,-0.00029993001499695193,0.9666666666666667,188.9760485914919,116
calm,E0_ideal,random,5,0,0.07240528272383973,17.726435716584028,-0.000477929831479984,0.9663865546218487,210.2974587219851,115
calm,E0_ideal,random,6,0,0.05722105599102645,19.51089253300699,-0.0002999300149968409,0.9411764705882353,180.49174388463067,112
calm,E0_ideal,random,7,0,0.0685678376611274,21.23866550592252,-0.00029993001499695193,0.9322033898305084,183.21992821040368,110
calm,E0_ideal,random,8,0,0.057293045789788666,18.21884437133648,-0.0002999300149968409,0.9727272727272728,173.27929248646433,107
calm,E0_ideal,random,9,0,0.10693024757079539,39.11607930675611,0.0,0.9333333333333333,185.9163064150221,112
calm,E0_ideal,random,10,0,0.061043623424579696,20.396764171003312,-0.0002999300149968409,0.9583333333333334,191.96675014889038,115
calm,E0_ideal,no-trade-band,1,0,0.11358712387970393,43.855577888973976,0.0,1.0,59.351657340686806,42
calm,E0_ideal,no-trade-band,2,0,0.08092350499629397,40.84100048308633,0.0,1.0,50.98190314687258,31
calm,E0_ideal,no-trade-band,3,0,0.057537504601350875,29.690346037517394,0.0,0.9393939393939394,42.18578528385843,31
calm,E0_ideal,no-trade-band,4,0,0.09081431827726205,40.16331724476687,0.0,1.0,45.41726480351944,43
calm,E0_ideal,no-trade-band,5,0,0.09273418026356772,36.82825202873583,0.0,0.9512195121951219,63.3935372416317,39
calm,E0_ideal,no-trade-band,6,0,0.07512050912868706,34.46385781827925,0.0,1.0,45.195982015367136,29
calm,E0_ideal,no-trade-band,7,0,0.09537702593970843,54.703204366959085,0.0,0.9772727272727273,54.40925292537888,43
calm,E0_ideal,no-trade-band,8,0,0.09072029404575543,43.00997998118305,0.0,0.96,43.98840753100171,24
calm,E0_ideal,no-trade-band,9,0,0.09985020218542018,36.09423255966229,0.0,1.0,68.08348606022992,37
calm,E0_ideal,no-trade-band,10,0,0.07002144909212271,22.279579227335493,-0.003263227603266916,0.96875,57.95377259497935,31
calm,E1_default_stress,buy-and-hold,1,0,0.10231875817444602,31.517310803629183,-0.0020116397668318298,0.7889908256880734,228.21425590573102,86
calm,E1_default_stress,buy-and-hold,2,0,0.07974535135579708,27.765135820637134,-0.0019345149511195148,0.8018018018018018,226.8255032768866,89
calm,E1_default_stress,buy-and-hold,3,0,0.06345666110622528,24.062603658384447,-0.002083437369392538,0.7787610619469026,234.16153420805554,88
calm,E1_default_stress,buy-and-hold,4,0,0.08535287385790702,30.820527494646104,-0.002122488154790436,0.8018018018018018,247.49048283002364,89
calm,E1_default_stress,buy-and-hold,5,0,0.086121600298805,27.743153428945224,-0.0023235412311198855,0.7807017543859649,266.15436731297217,89
calm,E1_default_stress,buy-and-hold,6,0,0.07328017508362339,27.983719913774607,-0.001818943893806102,0.8053097345132744,224.26922979037113,91
calm,E1_default_stress,buy-and-hold,7,0,0.08719486114081376,30.732475645354473,-0.002174888623508009,0.7478260869565218,267.44249637439617,86
calm,E1_default_stress,buy-and-hold,8,0,0.07955040403224833,27.282424348162024,-0.0021680924350251374,0.7699115044247787,246.38142248594878,87
calm,E1_default_stress,buy-and-hold,9,0,0.10572156609159244,29.296754703013608,-0.0018727711412001025,0.8173913043478261,214.91414707282433,94
calm,E1_default_stress,buy-and-hold,10,0,0.08391407804813866,26.42999811745217,-0.001956749136478586,0.7739130434782608,227.6248841991879,89
calm,E1_default_stress,signal-weighted,1,0,0.05326655205218711,9.187788908897563,-0.005470782189147427,0.45614035087719296,848.2947438749871,26
calm,E1_default_stress,signal-weighted,2,0,0.04524137499620018,13.154303663436096,-0.0016784271416324659,0.5074626865671642,965.4110416577357,34
calm,E1_default_stress,signal-weighted,3,0,0.013759094862737964,4.336075492612517,-0.0077109889993434155,0.4838709677419355,796.4681377464716,30
calm,E1_default_stress,signal-weighted,4,0,0.0322059297234949,10.582824599326713,-0.0046359024798169335,0.5166666666666667,745.3462826993792,31
calm,E1_default_stress,signal-weighted,5,0,0.04752912213393712,9.254856552718906,-0.010769860900199602,0.5074626865671642,1319.26629792599,34
calm,E1_default_stress,signal-weighted,6,0,0.060646124846817306,15.910775093101012,-0.002108645173890533,0.46774193548387094,1048.1436594557745,29
calm,E1_default_stress,signal-weighted,7,0,0.08174262502272156,17.730875724765625,-0.0013585330271120855,0.5230769230769231,1094.5151002421767,34
calm,E1_default_stress,signal-weighted,8,0,0.03312724334197781,10.692006293325262,-0.004786673972815403,0.46774193548387094,973.6784647165151,29
calm,E1_default_stress,signal-weighted,9,0,0.023584469529766672,6.756877705799242,-0.008206316507335276,0.42857142857142855,561.4961750896641,24
calm,E1_default_stress,signal-weighted,10,0,0.032976836588091585,8.020206361157905,-0.009060279192628862,0.5522388059701493,1174.2255538084746,37
calm,E1_default_stress,naive-momentum,1,0,0.1295540080443529,24.778908260040946,-0.0020049460761927262,0.7311827956989247,833.7698425115195,68
calm,E1_default_stress,naive-momentum,2,0,0.08443421171307608,19.649406265876575,-0.0017730640163303724,0.6862745098039216,755.0010890893473,70
calm,E1_default_stress,naive-momentum,3,0,0.08532687111220083,23.433300695731397,-0.002006863193884767,0.7065217391304348,514.9729820137984,65
calm,E1_default_stress,naive-momentum,4,0,0.10610934917132453,22.976571243772405,-0.0022923463889547024,0.7391304347826086,779.9954218576796,68
calm,E1_default_stress,naive-momentum,5,0,0.09624967328255218,22.654646394648243,-0.0017430503848246959,0.7526881720430108,799.9274544225158,70
calm,E1_default_stress,naive-momentum,6,0,0.08688930437738152,20.24659342743502,-0.0021010507627536867,0.7717391304347826,870.7518614722081,71
calm,E1_default_stress,naive-momentum,7,0,0.11578370809010252,24.80692862018541,-0.002662407653472143,0.7386363636363636,734.7753490998286,65
calm,E1_default_stress,naive-momentum,8,0,0.09324887320140207,23.87133079324473,-0.0018920317296201583,0.7849462365591398,705.004005982835,73
calm,E1_default_stress,naive-momentum,9,0,0.11194191913566387,24.718379027919156,-0.0025126900813180475,0.75,847.2948505519887,72
calm,E1_default_stress,naive-momentum,10,0,0.07893881235812228,20.215060397041107,-0.0020796569973554613,0.6847826086956522,1205.4219841471922,63
calm,E1_default_stress,mean-reversion,1,0,-0.008753270070304908,-2.86184037290658,-0.019091283318266816,0.7407407407407407,671.9896774063424,20
calm,E1_default_stress,mean-reversion,2,0,-0.008788143994890807,-5.047772582045299,-0.008788143994890807,0.8461538461538461,385.34729451194295,11
calm,E1_default_stress,mean-reversion,3,0,-0.016196464328292026,-6.159209177625781,-0.019546438441322866,0.6923076923076923,713.887175038446,18
calm,E1_default_stress,mean-reversion,4,0,-0.019646983546063868,-9.910626117457209,-0.019646983546063868,0.6666666666666666,441.40568398712463,16
calm,E1_default_stress,mean-reversion,5,0,-0.003505685162227712,-1.3109246769599108,-0.015402413735753462,0.7037037037037037,453.685797988403,19
calm,E1_default_stress,mean-reversion,6,0,-0.02625246321827024,-6.301985240548686,-0.03412147764473339,0.6774193548387096,772.1431498730793,21
calm,E1_default_stress,mean-reversion,7,0,-0.02371149042684617,-7.452721506102845,-0.02388428001532883,0.7407407407407407,693.1905268524278,20
calm,E1_default_stress,mean-reversion,8,0,-0.0048913469329744386,-1.1937150837011197,-0.02206438314260295,0.6666666666666666,519.5825426435069,20
calm,E1_default_stress,mean-reversion,9,0,-0.011653136857960544,-3.8899389822153894,-0.021174136350884942,0.7619047619047619,681.7903618618242,16
calm,E1_default_stress,mean-reversion,10,0,0.014588514252733331,4.192885286970645,-0.005957116163907039,0.7741935483870968,832.1607625329733,24
calm,E1_default_stress,risk-parity,1,0,0.09699917141462322,27.90488852231429,-0.002021894683192693,0.7,1212.1129819824025,84
calm,E1_default_stress,risk-parity,2,0,0.06989232910062326,20.886366643457144,-0.0019276813315002306,0.7,891.5790550453336,84
calm,E1_default_stress,risk-parity,3,0,0.03427628928163973,15.732756641297602,-0.0020856244987961237,0.6890756302521008,760.6436680966668,82
calm,E1_default_stress,risk-parity,4,0,0.06670568285631817,22.201127850952357,-0.002104287038841468,0.7583333333333333,952.1523089894358,91
calm,E1_default_stress,risk-parity,5,0,0.06746789619038762,26.37440531764966,-0.0023238870978899984,0.7,1391.5329124639968,84
calm,E1_default_stress,risk-parity,6,0,0.05265913516473786,22.938889486889384,-0.0017987965948069728,0.7166666666666667,865.7213530228182,86
calm,E1_default_stress,risk-parity,7,0,0.07379207671304444,26.290025629775663,-0.0021778461329272636,0.775,1086.5665478976975,93
calm,E1_default_stress,risk-parity,8,0,0.07814306830877804,23.171291956436082,-0.002171949415033625,0.8083333333333333,915.3820256110592,97
calm,E1_default_stress,risk-parity,9,0,0.08699581545130064,24.8929822233504,-0.001884118376756616,0.75,1214.4647459470027,90
calm,E1_default_stress,risk-parity,10,0,0.04543864707397893,12.823222864015024,-0.0019488624220895812,0.725,1014.1472649413513,87
calm,E1_default_stress,minimum-variance,1,0,0.09156800568675294,30.07467362076836,-0.002021894683192693,0.7583333333333333,676.9176512806164,91
calm,E1_default_stress,minimum-variance,2,0,0.0727449873804431,23.56180283895523,-0.0019276813315002306,0.8,709.246146243674,96
calm,E1_default_stress,minimum-variance,3,0,0.053722302613507855,17.82126448120782,-0.0020856244987961237,0.7899159663865546,685.3741217557592,94
calm,E1_default_stress,minimum-variance,4,0,0.07962274191186403,28.79117039430064,-0.002104287038841468,0.7394957983193278,508.3967606210726,88
calm,E1_default_stress,minimum-variance,5,0,0.07989436283716822,25.91165933121103,-0.0023238870978899984,0.7627118644067796,846.8533324358666,90
calm,E1_default_stress,minimum-variance,6,0,0.08451969997194908,23.8900106323784,-0.0017987965948069728,0.675,672.399839982399,81
calm,E1_default_stress,minimum-variance,7,0,0.08543540764332369,31.342277392346194,-0.0021778461329272636,0.7815126050420168,467.66616381908193,93
calm,E1_default_stress,minimum-variance,8,0,0.06468115238253014,22.32862231701471,-0.002171949415033625,0.7666666666666667,712.6297979016608,92
calm,E1_default_stress,minimum-variance,9,0,0.09283922935607669,26.685329269740027,-0.001884118376756616,0.7416666666666667,699.3783960940092,89
calm,E1_default_stress,minimum-variance,10,0,0.06730589247215857,20.990816509532415,-0.0019488624220895812,0.7435897435897436,815.0043063436859,87
calm,E1_default_stress,random,1,0,0.06555741904113033,18.070215626093752,-0.0017307600531801803,0.7037037037037037,1109.8333546081542,76
calm,E1_default_stress,random,2,0,0.042048295330163965,17.772880438055328,-0.0020674685715365015,0.7850467289719626,1161.1448384258315,84
calm,E1_default_stress,random,3,0,0.03392121185718411,17.481372851196916,-0.0020182468381554353,0.7226890756302521,1121.3069093610206,86
calm,E1_default_stress,random,4,0,0.05261095864076615,21.43836573240588,-0.0020895903510753655,0.7391304347826086,1170.0228737372472,85
calm,E1_default_stress,random,5,0,0.05810138967470935,16.39774978554847,-0.002294207795124792,0.719626168224299,1203.952061927676,77
calm,E1_default_stress,random,6,0,0.03863149325518345,16.650892609259095,-0.0015686548088830188,0.7542372881355932,1234.993963506682,89
calm,E1_default_stress,random,7,0,0.051351300537989975,16.816760218462488,-0.002555719159160086,0.7727272727272727,1450.7287149678702,85
calm,E1_default_stress,random,8,0,0.05762575855406471,16.41713092755529,-0.0020967813452031914,0.7155172413793104,1274.3465315073436,83
calm,E1_default_stress,random,9,0,0.10482049881738664,24.19285961692459,-0.002045399217333599,0.75,1344.2609107327858,90
calm,E1_default_stress,random,10,0,0.053755985639538206,12.187895646125613,-0.0016101325985761195,0.5641025641025641,1180.7612205475632,66
calm,E1_default_stress,no-trade-band,1,0,0.10305883386854986,26.098164033996206,-0.002021894683192693,0.7171717171717171,1115.346574365864,71
calm,E1_default_stress,no-trade-band,2,0,0.06627296477032729,21.93787382061133,-0.0019276813315002306,0.7285714285714285,841.9200493172136,51
calm,E1_default_stress,no-trade-band,3,0,0.041411849633086195,17.903342317235385,-0.0021464085641351716,0.7191011235955056,577.2831206956674,64
calm,E1_default_stress,no-trade-band,4,0,0.06416740436207524,21.743057746520474,-0.002104287038841468,0.7307692307692307,619.6560346163723,38
calm,E1_default_stress,no-trade-band,5,0,0.06953180075831966,28.371345659860904,-0.0023238870978899984,0.6263736263736264,994.1899012601777,57
calm,E1_default_stress,no-trade-band,6,0,0.05648747213409999,20.669745832691063,-0.0017987965948069728,0.7674418604651163,701.3573577581134,66
calm,E1_default_stress,no-trade-band,7,0,0.0699786895547374,26.10211238495779,-0.0021778461329272636,0.8375,777.0547521952032,67
calm,E1_default_stress,no-trade-band,8,0,0.07640501308660674,22.144380038524062,-0.002171949415033625,0.8028169014084507,689.7107146626101,57
calm,E1_default_stress,no-trade-band,9,0,0.09112736918690234,23.465171858186636,-0.001884118376756616,0.7111111111111111,1132.792391784319,64
calm,E1_default_stress,no-trade-band,10,0,0.059092150711993696,15.772667791544366,-0.0019488624220895812,0.6989247311827957,825.9518877516366,65
calm,E2_spread_20bps,buy-and-hold,1,0,0.10103032483996133,29.55854349393547,-0.0030056275893896034,0.8073394495412844,347.32542351899275,88
calm,E2_spread_20bps,buy-and-hold,2,0,0.07846268249867472,25.8851597144672,-0.0029299530402927543,0.8141592920353983,351.32205063286415,92
calm,E2_spread_20bps,buy-and-hold,3,0,0.06218506356490683,22.35809772781329,-0.003078274580882834,0.7876106194690266,357.5470013831579,89
calm,E2_spread_20bps,buy-and-hold,4,0,0.0840171273942214,28.531510350525263,-0.0031181459779352494,0.7927927927927928,373.301570478234,88
calm,E2_spread_20bps,buy-and-hold,5,0,0.08480016319381933,25.976200854031966,-0.0033191691217283603,0.7894736842105263,390.23415733939225,90
calm,E2_spread_20bps,buy-and-hold,6,0,0.0719467830594005,25.90844427326426,-0.0028152771689361478,0.7982456140350878,350.1675031904443,91
calm,E2_spread_20bps,buy-and-hold,7,0,0.08582271773247152,28.515419350115334,-0.0031704855931377063,0.7565217391304347,398.3968000256188,87
calm,E2_spread_20bps,buy-and-hold,8,0,0.07825251938174493,25.459659402340872,-0.0031631978660087157,0.7631578947368421,368.56994240437,87
calm,E2_spread_20bps,buy-and-hold,9,0,0.10438646966707466,27.706821093396993,-0.002866710706138531,0.7894736842105263,334.9783108160957,90
calm,E2_spread_20bps,buy-and-hold,10,0,0.08262531045575794,24.83790770638888,-0.0029525677636031977,0.782608695652174,349.87018411559774,90
calm,E2_spread_20bps,signal-weighted,1,0,0.04987685426206201,8.671947904951491,-0.006323359615994506,0.45614035087719296,1182.9336939632951,26
calm,E2_spread_20bps,signal-weighted,2,0,0.039804401056106054,11.763415423354342,-0.0023855462508861613,0.5074626865671642,1493.4805795433017,34
calm,E2_spread_20bps,signal-weighted,3,0,0.00912640460916947,2.8495434313163432,-0.01011180833736236,0.4838709677419355,1251.0112046317768,30
calm,E2_spread_20bps,signal-weighted,4,0,0.028267431859255288,9.2170835610768,-0.005835819446146195,0.5166666666666667,1131.9091388422378,31
calm,E2_spread_20bps,signal-weighted,5,0,0.041429757803514544,8.163025906032905,-0.01227776585283935,0.5,1909.0062022856548,33
calm,E2_spread_20bps,signal-weighted,6,0,0.05643810481752354,14.442097627084344,-0.0028236413442823682,0.4838709677419355,1459.0915565010491,30
calm,E2_spread_20bps,signal-weighted,7,0,0.07619198127628946,16.714885319390717,-0.0020581769008476414,0.5384615384615384,1629.5369780102958,35
calm,E2_spread_20bps,signal-weighted,8,0,0.028583864408247228,9.004695070982237,-0.005425762699791559,0.46774193548387094,1421.4459037920205,29
calm,E2_spread_20bps,signal-weighted,9,0,0.02102260003930745,5.994465189807112,-0.008920361908514418,0.42857142857142855,813.0535788867979,24
calm,E2_spread_20bps,signal-weighted,10,0,0.0268618812092003,6.50214961617369,-0.011803928189180302,0.5522388059701493,1772.9969873015807,37
calm,E2_spread_20bps,naive-momentum,1,0,0.1254704718811912,23.7416883190389,-0.0029825131080241096,0.7419354838709677,1219.8920172672808,69
calm,E2_spread_20bps,naive-momentum,2,0,0.08027967546399783,18.411911365334642,-0.0027687867566987823,0.6862745098039216,1153.5571250116918,70
calm,E2_spread_20bps,naive-momentum,3,0,0.08233406252204989,22.143136600739762,-0.0030024397062466956,0.7282608695652174,799.583618289559,67
calm,E2_spread_20bps,naive-momentum,4,0,0.10243289480223083,21.85470211429471,-0.003287226906824703,0.7282608695652174,1126.5155780022958,67
calm,E2_spread_20bps,naive-momentum,5,0,0.09199065244333382,21.346169112161448,-0.0027383180305549093,0.7634408602150538,1210.107976110772,71
calm,E2_spread_20bps,naive-momentum,6,0,0.0827529006761587,18.98705116247978,-0.0030973012560698843,0.7391304347826086,1266.085421976486,68
calm,E2_spread_20bps,naive-momentum,7,0,0.11214468697938496,23.564848153618318,-0.0036571128052107493,0.7303370786516854,1075.2028809620715,65
calm,E2_spread_20bps,naive-momentum,8,0,0.08947207859613737,22.36378717075353,-0.0028885483891842867,0.7741935483870968,1064.3759401029001,72
calm,E2_spread_20bps,naive-momentum,9,0,0.107938787476205,23.48405536747155,-0.00350811812208196,0.75,1226.4655526382628,72
calm,E2_spread_20bps,naive-momentum,10,0,0.07315389841953435,18.814823790088294,-0.0030736815893637193,0.6847826086956522,1747.5800274736605,63
calm,E2_spread_20bps,mean-reversion,1,0,-0.013021500210856463,-4.2830831664555635,-0.020817264683188785,0.7407407407407407,1101.9366406776644,20
calm,E2_spread_20bps,mean-reversion,2,0,-0.010513372780380892,-5.938130678235922,-0.010513372780380892,0.8461538461538461,559.3489913561768,11
calm,E2_spread_20bps,mean-reversion,3,0,-0.020098393383420232,-7.770287414654059,-0.021357037482145014,0.6538461538461539,1108.686326262518,17
calm,E2_spread_20bps,mean-reversion,4,0,-0.02299791650998062,-11.165533533318243,-0.02299791650998062,0.6666666666666666,777.7234434393006,16
calm,E2_spread_20bps,mean-reversion,5,0,-0.00631429682861806,-2.449686142525798,-0.015988176458469727,0.7407407407407407,734.3661153605809,20
calm,E2_spread_20bps,mean-reversion,6,0,-0.02960616037333208,-7.1239803100775365,-0.03615866333380502,0.7096774193548387,1119.6007433949494,22
calm,E2_spread_20bps,mean-reversion,7,0,-0.027795236326307093,-8.921387909853475,-0.027795236326307093,0.7407407407407407,1100.5311587315532,20
calm,E2_spread_20bps,mean-reversion,8,0,-0.007352932406262891,-1.8316695200571569,-0.0228441039876508,0.7,769.7124467760498,21
calm,E2_spread_20bps,mean-reversion,9,0,-0.01573739660924245,-5.2656911687475345,-0.022365218219562166,0.7619047619047619,1094.8026871827924,16
calm,E2_spread_20bps,mean-reversion,10,0,0.009489533640813841,2.726258760021609,-0.008906341856717126,0.7741935483870968,1339.8054953371445,24
calm,E2_spread_20bps,risk-parity,1,0,0.09149346423832849,25.703300611679158,-0.0030174028787081086,0.7083333333333334,1733.1609436068711,85
calm,E2_spread_20bps,risk-parity,2,0,0.06519612977034117,18.94075098603703,-0.0029224662535670687,0.7,1335.2665642555876,84
calm,E2_spread_20bps,risk-parity,3,0,0.02968049912938886,13.062921322208847,-0.0030806552703908086,0.6890756302521008,1218.3875632241586,82
calm,E2_spread_20bps,risk-parity,4,0,0.06170625103111238,20.202135824786918,-0.003098674232647647,0.7666666666666667,1434.8417749419443,92
calm,E2_spread_20bps,risk-parity,5,0,0.06065948718454561,23.63196149259996,-0.0033195430633047307,0.675,2040.3572808872136,81
calm,E2_spread_20bps,risk-parity,6,0,0.047933965056726535,20.171504987793536,-0.0027934788562005153,0.7166666666666667,1319.8131970833274,86
calm,E2_spread_20bps,risk-parity,7,0,0.06817389451821398,23.493071924493083,-0.003173658935691881,0.7583333333333333,1635.7573468599257,91
calm,E2_spread_20bps,risk-parity,8,0,0.07376141345517584,21.42368755381468,-0.0031674545939098797,0.8,1335.5604194351702,96
calm,E2_spread_20bps,risk-parity,9,0,0.08060448870131243,22.33280888187453,-0.0028797785284041533,0.7416666666666667,1828.1520207409562,89
calm,E2_spread_20bps,risk-parity,10,0,0.04001855161049139,11.048613644105464,-0.0029437239787158953,0.725,1540.42029987003,87
calm,E2_spread_20bps,minimum-variance,1,0,0.08809868423694933,27.621892455491448,-0.0030174028787081086,0.75,1010.2938055687008,90
calm,E2_spread_20bps,minimum-variance,2,0,0.06911831479430508,21.382833200144496,-0.0029224662535670687,0.7916666666666666,1062.2361095252027,95
calm,E2_spread_20bps,minimum-variance,3,0,0.05005413712231621,16.03681185475105,-0.0030806552703908086,0.7983193277310925,1047.1004105875816,95
calm,E2_spread_20bps,minimum-variance,4,0,0.07692480690885883,26.54775355744016,-0.003098674232647647,0.7457627118644068,763.5227107340805,88
calm,E2_spread_20bps,minimum-variance,5,0,0.075796342976727,23.635288706722434,-0.0033195430633047307,0.7711864406779662,1240.5552186799166,91
calm,E2_spread_20bps,minimum-variance,6,0,0.08092995509989698,22.112431568196975,-0.0027934788562005153,0.6666666666666666,1022.1049774284078,80
calm,E2_spread_20bps,minimum-variance,7,0,0.08299718954560698,28.741671815595453,-0.003173658935691881,0.7815126050420168,704.352423138431,93
calm,E2_spread_20bps,minimum-variance,8,0,0.06098595612607638,20.028916659793374,-0.0031674545939098797,0.7394957983193278,1071.7315412405621,88
calm,E2_spread_20bps,minimum-variance,9,0,0.08915690465007287,24.80467985457811,-0.0028797785284041533,0.7416666666666667,1053.8937585366564,89
calm,E2_spread_20bps,minimum-variance,10,0,0.06300643569953923,18.9370578739735,-0.0029437239787158953,0.7627118644067796,1231.4419645151322,90
calm,E2_spread_20bps,random,1,0,0.059723929661507524,16.04552563246561,-0.002726185962318217,0.6944444444444444,1670.291036370628,75
calm,E2_spread_20bps,random,2,0,0.03608103426684761,14.484037464653216,-0.0030621132194591505,0.7830188679245284,1740.340021842106,83
calm,E2_spread_20bps,random,3,0,0.028143915191395363,13.945724218294119,-0.003013328621572331,0.7226890756302521,1693.197571673476,86
calm,E2_spread_20bps,random,4,0,0.046600614899380055,18.494457165473168,-0.003083989329462966,0.7391304347826086,1758.801762985275,85
calm,E2_spread_20bps,random,5,0,0.05204527235960188,14.369359602026892,-0.0032898894937430923,0.719626168224299,1795.4230764068395,77
calm,E2_spread_20bps,random,6,0,0.03223474303454066,13.687215291094931,-0.0025635720129053574,0.7542372881355932,1861.6912088054894,89
calm,E2_spread_20bps,random,7,0,0.04455340100620897,13.928962399083582,-0.003551165860743888,0.7636363636363637,2116.2210571429723,84
calm,E2_spread_20bps,random,8,0,0.051489533614061944,14.546959366263552,-0.003092362536090687,0.7155172413793104,1866.641318946115,83
calm,E2_spread_20bps,random,9,0,0.09789788756341111,21.939938734428843,-0.003040911782103528,0.75,2001.205383680551,90
calm,E2_spread_20bps,random,10,0,0.04769555060658548,10.592197498066989,-0.002605337953813902,0.5641025641025641,1768.243925041916,66
calm,E2_spread_20bps,no-trade-band,1,0,0.09812796549066816,24.261984935672448,-0.0030174028787081086,0.7272727272727273,1583.990595118787,72
calm,E2_spread_20bps,no-trade-band,2,0,0.06185032554257175,19.734436850282343,-0.0029224662535670687,0.7142857142857143,1267.0030985187177,50
calm,E2_spread_20bps,no-trade-band,3,0,0.03777811849804125,15.85198531491402,-0.0030806552703908086,0.7191011235955056,930.4425546959519,64
calm,E2_spread_20bps,no-trade-band,4,0,0.060743586749892886,19.93541213800351,-0.003098674232647647,0.75,954.147549160382,39
calm,E2_spread_20bps,no-trade-band,5,0,0.06461419302049931,25.38662105997709,-0.0033195430633047307,0.6559139784946236,1459.4020982962002,61
calm,E2_spread_20bps,no-trade-band,6,0,0.05240760823455126,18.788508325951437,-0.0027934788562005153,0.7674418604651163,1090.721377946932,66
calm,E2_spread_20bps,no-trade-band,7,0,0.06588023931122566,23.587211511220524,-0.003173658935691881,0.825,1176.990903205044,66
calm,E2_spread_20bps,no-trade-band,8,0,0.07332503762741016,20.924279062059416,-0.0031674545939098797,0.8169014084507042,975.5810150642233,58
calm,E2_spread_20bps,no-trade-band,9,0,0.08511324729578607,21.2840663170771,-0.0028797785284041533,0.7111111111111111,1700.034910592289,64
calm,E2_spread_20bps,no-trade-band,10,0,0.054607008467656204,14.171189697688384,-0.0029437239787158953,0.7204301075268817,1258.573623897079,67
calm,E2_latency_3,buy-and-hold,1,0,0.08151311656024207,20.42620806226617,-0.0022942897312732136,0.49572649572649574,287.19561164008707,58
calm,E2_latency_3,buy-and-hold,2,0,0.05580903773890311,17.684550026655934,-0.002404897996716171,0.4915254237288136,292.8178590585042,58
calm,E2_latency_3,buy-and-hold,3,0,0.050338273177306325,17.055843886797867,-0.00167416967639189,0.48695652173913045,203.80438578068635,56
calm,E2_latency_3,buy-and-hold,4,0,0.06745949367813098,18.94366374233216,-0.002114631539315459,0.4957983193277311,263.1904408967192,59
calm,E2_latency_3,buy-and-hold,5,0,0.06792364603765866,18.76307869227028,-0.0024985315215343418,0.4827586206896552,301.243252983128,56
calm,E2_latency_3,buy-and-hold,6,0,0.059653928408154755,19.91000803219607,-0.0023051530983380086,0.5084745762711864,281.0140446575821,60
calm,E2_latency_3,buy-and-hold,7,0,0.06725049500219726,18.57958604719886,-0.0023567022384154424,0.4782608695652174,294.3295931870211,55
calm,E2_latency_3,buy-and-hold,8,0,0.05764936353204009,17.284428167104714,-0.0026809600540802503,0.4957983193277311,314.7775665170316,59
calm,E2_latency_3,buy-and-hold,9,0,0.07878701129629007,19.24519668640239,-0.0023575249285107125,0.5,298.5151649622225,60
calm,E2_latency_3,buy-and-hold,10,0,0.06327960119519616,18.47079750871581,-0.0022988065952663783,0.48739495798319327,274.5480202070458,58
calm,E2_latency_3,signal-weighted,1,0,0.05863742491766866,10.560371952615359,-0.0015617208186428089,0.37735849056603776,703.821900104268,20
calm,E2_latency_3,signal-weighted,2,0,0.038037384790730044,13.756981443761376,-0.0007245576048030555,0.36666666666666664,534.5664508790253,22
calm,E2_latency_3,signal-weighted,3,0,0.021840017986517246,8.376651739485874,-0.0016929305957740226,0.3728813559322034,658.0939636537826,22
calm,E2_latency_3,signal-weighted,4,0,0.021481754917037632,7.06710612770355,-0.007661849772842455,0.3225806451612903,570.0547165874274,20
calm,E2_latency_3,signal-weighted,5,0,0.055252954305877955,11.073785245483968,-0.002726004588939346,0.3225806451612903,743.3808955935306,20
calm,E2_latency_3,signal-weighted,6,0,0.04755232093688777,11.185831961882004,-0.001441174641998999,0.3898305084745763,672.0357713712876,23
calm,E2_latency_3,signal-weighted,7,0,0.05308181547879087,12.17508742079778,-0.0013599782016646689,0.3333333333333333,575.3317278480303,20
calm,E2_latency_3,signal-weighted,8,0,0.024001984554301803,9.661443417625529,-0.002241030811910294,0.3620689655172414,645.2692750258137,21
calm,E2_latency_3,signal-weighted,9,0,0.016532314814017512,6.19677832864869,-0.004437151015697194,0.4117647058823529,450.1485178566205,21
calm,E2_latency_3,signal-weighted,10,0,0.06831439801917982,14.432682338222518,-0.0013028128863684652,0.3333333333333333,798.5988878111831,21
calm,E2_latency_3,naive-momentum,1,0,0.10435299907583073,16.32369382033198,-0.0022502673898737724,0.3333333333333333,589.0775694242932,31
calm,E2_latency_3,naive-momentum,2,0,0.05887173374444732,14.957089389511324,-0.0019825086233520306,0.3592233009708738,479.4274929329172,37
calm,E2_latency_3,naive-momentum,3,0,0.04817480942991614,13.503023057835481,-0.0021057683645919756,0.35051546391752575,476.13043769906295,34
calm,E2_latency_3,naive-momentum,4,0,0.08100892555615591,16.89987315819382,-0.0024903734020181867,0.35106382978723405,421.6666946780249,33
calm,E2_latency_3,naive-momentum,5,0,0.0709137103514601,16.271015201292457,-0.0020664489321049473,0.3229166666666667,411.1298212934225,31
calm,E2_latency_3,naive-momentum,6,0,0.07759270825311204,14.504023459847648,-0.0022662946733799094,0.3645833333333333,539.1032089180104,35
calm,E2_latency_3,naive-momentum,7,0,0.08032369101274983,16.675424300340776,-0.0028928885814450966,0.34831460674157305,402.07111884459,31
calm,E2_latency_3,naive-momentum,8,0,0.08312915637996143,16.263972012582858,-0.002078379168732103,0.34444444444444444,495.5697134376935,31
calm,E2_latency_3,naive-momentum,9,0,0.0672451480887406,15.042309138931527,-0.003097136734474426,0.37623762376237624,634.6323660011747,38
calm,E2_latency_3,naive-momentum,10,0,0.051833439912178925,12.068745607988708,-0.0024728809069602953,0.2604166666666667,690.9500717935306,25
calm,E2_latency_3,mean-reversion,1,0,-0.004885302065894992,-2.95401526619272,-0.006899082363563291,0.375,467.81102934942726,12
calm,E2_latency_3,mean-reversion,2,0,-0.028389948534824794,-5.85040220219669,-0.03468446034539241,0.5384615384615384,395.4835588065009,7
calm,E2_latency_3,mean-reversion,3,0,0.015449750618772295,4.652333407302343,-0.009447537678197504,0.39285714285714285,552.6883962682055,11
calm,E2_latency_3,mean-reversion,4,0,-0.008797189709280784,-2.6639181256583337,-0.017590185178234408,0.48148148148148145,347.2506575072979,13
calm,E2_latency_3,mean-reversion,5,0,0.0009229943848776401,0.31750128940922934,-0.012272051299515141,0.3225806451612903,290.5736385113713,10
calm,E2_latency_3,mean-reversion,6,0,0.01607653140365417,5.538791530499687,-0.0043542280731543315,0.2647058823529412,496.7062131462508,9
calm,E2_latency_3,mean-reversion,7,0,0.009984736415353357,3.120002481555663,-0.004649054782818296,0.36666666666666664,427.0500495187664,11
calm,E2_latency_3,mean-reversion,8,0,0.02072514646954504,6.344680553968127,-0.004688956025192148,0.35294117647058826,411.5617493783483,12
calm,E2_latency_3,mean-reversion,9,0,0.006334438111786689,2.5933438517569924,-0.005222109478215442,0.38461538461538464,545.5309948537024,10
calm,E2_latency_3,mean-reversion,10,0,0.03318273891581924,13.278586701997117,-0.00182086243872992,0.36585365853658536,586.255982806078,15
calm,E2_latency_3,risk-parity,1,0,0.09127051246998064,19.930549294893737,-0.0023035451935750073,0.4583333333333333,567.9306760700083,55
calm,E2_latency_3,risk-parity,2,0,0.048358329753679596,15.568580585939845,-0.002371962528695981,0.48333333333333334,453.03228745846616,58
calm,E2_latency_3,risk-parity,3,0,0.02927029561443306,9.066868805763516,-0.004988962121712737,0.4166666666666667,389.487101797935,50
calm,E2_latency_3,risk-parity,4,0,0.06890062593169244,18.46163692070582,-0.0020826417668164954,0.453781512605042,403.18094628132593,54
calm,E2_latency_3,risk-parity,5,0,0.06529778929295338,17.66186314476254,-0.0024595685318502536,0.453781512605042,429.7413052854935,54
calm,E2_latency_3,risk-parity,6,0,0.0569848326789375,18.1058175651427,-0.002366193176107756,0.375,487.15355979654925,45
calm,E2_latency_3,risk-parity,7,0,0.06457990249236945,17.924789558138006,-0.0023589128659089464,0.44166666666666665,465.02965120982407,53
calm,E2_latency_3,risk-parity,8,0,0.05941981594832635,17.389325362536223,-0.0026793740442533354,0.4369747899159664,594.9402485305567,52
calm,E2_latency_3,risk-parity,9,0,0.06483485389312604,19.605420128255847,-0.0023433332418503205,0.38333333333333336,597.0808597847978,46
calm,E2_latency_3,risk-parity,10,0,0.053608247599061354,17.026829844767253,-0.002306777512650293,0.42735042735042733,362.6707355591378,50
calm,E2_latency_3,minimum-variance,1,0,0.08020730265573972,19.203274124093035,-0.0023035451935750073,0.4051724137931034,432.30887358206803,47
calm,E2_latency_3,minimum-variance,2,0,0.05549087532249053,17.706002125009782,-0.002371962528695981,0.475,412.5604833468943,57
calm,E2_latency_3,minimum-variance,3,0,0.05138027365984277,17.201038949595578,-0.0016616694680672284,0.44166666666666665,366.74687398979296,53
calm,E2_latency_3,minimum-variance,4,0,0.07278432951575264,19.764856518797355,-0.0020826417668164954,0.44166666666666665,332.67208609644837,53
calm,E2_latency_3,minimum-variance,5,0,0.06012866008449391,17.223686282776058,-0.0024595685318502536,0.4,435.0378274408221,48
calm,E2_latency_3,minimum-variance,6,0,0.0673627198690987,17.91163142626278,-0.002366193176107756,0.375,402.45104683889286,45
calm,E2_latency_3,minimum-variance,7,0,0.06862671903911877,18.613416246077744,-0.0023589128659089464,0.4576271186440678,351.6424172688348,54
calm,E2_latency_3,minimum-variance,8,0,0.05019287665264205,16.18492065178807,-0.0026793740442533354,0.3445378151260504,440.6555556563531,41
calm,E2_latency_3,minimum-variance,9,0,0.06754390326416271,20.07970316271066,-0.0023433332418503205,0.4224137931034483,469.3723280943086,49
calm,E2_latency_3,minimum-variance,10,0,0.057014040100621166,18.237719634097857,-0.002306777512650293,0.36666666666666664,449.50097543636093,44
calm,E2_latency_3,random,1,0,0.055237233281349996,12.224683158508235,-0.0019811430242561157,0.39090909090909093,593.4531515020601,43
calm,E2_latency_3,random,2,0,0.046757775267905144,14.012172913751867,-0.0021300542703970304,0.4,681.0481786434987,44
calm,E2_latency_3,random,3,0,0.027965341476781536,7.992316314096622,-0.00401445454308702,0.3949579831932773,594.1872977390159,47
calm,E2_latency_3,random,4,0,0.04768556441802985,13.755653655110708,-0.002082879001377158,0.35135135135135137,636.6774613846272,39
calm,E2_latency_3,random,5,0,0.06051689622453771,14.306103236593428,-0.00247715177749952,0.47,794.5880886344003,47
calm,E2_latency_3,random,6,0,0.03894272866761672,10.821579579136607,-0.0026841258484661124,0.34513274336283184,682.5080968396381,39
calm,E2_latency_3,random,7,0,0.0688535117881739,13.192297204931128,-0.002489880423827695,0.3055555555555556,697.0954289908633,33
calm,E2_latency_3,random,8,0,0.043192820952235866,14.499772240456867,-0.0027306684846553075,0.43243243243243246,674.6193746252364,48
calm,E2_latency_3,random,9,0,0.07000854108731258,17.1070339624891,-0.0024927103539821305,0.42016806722689076,752.1945276835438,50
calm,E2_latency_3,random,10,0,0.04996526635882037,15.197606606462491,-0.0025093111301157656,0.4716981132075472,735.2857988961802,50
calm,E2_latency_3,no-trade-band,1,0,0.09131545747807657,20.019232938621162,-0.0023035451935750073,0.5730337078651685,458.1558978863517,51
calm,E2_latency_3,no-trade-band,2,0,0.05604224017904813,17.97547016504342,-0.002371962528695981,0.5882352941176471,291.943308653757,40
calm,E2_latency_3,no-trade-band,3,0,0.03885800514992077,13.37272236549183,-0.0016616694680672284,0.5168539325842697,322.48532733970217,46
calm,E2_latency_3,no-trade-band,4,0,0.06969772622853676,18.946960021901937,-0.0020826417668164954,0.5675675675675675,324.1225380357962,42
calm,E2_latency_3,no-trade-band,5,0,0.06341970451712142,18.28419682707422,-0.0024595685318502536,0.704225352112676,322.4012406634946,50
calm,E2_latency_3,no-trade-band,6,0,0.05615770950596244,18.695279073818508,-0.002366193176107756,0.5294117647058824,409.30920987565804,45
calm,E2_latency_3,no-trade-band,7,0,0.06246509018928692,17.827122650162156,-0.0023589128659089464,0.4823529411764706,337.5617950551522,41
calm,E2_latency_3,no-trade-band,8,0,0.060807096349798195,17.623582601811705,-0.0026793740442533354,0.5555555555555556,522.1653505440837,50
calm,E2_latency_3,no-trade-band,9,0,0.06474446790206678,19.525341822020767,-0.0023433332418503205,0.4634146341463415,460.99481972603905,38
calm,E2_latency_3,no-trade-band,10,0,0.06112046916654501,17.990058512215338,-0.002306777512650293,0.4772727272727273,244.9241284847551,21
calm,E2_participation_1pct,buy-and-hold,1,0,0.10231875817444602,31.517310803629183,-0.0020116397668318298,0.7889908256880734,228.21425590573102,86
calm,E2_participation_1pct,buy-and-hold,2,0,0.07974535135579708,27.765135820637134,-0.0019345149511195148,0.8018018018018018,226.8255032768866,89
calm,E2_participation_1pct,buy-and-hold,3,0,0.06345666110622528,24.062603658384447,-0.002083437369392538,0.7787610619469026,234.16153420805554,88
calm,E2_participation_1pct,buy-and-hold,4,0,0.08535287385790702,30.820527494646104,-0.002122488154790436,0.8018018018018018,247.49048283002364,89
calm,E2_participation_1pct,buy-and-hold,5,0,0.086121600298805,27.743153428945224,-0.0023235412311198855,0.7807017543859649,266.15436731297217,89
calm,E2_participation_1pct,buy-and-hold,6,0,0.07328017508362339,27.983719913774607,-0.001818943893806102,0.8053097345132744,224.26922979037113,91
calm,E2_participation_1pct,buy-and-hold,7,0,0.08719486114081376,30.732475645354473,-0.002174888623508009,0.7478260869565218,267.44249637439617,86
calm,E2_participation_1pct,buy-and-hold,8,0,0.07955040403224833,27.282424348162024,-0.0021680924350251374,0.7699115044247787,246.38142248594878,87
calm,E2_participation_1pct,buy-and-hold,9,0,0.10572156609159244,29.296754703013608,-0.0018727711412001025,0.8173913043478261,214.91414707282433,94
calm,E2_participation_1pct,buy-and-hold,10,0,0.08391407804813866,26.42999811745217,-0.001956749136478586,0.7739130434782608,227.6248841991879,89
calm,E2_participation_1pct,signal-weighted,1,0,0.05326655205218711,9.187788908897563,-0.005470782189147427,0.45614035087719296,848.2947438749871,26
calm,E2_participation_1pct,signal-weighted,2,0,0.04524137499620018,13.154303663436096,-0.0016784271416324659,0.5074626865671642,965.4110416577357,34
calm,E2_participation_1pct,signal-weighted,3,0,0.013759094862737964,4.336075492612517,-0.0077109889993434155,0.4838709677419355,796.4681377464716,30
calm,E2_participation_1pct,signal-weighted,4,0,0.0322059297234949,10.582824599326713,-0.0046359024798169335,0.5166666666666667,745.3462826993792,31
calm,E2_participation_1pct,signal-weighted,5,0,0.04752912213393712,9.254856552718906,-0.010769860900199602,0.5074626865671642,1319.26629792599,34
calm,E2_participation_1pct,signal-weighted,6,0,0.060646124846817306,15.910775093101012,-0.002108645173890533,0.46774193548387094,1048.1436594557745,29
calm,E2_participation_1pct,signal-weighted,7,0,0.08174262502272156,17.730875724765625,-0.0013585330271120855,0.5230769230769231,1094.5151002421767,34
calm,E2_participation_1pct,signal-weighted,8,0,0.03312724334197781,10.692006293325262,-0.004786673972815403,0.46774193548387094,973.6784647165151,29
calm,E2_participation_1pct,signal-weighted,9,0,0.023584469529766672,6.756877705799242,-0.008206316507335276,0.42857142857142855,561.4961750896641,24
calm,E2_participation_1pct,signal-weighted,10,0,0.032976836588091585,8.020206361157905,-0.009060279192628862,0.5522388059701493,1174.2255538084746,37
calm,E2_participation_1pct,naive-momentum,1,0,0.1295540080443529,24.778908260040946,-0.0020049460761927262,0.7311827956989247,833.7698425115195,68
calm,E2_participation_1pct,naive-momentum,2,0,0.08443421171307608,19.649406265876575,-0.0017730640163303724,0.6862745098039216,755.0010890893473,70
calm,E2_participation_1pct,naive-momentum,3,0,0.08532687111220083,23.433300695731397,-0.002006863193884767,0.7065217391304348,514.9729820137984,65
calm,E2_participation_1pct,naive-momentum,4,0,0.10610934917132453,22.976571243772405,-0.0022923463889547024,0.7391304347826086,779.9954218576796,68
calm,E2_participation_1pct,naive-momentum,5,0,0.09624967328255218,22.654646394648243,-0.0017430503848246959,0.7526881720430108,799.9274544225158,70
calm,E2_participation_1pct,naive-momentum,6,0,0.08688930437738152,20.24659342743502,-0.0021010507627536867,0.7717391304347826,870.7518614722081,71
calm,E2_participation_1pct,naive-momentum,7,0,0.11578370809010252,24.80692862018541,-0.002662407653472143,0.7386363636363636,734.7753490998286,65
calm,E2_participation_1pct,naive-momentum,8,0,0.09324887320140207,23.87133079324473,-0.0018920317296201583,0.7849462365591398,705.004005982835,73
calm,E2_participation_1pct,naive-momentum,9,0,0.11194191913566387,24.718379027919156,-0.0025126900813180475,0.75,847.2948505519887,72
calm,E2_participation_1pct,naive-momentum,10,0,0.07893881235812228,20.215060397041107,-0.0020796569973554613,0.6847826086956522,1205.4219841471922,63
calm,E2_participation_1pct,mean-reversion,1,0,-0.008753270070304908,-2.86184037290658,-0.019091283318266816,0.7407407407407407,671.9896774063424,20
calm,E2_participation_1pct,mean-reversion,2,0,-0.008788143994890807,-5.047772582045299,-0.008788143994890807,0.8461538461538461,385.34729451194295,11
calm,E2_participation_1pct,mean-reversion,3,0,-0.016196464328292026,-6.159209177625781,-0.019546438441322866,0.6923076923076923,713.887175038446,18
calm,E2_participation_1pct,mean-reversion,4,0,-0.019646983546063868,-9.910626117457209,-0.019646983546063868,0.6666666666666666,441.40568398712463,16
calm,E2_participation_1pct,mean-reversion,5,0,-0.003505685162227712,-1.3109246769599108,-0.015402413735753462,0.7037037037037037,453.685797988403,19
calm,E2_participation_1pct,mean-reversion,6,0,-0.02625246321827024,-6.301985240548686,-0.03412147764473339,0.6774193548387096,772.1431498730793,21
calm,E2_participation_1pct,mean-reversion,7,0,-0.02371149042684617,-7.452721506102845,-0.02388428001532883,0.7407407407407407,693.1905268524278,20
calm,E2_participation_1pct,mean-reversion,8,0,-0.0048913469329744386,-1.1937150837011197,-0.02206438314260295,0.6666666666666666,519.5825426435069,20
calm,E2_participation_1pct,mean-reversion,9,0,-0.011653136857960544,-3.8899389822153894,-0.021174136350884942,0.7619047619047619,681.7903618618242,16
calm,E2_participation_1pct,mean-reversion,10,0,0.014588514252733331,4.192885286970645,-0.005957116163907039,0.7741935483870968,832.1607625329733,24
calm,E2_participation_1pct,risk-parity,1,0,0.09699917141462322,27.90488852231429,-0.002021894683192693,0.7,1212.1129819824025,84
calm,E2_participation_1pct,risk-parity,2,0,0.06989232910062326,20.886366643457144,-0.0019276813315002306,0.7,891.5790550453336,84
calm,E2_participation_1pct,risk-parity,3,0,0.03427628928163973,15.732756641297602,-0.0020856244987961237,0.6890756302521008,760.6436680966668,82
calm,E2_participation_1pct,risk-parity,4,0,0.06670568285631817,22.201127850952357,-0.002104287038841468,0.7583333333333333,952.1523089894358,91
calm,E2_participation_1pct,risk-parity,5,0,0.06746789619038762,26.37440531764966,-0.0023238870978899984,0.7,1391.5329124639968,84
calm,E2_participation_1pct,risk-parity,6,0,0.05265913516473786,22.938889486889384,-0.0017987965948069728,0.7166666666666667,865.7213530228182,86
calm,E2_participation_1pct,risk-parity,7,0,0.07379207671304444,26.290025629775663,-0.0021778461329272636,0.775,1086.5665478976975,93
calm,E2_participation_1pct,risk-parity,8,0,0.07814306830877804,23.171291956436082,-0.002171949415033625,0.8083333333333333,915.3820256110592,97
calm,E2_participation_1pct,risk-parity,9,0,0.08699581545130064,24.8929822233504,-0.001884118376756616,0.75,1214.4647459470027,90
calm,E2_participation_1pct,risk-parity,10,0,0.04543864707397893,12.823222864015024,-0.0019488624220895812,0.725,1014.1472649413513,87
calm,E2_participation_1pct,minimum-variance,1,0,0.09156800568675294,30.07467362076836,-0.002021894683192693,0.7583333333333333,676.9176512806164,91
calm,E2_participation_1pct,minimum-variance,2,0,0.0727449873804431,23.56180283895523,-0.0019276813315002306,0.8,709.246146243674,96
calm,E2_participation_1pct,minimum-variance,3,0,0.053722302613507855,17.82126448120782,-0.0020856244987961237,0.7899159663865546,685.3741217557592,94
calm,E2_participation_1pct,minimum-variance,4,0,0.07962274191186403,28.79117039430064,-0.002104287038841468,0.7394957983193278,508.3967606210726,88
calm,E2_participation_1pct,minimum-variance,5,0,0.07989436283716822,25.91165933121103,-0.0023238870978899984,0.7627118644067796,846.8533324358666,90
calm,E2_participation_1pct,minimum-variance,6,0,0.08451969997194908,23.8900106323784,-0.0017987965948069728,0.675,672.399839982399,81
calm,E2_participation_1pct,minimum-variance,7,0,0.08543540764332369,31.342277392346194,-0.0021778461329272636,0.7815126050420168,467.66616381908193,93
calm,E2_participation_1pct,minimum-variance,8,0,0.06468115238253014,22.32862231701471,-0.002171949415033625,0.7666666666666667,712.6297979016608,92
calm,E2_participation_1pct,minimum-variance,9,0,0.09283922935607669,26.685329269740027,-0.001884118376756616,0.7416666666666667,699.3783960940092,89
calm,E2_participation_1pct,minimum-variance,10,0,0.06730589247215857,20.990816509532415,-0.0019488624220895812,0.7435897435897436,815.0043063436859,87
calm,E2_participation_1pct,random,1,0,0.06555741904113033,18.070215626093752,-0.0017307600531801803,0.7037037037037037,1109.8333546081542,76
calm,E2_participation_1pct,random,2,0,0.042048295330163965,17.772880438055328,-0.0020674685715365015,0.7850467289719626,1161.1448384258315,84
calm,E2_participation_1pct,random,3,0,0.03392121185718411,17.481372851196916,-0.0020182468381554353,0.7226890756302521,1121.3069093610206,86
calm,E2_participation_1pct,random,4,0,0.05261095864076615,21.43836573240588,-0.0020895903510753655,0.7391304347826086,1170.0228737372472,85
calm,E2_participation_1pct,random,5,0,0.05810138967470935,16.39774978554847,-0.002294207795124792,0.719626168224299,1203.952061927676,77
calm,E2_participation_1pct,random,6,0,0.03863149325518345,16.650892609259095,-0.0015686548088830188,0.7542372881355932,1234.993963506682,89
calm,E2_participation_1pct,random,7,0,0.051351300537989975,16.816760218462488,-0.002555719159160086,0.7727272727272727,1450.7287149678702,85
calm,E2_participation_1pct,random,8,0,0.05762575855406471,16.41713092755529,-0.0020967813452031914,0.7155172413793104,1274.3465315073436,83
calm,E2_participation_1pct,random,9,0,0.10482049881738664,24.19285961692459,-0.002045399217333599,0.75,1344.2609107327858,90
calm,E2_participation_1pct,random,10,0,0.053755985639538206,12.187895646125613,-0.0016101325985761195,0.5641025641025641,1180.7612205475632,66
calm,E2_participation_1pct,no-trade-band,1,0,0.10305883386854986,26.098164033996206,-0.002021894683192693,0.7171717171717171,1115.346574365864,71
calm,E2_participation_1pct,no-trade-band,2,0,0.06627296477032729,21.93787382061133,-0.0019276813315002306,0.7285714285714285,841.9200493172136,51
calm,E2_participation_1pct,no-trade-band,3,0,0.041411849633086195,17.903342317235385,-0.0021464085641351716,0.7191011235955056,577.2831206956674,64
calm,E2_participation_1pct,no-trade-band,4,0,0.06416740436207524,21.743057746520474,-0.002104287038841468,0.7307692307692307,619.6560346163723,38
calm,E2_participation_1pct,no-trade-band,5,0,0.06953180075831966,28.371345659860904,-0.0023238870978899984,0.6263736263736264,994.1899012601777,57
calm,E2_participation_1pct,no-trade-band,6,0,0.05648747213409999,20.669745832691063,-0.0017987965948069728,0.7674418604651163,701.3573577581134,66
calm,E2_participation_1pct,no-trade-band,7,0,0.0699786895547374,26.10211238495779,-0.0021778461329272636,0.8375,777.0547521952032,67
calm,E2_participation_1pct,no-trade-band,8,0,0.07640501308660674,22.144380038524062,-0.002171949415033625,0.8028169014084507,689.7107146626101,57
calm,E2_participation_1pct,no-trade-band,9,0,0.09112736918690234,23.465171858186636,-0.001884118376756616,0.7111111111111111,1132.792391784319,64
calm,E2_participation_1pct,no-trade-band,10,0,0.059092150711993696,15.772667791544366,-0.0019488624220895812,0.6989247311827957,825.9518877516366,65
calm,E2_harsh_corner,buy-and-hold,1,0,0.08008641680880335,19.526326837546684,-0.0032969419842598935,0.49572649572649574,421.9975879686903,58
calm,E2_harsh_corner,buy-and-hold,2,0,0.05441371015015428,16.627780055076283,-0.0034083768506694145,0.4957983193277311,426.14904648103436,59
calm,E2_harsh_corner,buy-and-hold,3,0,0.04896248378760637,16.03991933647887,-0.0026788451060055785,0.48717948717948717,331.43556646679554,57
calm,E2_harsh_corner,buy-and-hold,4,0,0.06599828870974722,17.961924376041843,-0.0031189967430672594,0.4915254237288136,399.81619364706006,58
calm,E2_harsh_corner,buy-and-hold,5,0,0.06655322572540778,17.82894672444047,-0.0035020389695793464,0.4827586206896552,436.9872110381155,56
calm,E2_harsh_corner,buy-and-hold,6,0,0.0582819085104036,18.702025831822343,-0.00330674856366997,0.49572649572649574,416.3770659842066,58
calm,E2_harsh_corner,buy-and-hold,7,0,0.06577769778283904,17.59784284310771,-0.003360812397056545,0.48695652173913045,435.2154807958765,56
calm,E2_harsh_corner,buy-and-hold,8,0,0.05622974372154954,16.27395349061366,-0.0036831331779304533,0.4957983193277311,450.5237230730753,59
calm,E2_harsh_corner,buy-and-hold,9,0,0.07738427906596401,18.416658459783406,-0.003361356112671743,0.5,438.10448314482505,60
calm,E2_harsh_corner,buy-and-hold,10,0,0.06191265917935196,17.523093640310965,-0.003302101318711448,0.48739495798319327,408.15511768856135,58
calm,E2_harsh_corner,signal-weighted,1,0,0.05578184185460944,10.064072038685826,-0.001947586978356175,0.37735849056603776,988.6215512244943,20
calm,E2_harsh_corner,signal-weighted,2,0,0.034943149280837416,12.613269221021415,-0.0011187113125847858,0.38333333333333336,836.7065483803585,23
calm,E2_harsh_corner,signal-weighted,3,0,0.01835415715890365,7.384320853878177,-0.0020643400078330654,0.3559322033898305,998.5016900389485,21
calm,E2_harsh_corner,signal-weighted,4,0,0.017996492615423243,5.847247305050062,-0.00860622997854621,0.3064516129032258,910.7885542716691,19
calm,E2_harsh_corner,signal-weighted,5,0,0.05175269483326761,10.43601166376615,-0.0034852240433922432,0.3225806451612903,1087.630672926058,20
calm,E2_harsh_corner,signal-weighted,6,0,0.044353861115890014,10.430700049200066,-0.0021959317784737697,0.3728813559322034,986.0059978242091,22
calm,E2_harsh_corner,signal-weighted,7,0,0.04999500479088681,11.394236342480554,-0.002106386252518022,0.35,875.2809361518125,21
calm,E2_harsh_corner,signal-weighted,8,0,0.020558468904583682,8.266568410526235,-0.0026137380199005023,0.3620689655172414,982.3800467988578,21
calm,E2_harsh_corner,signal-weighted,9,0,0.014030243684795218,5.165650665984085,-0.0049865441680218,0.4117647058823529,699.9738282133578,21
calm,E2_harsh_corner,signal-weighted,10,0,0.06475639264112765,13.926386243018833,-0.0016808386389276508,0.3333333333333333,1145.7331160820254,21
calm,E2_harsh_corner,naive-momentum,1,0,0.10164226873090687,15.846706372844212,-0.0032648115753642903,0.3225806451612903,848.3697189245547,30
calm,E2_harsh_corner,naive-momentum,2,0,0.05643230115068154,14.041080831482219,-0.002988618266423382,0.3592233009708738,718.8307366969866,37
calm,E2_harsh_corner,naive-momentum,3,0,0.04563793978240982,12.680990069660108,-0.0031148843108462776,0.35051546391752575,720.9143816058447,34
calm,E2_harsh_corner,naive-momentum,4,0,0.07916765329925601,16.255557079866218,-0.003498416072956756,0.35106382978723405,602.8120130907128,33
calm,E2_harsh_corner,naive-momentum,5,0,0.06857766422584999,15.549925435331907,-0.0030746693844379003,0.3333333333333333,632.3988729606691,32
calm,E2_harsh_corner,naive-momentum,6,0,0.07481466265622227,13.7986592808431,-0.0032747995219619686,0.3541666666666667,801.864101742351,34
calm,E2_harsh_corner,naive-momentum,7,0,0.07838220949149366,15.96203264945885,-0.003899846607806956,0.34831460674157305,587.7609003084135,31
calm,E2_harsh_corner,naive-momentum,8,0,0.08032609846065975,15.457107447957794,-0.003088716876621045,0.34444444444444444,768.6542232872803,31
calm,E2_harsh_corner,naive-momentum,9,0,0.06439161473165655,14.245281394456908,-0.004102756886097181,0.3564356435643564,910.0074363694673,36
calm,E2_harsh_corner,naive-momentum,10,0,0.04874805760096934,11.195462771926245,-0.0034891684994590166,0.2604166666666667,990.6353220200144,25
calm,E2_harsh_corner,mean-reversion,1,0,-0.007942422262128934,-4.979525363084957,-0.007942422262128934,0.375,774.0081475336367,12
calm,E2_harsh_corner,mean-reversion,2,0,-0.030371581557398497,-6.234755882196891,-0.03532700431258662,0.5384615384615384,595.8630791594969,7
calm,E2_harsh_corner,mean-reversion,3,0,0.012460946445314258,3.6689775879925843,-0.010518903053508222,0.39285714285714285,851.3889556504182,11
calm,E2_harsh_corner,mean-reversion,4,0,-0.01161610343380759,-3.60032649765753,-0.01859519117268249,0.4444444444444444,629.3761432360586,12
calm,E2_harsh_corner,mean-reversion,5,0,-0.0011323265122012982,-0.31581170193398855,-0.013108838359724317,0.3225806451612903,499.7084628311207,10
calm,E2_harsh_corner,mean-reversion,6,0,0.013523260321814279,4.783777119991991,-0.004358276525192939,0.2647058823529412,753.4729521428377,9
calm,E2_harsh_corner,mean-reversion,7,0,0.006856910576512609,2.073895073109671,-0.0061629035190002845,0.36666666666666664,735.6885448851651,11
calm,E2_harsh_corner,mean-reversion,8,0,0.018374921410892364,5.5005222984088435,-0.0052636680994379015,0.35294117647058826,648.3594803975946,12
calm,E2_harsh_corner,mean-reversion,9,0,0.003242789865091744,1.3991735675544976,-0.0055400478910526685,0.5,854.3005074333217,13
calm,E2_harsh_corner,mean-reversion,10,0,0.030035458113293778,12.22810088371136,-0.0025957983919995264,0.36585365853658536,899.2514884555651,15
calm,E2_harsh_corner,risk-parity,1,0,0.08865609884238657,19.033495125173307,-0.0033063104197079696,0.4583333333333333,825.0225253822787,55
calm,E2_harsh_corner,risk-parity,2,0,0.04628921588653245,14.441354944148655,-0.003374233969975937,0.49166666666666664,658.7436701633732,59
calm,E2_harsh_corner,risk-parity,3,0,0.02691661068418494,8.151370965149992,-0.005519928443585287,0.4117647058823529,621.8532948531356,49
calm,E2_harsh_corner,risk-parity,4,0,0.06677460251736567,17.47655811848533,-0.0030857547068369184,0.453781512605042,616.1034068537986,54
calm,E2_harsh_corner,risk-parity,5,0,0.06327231933645039,16.646858424156605,-0.003461645844328398,0.46218487394957986,637.5266227951914,55
calm,E2_harsh_corner,risk-parity,6,0,0.05469797894396056,16.914887552954568,-0.0033699008223058158,0.375,712.6515317014306,45
calm,E2_harsh_corner,risk-parity,7,0,0.06224904079786264,16.78747269898781,-0.003362809344669704,0.425,700.9812020690537,51
calm,E2_harsh_corner,risk-parity,8,0,0.05676080339342593,16.16332735414557,-0.003681251224692539,0.44166666666666665,855.5970290483328,53
calm,E2_harsh_corner,risk-parity,9,0,0.061911809286085084,18.43222847238573,-0.0033464550457190656,0.38333333333333336,878.9811845953923,46
calm,E2_harsh_corner,risk-parity,10,0,0.0518878775426892,16.02320824327319,-0.0033101048364225782,0.4188034188034188,533.9670737922182,49
calm,E2_harsh_corner,minimum-variance,1,0,0.07815486809295025,18.298441102910324,-0.0033063104197079696,0.4017094017094017,630.664597825188,47
calm,E2_harsh_corner,minimum-variance,2,0,0.05357745912967937,16.53265220135944,-0.003374233969975937,0.4666666666666667,601.4370374433187,56
calm,E2_harsh_corner,minimum-variance,3,0,0.0491365829788164,16.06360601649683,-0.002665619555873411,0.43333333333333335,583.5677444116355,52
calm,E2_harsh_corner,minimum-variance,4,0,0.07107734835028912,18.75785371739554,-0.0030857547068369184,0.44166666666666665,503.61490560797375,53
calm,E2_harsh_corner,minimum-variance,5,0,0.05822205646088818,16.210224180848236,-0.003461645844328398,0.4166666666666667,629.904997164873,50
calm,E2_harsh_corner,minimum-variance,6,0,0.06545567865275759,17.005262876466432,-0.0033699008223058158,0.3865546218487395,592.1414570108456,46
calm,E2_harsh_corner,minimum-variance,7,0,0.06693942930364871,17.639726359783957,-0.003362809344669704,0.4444444444444444,520.6450835851041,52
calm,E2_harsh_corner,minimum-variance,8,0,0.048179650131630725,15.024957385901885,-0.003681251224692539,0.3445378151260504,637.7537687565433,41
calm,E2_harsh_corner,minimum-variance,9,0,0.06520238561425651,18.95818818506318,-0.0033464550457190656,0.4224137931034483,689.5170461807442,49
calm,E2_harsh_corner,minimum-variance,10,0,0.05482481487038071,17.174241128693826,-0.0033101048364225782,0.36666666666666664,660.2016724522101,44
calm,E2_harsh_corner,random,1,0,0.05229544718770174,11.432908902923481,-0.002987028529217395,0.38181818181818183,891.3150644639322,42
calm,E2_harsh_corner,random,2,0,0.043512301447979684,12.62175306129302,-0.0031344962447613645,0.4,1008.3624726134418,44
calm,E2_harsh_corner,random,3,0,0.02450559961474319,7.001515132444632,-0.00475701386280758,0.3949579831932773,935.016394837997,47
calm,E2_harsh_corner,random,4,0,0.04432273700073064,12.347724636629925,-0.0030889624278733763,0.33636363636363636,969.5655391637797,37
calm,E2_harsh_corner,random,5,0,0.056820434666740915,13.219769947022936,-0.0034801915937014982,0.48,1160.005741274446,48
calm,E2_harsh_corner,random,6,0,0.035733300537069024,9.490896608908935,-0.003689786024883901,0.34210526315789475,1009.075717995256,39
calm,E2_harsh_corner,random,7,0,0.06558281683933309,12.484845438760036,-0.0034994346912662344,0.30275229357798167,1010.4569272788051,33
calm,E2_harsh_corner,random,8,0,0.039871816537355276,12.955076703685476,-0.0037341893719307073,0.44545454545454544,1001.3073432360493,49
calm,E2_harsh_corner,random,9,0,0.06634681511212248,15.89714060388718,-0.0034998254900987513,0.43333333333333335,1105.3405946562516,52
calm,E2_harsh_corner,random,10,0,0.04648587487974698,13.898145551052531,-0.003514314065389601,0.4716981132075472,1086.2414618700664,50
calm,E2_harsh_corner,no-trade-band,1,0,0.08929058048078709,19.20593914759085,-0.0033063104197079696,0.5730337078651685,659.2109555879765,51
calm,E2_harsh_corner,no-trade-band,2,0,0.05472440928269373,16.949320007139256,-0.003374233969975937,0.5882352941176471,417.7119858594621,40
calm,E2_harsh_corner,no-trade-band,3,0,0.03686849116715307,12.344035781540699,-0.002665619555873411,0.5111111111111111,515.4652079680028,46
calm,E2_harsh_corner,no-trade-band,4,0,0.06800531348665162,18.017857857246682,-0.0030857547068369184,0.5675675675675675,491.16392415645345,42
calm,E2_harsh_corner,no-trade-band,5,0,0.061831455322403084,17.281707652447402,-0.003461645844328398,0.7183098591549296,473.7007140723128,51
calm,E2_harsh_corner,no-trade-band,6,0,0.05420909895315784,17.443844388670946,-0.0033699008223058158,0.5294117647058824,594.3486837905174,45
calm,E2_harsh_corner,no-trade-band,7,0,0.060718650110598515,16.80013646939402,-0.003362809344669704,0.47058823529411764,507.8950945773911,40
calm,E2_harsh_corner,no-trade-band,8,0,0.058363348860478226,16.41824312745338,-0.003681251224692539,0.5555555555555556,754.6020195713313,50
calm,E2_harsh_corner,no-trade-band,9,0,0.06250054790592863,18.452493653503403,-0.0033464550457190656,0.4634146341463415,671.378331275839,38
calm,E2_harsh_corner,no-trade-band,10,0,0.05988478762070626,17.048966121585096,-0.0033101048364225782,0.4883720930232558,359.9132434936531,21
high_vol,E0_ideal,buy-and-hold,101,0,0.07191686117598883,16.009772729822664,-0.003831156894841148,0.9473684210526315,23.411144307167838,108
high_vol,E0_ideal,buy-and-hold,102,0,0.07231479438754174,9.895653420642251,-0.01968471131970151,0.9642857142857143,23.86544472935319,108
high_vol,E0_ideal,buy-and-hold,103,0,0.016280874610809848,3.2867699431635002,-0.010361986864010908,0.9572649572649573,24.275538445976444,112
high_vol,E0_ideal,buy-and-hold,104,0,0.10483929162095196,13.600554400158524,-0.010657429734554191,0.9910714285714286,23.819163892506683,111
high_vol,E0_ideal,buy-and-hold,105,0,0.06712617178047164,15.974967838946718,-0.005422856952364219,0.9649122807017544,23.80594820342949,110
high_vol,E0_ideal,buy-and-hold,106,0,0.06517525469765895,13.391476496066682,-0.0032570170703530854,0.9464285714285714,23.144981124267076,106
high_vol,E0_ideal,buy-and-hold,107,0,0.10148201078728492,16.25968923334149,-0.003788797803297661,0.9734513274336283,24.651036083216997,110
high_vol,E0_ideal,buy-and-hold,108,0,0.06837660701084936,15.468268040812847,-0.007965270232567323,0.9739130434782609,24.339668308912586,112
high_vol,E0_ideal,buy-and-hold,109,0,0.11007967471197455,16.343934180210802,0.0,0.9553571428571429,23.466843415669995,107
high_vol,E0_ideal,buy-and-hold,110,0,0.06844280631370503,12.644234669143374,-0.010697157409999769,0.9469026548672567,23.88396243916603,107
high_vol,E0_ideal,signal-weighted,101,0,0.031679386176811875,6.434764335197408,-0.016380135922554273,0.9672131147540983,113.04494158367139,59
high_vol,E0_ideal,signal-weighted,102,0,0.04601479766575434,12.097166234416617,-0.00673314224968713,0.9642857142857143,87.65401019179481,54
high_vol,E0_ideal,signal-weighted,103,0,-0.008410292889067916,-2.6037830831498483,-0.013053900586321499,0.9661016949152542,115.31648192904011,57
high_vol,E0_ideal,signal-weighted,104,0,0.0436746625998663,8.311334990005662,-0.001340034111520949,1.0,42.143771390073084,52
high_vol,E0_ideal,signal-weighted,105,0,0.017106097509726137,3.731506588436556,-0.015169096919114167,0.9821428571428571,86.7742686866011,55
high_vol,E0_ideal,signal-weighted,106,0,0.02058475161692841,3.7676685779159693,-0.013677099750172395,1.0,103.19936210980953,57
high_vol,E0_ideal,signal-weighted,107,0,0.050245272709087185,12.73053426028525,-0.00016769242485537017,0.9814814814814815,70.45263867533903,53
high_vol,E0_ideal,signal-weighted,108,0,0.055653756314594904,8.77605865192133,-0.007829022329827406,0.9629629629629629,91.22969822466828,52
high_vol,E0_ideal,signal-weighted,109,0,0.06264142176807752,10.869291554597723,-0.00035035402672944915,0.9833333333333333,98.14628703735549,59
high_vol,E0_ideal,signal-weighted,110,0,0.023735199492596948,9.367620533260817,-0.0032879412406808806,0.9642857142857143,84.07535819808719,54
high_vol,E0_ideal,naive-momentum,101,0,0.05682360533155917,9.865494309360182,-0.013338416692487143,1.0,107.14086078992608,80
high_vol,E0_ideal,naive-momentum,102,0,0.10579516957786161,11.027380736877861,-0.023726060588432407,0.9625,93.5073512748988,77
high_vol,E0_ideal,naive-momentum,103,0,0.005380845022687097,0.9643097561521365,-0.01521389068729484,0.9428571428571428,98.700318310753,66
high_vol,E0_ideal,naive-momentum,104,0,0.07732982359866258,9.219891878334812,-0.010525260928151092,0.9310344827586207,101.14009618720165,81
high_vol,E0_ideal,naive-momentum,105,0,0.06037805825224707,12.224314138434918,-0.005633863675593931,0.8987341772151899,105.43271544392887,71
high_vol,E0_ideal,naive-momentum,106,0,0.07009565140418683,7.9260780523966945,-0.018351552466528975,0.8947368421052632,108.60262931506988,68
high_vol,E0_ideal,naive-momentum,107,0,0.13208655563399363,17.60471216418276,-0.005766229479515439,0.9772727272727273,86.94195000747487,86
high_vol,E0_ideal,naive-momentum,108,0,0.12090362149302414,12.668044093408046,-0.018812792327035477,0.95,82.42916444433833,76
high_vol,E0_ideal,naive-momentum,109,0,0.08234713149910577,13.248739699680783,-0.0026858264258466935,0.896551724137931,103.37033817658272,78
high_vol,E0_ideal,naive-momentum,110,0,0.04211041356403733,6.515471862267766,-0.014132936020154419,0.8795180722891566,97.06941949233756,73
high_vol,E0_ideal,mean-reversion,101,0,0.06640500932822824,11.566613653608243,-0.006095642070838347,1.0,133.49065646909906,47
high_vol,E0_ideal,mean-reversion,102,0,0.002877198462588604,0.5423979888668001,-0.030070084565633315,1.0,92.34200534307884,46
high_vol,E0_ideal,mean-reversion,103,0,-0.046194230922989465,-4.431682490348884,-0.06740972980092019,0.9803921568627451,84.15164368370888,50
high_vol,E0_ideal,mean-reversion,104,0,0.017605969506725883,2.4356670307331467,-0.016314397587715246,0.9736842105263158,77.54843224820408,37
high_vol,E0_ideal,mean-reversion,105,0,0.004662860274330827,0.8393414660342423,-0.01377915671844776,0.9555555555555556,78.30067345260586,43
high_vol,E0_ideal,mean-reversion,106,0,0.016367455731654434,2.679235520532887,-0.02925968563169956,0.9791666666666666,107.5247790274905,47
high_vol,E0_ideal,mean-reversion,107,0,0.001453982166403911,0.25443762182129775,-0.048396661647457484,1.0,103.09688224843674,33
high_vol,E0_ideal,mean-reversion,108,0,-0.04098833764733567,-6.682472853213362,-0.04098833764733567,0.98,74.26989415890719,49
high_vol,E0_ideal,mean-reversion,109,0,0.08524015582081534,15.928901186237999,-0.0015977381740699403,1.0,124.70270843190235,39
high_vol,E0_ideal,mean-reversion,110,0,0.03822316217163979,6.7439846315791785,-0.012619146809764392,1.0,133.59117533370352,41
high_vol,E0_ideal,risk-parity,101,0,0.06745039521770058,20.04995645700838,-0.0014182479469034837,0.8823529411764706,77.07277133724158,105
high_vol,E0_ideal,risk-parity,102,0,0.0803333245952782,13.408478452727119,-0.011435535640196948,0.9316239316239316,75.94560542775538,109
high_vol,E0_ideal,risk-parity,103,0,-0.00027484685634637795,0.006161551794949435,-0.020443975213381038,0.9159663865546218,53.16583336808854,109
high_vol,E0_ideal,risk-parity,104,0,0.11054440186079528,14.276172940140496,-0.01073755806927379,0.907563025210084,69.71312741991865,108
high_vol,E0_ideal,risk-parity,105,0,0.06495502143851395,14.466390025580349,-0.005437678223186859,0.907563025210084,83.1448640753297,108
high_vol,E0_ideal,risk-parity,106,0,0.06039440176840705,10.538621917822676,-0.009620654346999546,0.8559322033898306,57.304465553947615,101
high_vol,E0_ideal,risk-parity,107,0,0.08751154706038267,13.6873808339101,-0.005554481214609885,0.9243697478991597,65.19836607487748,110
high_vol,E0_ideal,risk-parity,108,0,0.09371604891904428,19.60354597820297,-0.006203514346584615,0.8571428571428571,53.152182470225874,102
high_vol,E0_ideal,risk-parity,109,0,0.08856018778920616,11.59991823370964,-0.0062600464208670825,0.8991596638655462,73.69824512405403,107
high_vol,E0_ideal,risk-parity,110,0,0.07341732220983754,13.198133976552295,-0.012282069802344364,0.8974358974358975,88.8253402299587,105
high_vol,E0_ideal,minimum-variance,101,0,0.09570331123342068,16.94193841415455,-0.0021130866659850867,0.9830508474576272,74.76533699457472,116
high_vol,E0_ideal,minimum-variance,102,0,0.04108426408433097,7.88856819513309,-0.013309224160092725,0.9642857142857143,59.915263100314306,108
high_vol,E0_ideal,minimum-variance,103,0,0.009829755266681284,1.8180655758208863,-0.020339981495758663,0.9310344827586207,53.73139740233996,108
high_vol,E0_ideal,minimum-variance,104,0,0.10179336054024146,13.37209516357095,-0.013447046407957464,0.9537037037037037,66.87254327717923,103
high_vol,E0_ideal,minimum-variance,105,0,0.055277394752832665,14.806819451591155,-0.005437678223186859,0.9363636363636364,50.61894836487763,103
high_vol,E0_ideal,minimum-variance,106,0,0.0617680271561436,15.506240574547403,-0.003315139572501513,0.9292035398230089,58.8377600902817,105
high_vol,E0_ideal,minimum-variance,107,0,0.06124714751196203,7.027458151457042,-0.01866347415755798,0.9117647058823529,77.74330493868858,93
high_vol,E0_ideal,minimum-variance,108,0,0.08242013704937023,17.198699209962765,-0.008135832024907641,0.8956521739130435,54.83453315210174,103
high_vol,E0_ideal,minimum-variance,109,0,0.10106218836631653,14.748598125605122,0.0,0.9482758620689655,56.68210018427164,110
high_vol,E0_ideal,minimum-variance,110,0,0.05858577684450861,9.76187019572667,-0.014578043400667262,0.9074074074074074,56.35355796891162,98
high_vol,E0_ideal,random,101,0,0.023424673638744675,8.420220944788385,-0.0009563780343380124,1.0,137.08510934567815,80
high_vol,E0_ideal,random,102,0,0.04997608829628275,7.240426661582022,-0.021474638758887776,0.9090909090909091,126.21683124695247,100
high_vol,E0_ideal,random,103,0,0.015754331020352064,2.5669573154526577,-0.012651775352496508,0.9545454545454546,160.0544171469626,105
high_vol,E0_ideal,random,104,0,0.09084763237679594,18.33824162797689,-0.0005455859169610777,0.95,182.99606890680602,114
high_vol,E0_ideal,random,105,0,0.026497018505127867,5.641713299431893,-0.0113987102742662,0.95,159.0192223669183,114
high_vol,E0_ideal,random,106,0,0.06542514123214382,9.952096740954222,-0.0003792434958739266,0.95,184.67265068347018,114
high_vol,E0_ideal,random,107,0,0.07151165329238407,10.319503692467494,-0.005243521567579679,0.91,127.91091953493952,91
high_vol,E0_ideal,random,108,0,0.005289270686861025,1.9794012292770324,-0.008670214596360415,0.9363636363636364,163.0282037353636,103
high_vol,E0_ideal,random,109,0,0.09375527388256089,12.341166392291214,-0.001491634199788261,0.9747899159663865,166.4833279327831,116
high_vol,E0_ideal,random,110,0,0.033651271681026884,6.078511076687459,-0.01511525025813798,0.8916666666666667,184.8864307047746,107
high_vol,E0_ideal,no-trade-band,101,0,0.06468552516849169,19.661188285510637,-0.0014150507607352258,1.0,63.48374740518887,34
high_vol,E0_ideal,no-trade-band,102,0,0.07351274570937494,14.889989348582942,-0.009511974877330687,1.0,64.91849252029677,34
high_vol,E0_ideal,no-trade-band,103,0,0.000573014581802811,0.1651402747903773,-0.020531808242825744,1.0,37.69787137229888,36
high_vol,E0_ideal,no-trade-band,104,0,0.10038103425346212,14.711141646486816,-0.009822366706619512,0.9696969696969697,57.855682615704914,32
high_vol,E0_ideal,no-trade-band,105,0,0.062046166214602794,13.746344236863855,-0.00543494415757384,1.0,76.83007083749438,37
high_vol,E0_ideal,no-trade-band,106,0,0.05625693630492745,10.457900502197408,-0.008802295051099751,1.0,43.61673278307158,25
high_vol,E0_ideal,no-trade-band,107,0,0.0847681252699044,13.018707222304029,-0.006113691507783292,0.9743589743589743,52.930009684134916,38
high_vol,E0_ideal,no-trade-band,108,0,0.09730045144688648,21.00952466896883,-0.005615007973421737,0.9629629629629629,36.38660432333681,26
high_vol,E0_ideal,no-trade-band,109,0,0.08805075616054858,11.773889060428989,-0.005477397096963932,1.0,59.52576962971077,33
high_vol,E0_ideal,no-trade-band,110,0,0.0770523809894621,12.76496435361616,-0.013226916368025532,0.9787234042553191,81.76960616915214,46
high_vol,E1_default_stress,buy-and-hold,101,0,0.0709125449861836,15.583503659456872,-0.0036038641235455193,0.7857142857142857,258.7637618009142,88
high_vol,E1_default_stress,buy-and-hold,102,0,0.06264839841982339,8.279962821692944,-0.02020559167198377,0.808695652173913,411.25682727060615,93
high_vol,E1_default_stress,buy-and-hold,103,0,-0.0023164235905258623,-0.5568378411510593,-0.009434006154248276,0.7796610169491526,485.3478174883812,92
high_vol,E1_default_stress,buy-and-hold,104,0,0.09311234056462658,11.657312386159353,-0.010657520315902946,0.7606837606837606,418.49381168855354,89
high_vol,E1_default_stress,buy-and-hold,105,0,0.06931024996569812,18.0478559160642,-0.002598907139451323,0.8050847457627118,324.8676656835674,95
high_vol,E1_default_stress,buy-and-hold,106,0,0.05727940859120362,11.002720207456703,-0.005821374761003084,0.8035714285714286,303.9542835719324,90
high_vol,E1_default_stress,buy-and-hold,107,0,0.07356438393640108,13.989707403614045,-0.0034302567498468717,0.7982456140350878,532.7123614449168,91
high_vol,E1_default_stress,buy-and-hold,108,0,0.05528207748044056,11.206771884494847,-0.008162338794895363,0.8173913043478261,413.6716244969135,94
high_vol,E1_default_stress,buy-and-hold,109,0,0.10499637973343279,15.005314018395197,-0.002894190422084386,0.8034188034188035,365.48743365513667,94
high_vol,E1_default_stress,buy-and-hold,110,0,0.05214721639198072,9.72339823863106,-0.010518900598021963,0.7777777777777778,370.33136384867515,91
high_vol,E1_default_stress,signal-weighted,101,0,0.029113401998617006,4.049570723833362,-0.01801157313415136,0.5522388059701493,1538.587976820214,37
high_vol,E1_default_stress,signal-weighted,102,0,0.03961111213200352,4.812639436606155,-0.019081907762514727,0.47540983606557374,1142.84339867731,29
high_vol,E1_default_stress,signal-weighted,103,0,-0.01338949619505414,-2.2401207282047007,-0.027400074329037127,0.578125,1328.2284418954885,37
high_vol,E1_default_stress,signal-weighted,104,0,0.03400934353409024,4.786434121286877,-0.014925350454699005,0.5576923076923077,623.7452760550253,29
high_vol,E1_default_stress,signal-weighted,105,0,0.08290152683114815,12.226288589684177,-0.0015147709344731641,0.5245901639344263,1358.527679173109,32
high_vol,E1_default_stress,signal-weighted,106,0,0.04888277812228403,7.9533535921451834,-0.012399992291768691,0.5573770491803278,1045.078096026299,34
high_vol,E1_default_stress,signal-weighted,107,0,0.01789628954684286,4.036524535949054,-0.01296039237398916,0.5,909.8358464366513,28
high_vol,E1_default_stress,signal-weighted,108,0,0.0355830103038457,6.191117812938725,-0.015379004751091996,0.4915254237288136,1247.477174581311,29
high_vol,E1_default_stress,signal-weighted,109,0,0.04684171123707803,5.634897002999405,-0.011826763084996639,0.5625,1071.0705224585015,36
high_vol,E1_default_stress,signal-weighted,110,0,0.02426345551188569,3.6186334320990037,-0.020391371454481888,0.5517241379310345,1186.865191896232,32
high_vol,E1_default_stress,naive-momentum,101,0,0.036261738590385395,6.033116264671169,-0.013501477518772842,0.6585365853658537,1585.8721833916297,54
high_vol,E1_default_stress,naive-momentum,102,0,0.07904842889438712,8.715257762631673,-0.019570365550216406,0.7195121951219512,1229.9147392831335,59
high_vol,E1_default_stress,naive-momentum,103,0,-0.015222721790464466,-2.380826539477896,-0.023066825356833576,0.7466666666666667,1534.566539175432,56
high_vol,E1_default_stress,naive-momentum,104,0,0.04300939980068996,4.550736367618878,-0.02903657509862745,0.7011494252873564,1711.4407657859526,61
high_vol,E1_default_stress,naive-momentum,105,0,0.04217914612105522,5.7772472060901015,-0.016910786768462693,0.6835443037974683,1377.8153718989727,54
high_vol,E1_default_stress,naive-momentum,106,0,0.0479758238287924,8.212629408088333,-0.012590189744680735,0.7073170731707317,1493.5871311095004,58
high_vol,E1_default_stress,naive-momentum,107,0,0.11759076858449724,12.967261611356797,-0.0056577595200946185,0.7472527472527473,1561.8842813131757,68
high_vol,E1_default_stress,naive-momentum,108,0,0.0761648333255247,7.4307665881894245,-0.025449742433755862,0.6875,1529.427822367345,55
high_vol,E1_default_stress,naive-momentum,109,0,0.06037229345037498,8.015314413179208,-0.012398275631756661,0.6470588235294118,1284.2401025622514,55
high_vol,E1_default_stress,naive-momentum,110,0,0.05362316693097946,8.813195221156708,-0.008368405561007819,0.6413043478260869,1116.394487093774,59
high_vol,E1_default_stress,mean-reversion,101,0,0.06927565461395346,7.685741709506201,-0.011614439570017399,0.6862745098039216,1265.8166501720386,35
high_vol,E1_default_stress,mean-reversion,102,0,-7.074024064879225e-05,0.05767116495542109,-0.020097883768421143,0.7346938775510204,1241.9700183542082,36
high_vol,E1_default_stress,mean-reversion,103,0,-0.047123930165844485,-4.208037096495773,-0.06386354683335249,0.6851851851851852,1202.1248741663878,37
high_vol,E1_default_stress,mean-reversion,104,0,0.008252265090714417,1.5210889989757523,-0.013168654580588912,0.7073170731707317,1022.7117459083006,29
high_vol,E1_default_stress,mean-reversion,105,0,0.003015821735264712,0.4872613529280566,-0.02976690091110068,0.75,1195.5862276834641,36
high_vol,E1_default_stress,mean-reversion,106,0,0.03669752505901247,6.424712143068557,-0.01465206011476683,0.7222222222222222,1029.5635867843832,39
high_vol,E1_default_stress,mean-reversion,107,0,-0.01562926892681904,-1.5061045996847884,-0.047827679184422656,0.717948717948718,1628.3823548904572,28
high_vol,E1_default_stress,mean-reversion,108,0,-0.054318979097640496,-6.256662177491039,-0.05883403397767861,0.7346938775510204,1599.6155752871582,36
high_vol,E1_default_stress,mean-reversion,109,0,0.09245827002093643,9.217256257129904,-0.012877985044341234,0.6666666666666666,1619.1086614107032,30
high_vol,E1_default_stress,mean-reversion,110,0,0.03445257615909458,4.306758195063628,-0.021792702306448475,0.717391304347826,1617.1217138408845,33
high_vol,E1_default_stress,risk-parity,101,0,0.027279134960365603,7.594579932568364,-0.0064811303715668345,0.7333333333333333,1108.0187435276807,88
high_vol,E1_default_stress,risk-parity,102,0,0.0477129664518503,8.989215164372023,-0.005703305107592649,0.725,1589.5291982744666,87
high_vol,E1_default_stress,risk-parity,103,0,-0.010287826252349141,-1.627248832037136,-0.022240100577313848,0.7478991596638656,1452.7570540067343,89
high_vol,E1_default_stress,risk-parity,104,0,0.04103780007049784,5.186682702349941,-0.025912302395596387,0.6638655462184874,1581.9034658290334,79
high_vol,E1_default_stress,risk-parity,105,0,0.08170587122275563,15.211791799322151,-0.0027223350370564336,0.7666666666666667,1728.4017064007517,92
high_vol,E1_default_stress,risk-parity,106,0,0.017304199095401263,2.8945216105601452,-0.017809177312627544,0.7166666666666667,1119.9184165829495,86
high_vol,E1_default_stress,risk-parity,107,0,0.06238129760955391,10.636140038919134,-0.010258408815580822,0.7166666666666667,1512.8903882557754,86
high_vol,E1_default_stress,risk-parity,108,0,0.053361435430128834,8.210686652332525,-0.011970310160038689,0.7394957983193278,1164.1009700073466,88
high_vol,E1_default_stress,risk-parity,109,0,0.06693553855470302,11.32920726640713,-0.002890282527554522,0.75,1418.7728703988814,90
high_vol,E1_default_stress,risk-parity,110,0,0.03626723358673156,6.6075043870233925,-0.013993849823601523,0.7083333333333334,1630.6924095835218,85
high_vol,E1_default_stress,minimum-variance,101,0,0.07310234123350434,14.74648295353317,-0.0020766160256848742,0.7627118644067796,990.8980488924714,90
high_vol,E1_default_stress,minimum-variance,102,0,0.02310265079614715,3.5070177848352273,-0.02245784030022646,0.7168141592920354,1090.9137361663845,81
high_vol,E1_default_stress,minimum-variance,103,0,-0.018485547104670652,-4.0306258613353245,-0.026436918722984815,0.7435897435897436,1068.0667357009008,87
high_vol,E1_default_stress,minimum-variance,104,0,0.08416562148253237,10.750991425070772,-0.014230940513228263,0.6846846846846847,1209.8283619141448,76
high_vol,E1_default_stress,minimum-variance,105,0,0.057713170476232145,14.859471345299385,-0.002598907139451323,0.7719298245614035,1010.8601118844023,88
high_vol,E1_default_stress,minimum-variance,106,0,0.052224875729016684,11.171865908782838,-0.006075856530788015,0.7457627118644068,872.114725318324,88
high_vol,E1_default_stress,minimum-variance,107,0,0.00015009689134748427,0.10805229910063853,-0.032835390974668366,0.7358490566037735,1455.9475984572607,78
high_vol,E1_default_stress,minimum-variance,108,0,0.04691745922176116,9.339419315453856,-0.00853957184388865,0.7288135593220338,984.1242581288154,86
high_vol,E1_default_stress,minimum-variance,109,0,0.09086457043785434,12.30161682170551,-0.002890282527554522,0.775,904.264699114254,93
high_vol,E1_default_stress,minimum-variance,110,0,0.037521527409200006,5.621874369576794,-0.015588471602144272,0.7105263157894737,874.6706763781308,81
high_vol,E1_default_stress,random,101,0,0.019881996536435853,6.236412748009858,-0.005803450226869344,0.5980392156862745,1164.2692583500552,61
high_vol,E1_default_stress,random,102,0,0.03622957771036872,4.632159721392663,-0.023359157465009273,0.7129629629629629,1286.798218689368,77
high_vol,E1_default_stress,random,103,0,-0.03181809168453076,-6.248123487751049,-0.03649504049657892,0.6788990825688074,2039.139104310533,74
high_vol,E1_default_stress,random,104,0,0.052705851813622084,6.912047077539254,-0.01460005482182225,0.7232142857142857,1827.4834182978145,81
high_vol,E1_default_stress,random,105,0,0.05587433577626877,11.429048079703172,-0.0053618908964393475,0.7155172413793104,1775.2876176999182,83
high_vol,E1_default_stress,random,106,0,0.0208752455726271,4.649886972411538,-0.00988271536083507,0.6864406779661016,1392.0391830633669,81
high_vol,E1_default_stress,random,107,0,0.03677179793194929,8.416911041342555,-0.008018765956713692,0.6846846846846847,1808.5252161104615,76
high_vol,E1_default_stress,random,108,0,0.021642371664597926,4.8524396335038755,-0.01314437665602064,0.6909090909090909,1801.2955900449747,76
high_vol,E1_default_stress,random,109,0,0.08569514264194966,14.861243100366087,-0.0026681421244810766,0.6016949152542372,1609.2842862936002,71
high_vol,E1_default_stress,random,110,0,0.022956551089595267,3.297675342256166,-0.014458761146576848,0.7310924369747899,1779.058321525618,87
high_vol,E1_default_stress,no-trade-band,101,0,0.03916919425500409,9.93895828866563,-0.004723948542042167,0.7721518987341772,932.9553631281007,61
high_vol,E1_default_stress,no-trade-band,102,0,0.05078933178983269,9.563258096605365,-0.004620688454425648,0.7974683544303798,1315.3681492562937,63
high_vol,E1_default_stress,no-trade-band,103,0,-0.020783025296237878,-3.552989520297578,-0.02733446548689633,0.691358024691358,1183.4503441478116,56
high_vol,E1_default_stress,no-trade-band,104,0,0.052467051275854715,6.410750416846155,-0.023658410166315313,0.7294117647058823,1250.756929563707,62
high_vol,E1_default_stress,no-trade-band,105,0,0.08248457211545857,16.347426477808938,-0.002598907139451323,0.7608695652173914,1638.8142884726149,70
high_vol,E1_default_stress,no-trade-band,106,0,0.027265317173986503,3.937094321862488,-0.01827582726635557,0.676923076923077,784.0250855698002,44
high_vol,E1_default_stress,no-trade-band,107,0,0.05739852146062918,9.648450025609321,-0.012671271859950428,0.7037037037037037,1250.8168912683684,57
high_vol,E1_default_stress,no-trade-band,108,0,0.04891536306297306,8.354412732354213,-0.010119997410297565,0.8064516129032258,878.1707776846341,50
high_vol,E1_default_stress,no-trade-band,109,0,0.08450131293462548,12.641106447753344,-0.002890282527554522,0.7702702702702703,1167.8221507167384,57
high_vol,E1_default_stress,no-trade-band,110,0,0.05307992167792519,9.239516581770486,-0.012222301053085083,0.7402597402597403,1328.814880088458,57
high_vol,E2_spread_20bps,buy-and-hold,101,0,0.06958577447151004,14.98564943276015,-0.0036402179191611372,0.8125,381.64111569591313,91
high_vol,E2_spread_20bps,buy-and-hold,102,0,0.06131876356889032,8.045928836851274,-0.020274680135914158,0.808695652173913,548.2053911747529,93
high_vol,E2_spread_20bps,buy-and-hold,103,0,-0.0037147422714031153,-0.9061292096957982,-0.009523370925052066,0.7758620689655172,630.3353432045676,90
high_vol,E2_spread_20bps,buy-and-hold,104,0,0.09167723910414272,11.396323469770891,-0.01070243791721548,0.7606837606837606,558.5862412836269,89
high_vol,E2_spread_20bps,buy-and-hold,105,0,0.06801942959233576,17.213243934947798,-0.0035935807077285276,0.7966101694915254,449.0834322331191,94
high_vol,E2_spread_20bps,buy-and-hold,106,0,0.05597460409335042,10.614737212831017,-0.006795301639732965,0.7964601769911505,429.22054681187575,90
high_vol,E2_spread_20bps,buy-and-hold,107,0,0.0719119767007288,13.456593930172005,-0.004425057095213236,0.8017241379310345,699.0021725920427,93
high_vol,E2_spread_20bps,buy-and-hold,108,0,0.053791596667748465,10.716505105290441,-0.008210141282842476,0.8245614035087719,557.0373910263418,94
high_vol,E2_spread_20bps,buy-and-hold,109,0,0.10354033980376309,14.628646838322377,-0.0038857829433223134,0.8050847457627118,494.8389501267301,95
high_vol,E2_spread_20bps,buy-and-hold,110,0,0.05069192334614714,9.351790008302071,-0.01052768526330572,0.7758620689655172,509.87300000584173,90
high_vol,E2_spread_20bps,signal-weighted,101,0,0.023862706789821164,3.3231675187108505,-0.019141646661952616,0.5373134328358209,2060.1742482829986,36
high_vol,E2_spread_20bps,signal-weighted,102,0,0.0356429988030198,4.385334689596884,-0.020164144770923098,0.4918032786885246,1543.218946369871,30
high_vol,E2_spread_20bps,signal-weighted,103,0,-0.01863014385162609,-3.146082553627099,-0.031220869560415032,0.546875,1867.2583040725492,35
high_vol,E2_spread_20bps,signal-weighted,104,0,0.03187991435776216,4.49318152559472,-0.01583504796278179,0.5576923076923077,827.8290289463481,29
high_vol,E2_spread_20bps,signal-weighted,105,0,0.07848267986410584,11.752319864086282,-0.0020252406843997983,0.5409836065573771,1782.0726310561388,33
high_vol,E2_spread_20bps,signal-weighted,106,0,0.043911777483137904,7.118106709725413,-0.013787196053596018,0.5573770491803278,1523.842987863863,34
high_vol,E2_spread_20bps,signal-weighted,107,0,0.014565926042484634,3.2592691654917108,-0.01454671638702898,0.5,1236.3484676013154,28
high_vol,E2_spread_20bps,signal-weighted,108,0,0.03128711680230767,5.455979507851727,-0.01656529042769861,0.5254237288135594,1669.517096913537,31
high_vol,E2_spread_20bps,signal-weighted,109,0,0.041987021580369266,5.043418618458419,-0.012821459402691415,0.5625,1529.7053811926016,36
high_vol,E2_spread_20bps,signal-weighted,110,0,0.020231733841160837,2.9767641412060284,-0.02138095667674822,0.5344827586206896,1583.5030555935643,31
high_vol,E2_spread_20bps,naive-momentum,101,0,0.030334470294299587,5.133256152347092,-0.013824349166776218,0.6585365853658537,2143.124673846464,54
high_vol,E2_spread_20bps,naive-momentum,102,0,0.07470145706290676,8.247253441350288,-0.020306160668831508,0.7073170731707317,1636.9007785171295,58
high_vol,E2_spread_20bps,naive-momentum,103,0,-0.02076444899530916,-3.2993726429542147,-0.025562343067891957,0.7333333333333333,2066.8256964330367,55
high_vol,E2_spread_20bps,naive-momentum,104,0,0.037672427571554534,4.0100229938478105,-0.029923397871750246,0.6781609195402298,2236.223089357526,59
high_vol,E2_spread_20bps,naive-momentum,105,0,0.03643154726990461,4.9828575202171725,-0.017613488475519468,0.6582278481012658,1942.3888031213448,52
high_vol,E2_spread_20bps,naive-momentum,106,0,0.042051154087429765,7.14788915117377,-0.014176305569159164,0.7317073170731707,2056.1620983209637,60
high_vol,E2_spread_20bps,naive-momentum,107,0,0.11276871706231684,12.41053291242532,-0.00589479046000152,0.7472527472527473,2014.5993728002638,68
high_vol,E2_spread_20bps,naive-momentum,108,0,0.07120347700199892,6.934445943055685,-0.027000511505747005,0.7125,2010.738634438599,57
high_vol,E2_spread_20bps,naive-momentum,109,0,0.05493943127579004,7.300371135394689,-0.013155568241070004,0.6352941176470588,1805.152669574995,54
high_vol,E2_spread_20bps,naive-momentum,110,0,0.04917627738701902,8.020395671199207,-0.008715261013863884,0.6630434782608695,1552.9285538879687,61
high_vol,E2_spread_20bps,mean-reversion,101,0,0.0639535239411737,7.073218336455529,-0.013549242684130824,0.6862745098039216,1770.5193301379447,35
high_vol,E2_spread_20bps,mean-reversion,102,0,-0.004097003448039649,-0.5474699873843714,-0.021439282461647058,0.7142857142857143,1648.8268062927118,35
high_vol,E2_spread_20bps,mean-reversion,103,0,-0.051295867084024116,-4.5724743116763085,-0.06656222006509804,0.6851851851851852,1623.3904885556299,37
high_vol,E2_spread_20bps,mean-reversion,104,0,0.00466672656377165,0.8847345138536846,-0.014511595240819686,0.6341463414634146,1377.7192822011468,26
high_vol,E2_spread_20bps,mean-reversion,105,0,-0.001493530209783378,-0.12534625948488126,-0.030950472847885546,0.7083333333333334,1654.8737307311387,34
high_vol,E2_spread_20bps,mean-reversion,106,0,0.03221429738581216,5.676535002945055,-0.015308287360452977,0.6851851851851852,1483.1977690803897,37
high_vol,E2_spread_20bps,mean-reversion,107,0,-0.020812674081274407,-2.046368183662876,-0.04898291851209957,0.717948717948718,2142.4395102198055,28
high_vol,E2_spread_20bps,mean-reversion,108,0,-0.059271496713307004,-6.8042589137391385,-0.0628392766732232,0.7346938775510204,2109.830392384193,36
high_vol,E2_spread_20bps,mean-reversion,109,0,0.08658647693776578,8.691856814357237,-0.0138200642494134,0.6444444444444445,2167.5788998211747,29
high_vol,E2_spread_20bps,mean-reversion,110,0,0.02828068248851201,3.5236086170379184,-0.023762181860058185,0.717391304347826,2219.2265992122134,33
high_vol,E2_spread_20bps,risk-parity,101,0,0.022210476700365023,5.984409629843455,-0.008319972274040688,0.7333333333333333,1588.7503519466786,88
high_vol,E2_spread_20bps,risk-parity,102,0,0.04194601240349893,7.782876385240527,-0.006558630223036599,0.725,2141.9909623245176,87
high_vol,E2_spread_20bps,risk-parity,103,0,-0.0149757565997235,-2.3797871152755357,-0.023229044613126804,0.7563025210084033,1917.6227263038536,90
high_vol,E2_spread_20bps,risk-parity,104,0,0.036071495621115224,4.52579639094175,-0.0269544087713518,0.6666666666666666,2056.934901150642,80
high_vol,E2_spread_20bps,risk-parity,105,0,0.07540247623874996,14.014529180306003,-0.0035935807077285276,0.7583333333333333,2346.6282280355954,91
high_vol,E2_spread_20bps,risk-parity,106,0,0.01245565999998166,2.1213588511675647,-0.01910051324441353,0.7166666666666667,1592.4573519530563,86
high_vol,E2_spread_20bps,risk-parity,107,0,0.057528200654234585,9.797003415366621,-0.010727637945788127,0.7,1987.13268480058,84
high_vol,E2_spread_20bps,risk-parity,108,0,0.04937891805407846,7.541783349720715,-0.012760594087818267,0.7457627118644068,1543.5126296320143,88
high_vol,E2_spread_20bps,risk-parity,109,0,0.06162475724547978,10.366474502113105,-0.0038810488265793586,0.75,1920.5298283160766,90
high_vol,E2_spread_20bps,risk-parity,110,0,0.03037581678016421,5.4454934720826635,-0.01527160385314319,0.7083333333333334,2196.1419172551928,85
high_vol,E2_spread_20bps,minimum-variance,101,0,0.06906433361809872,13.862813362923871,-0.003072693441484642,0.7711864406779662,1380.030965795805,91
high_vol,E2_spread_20bps,minimum-variance,102,0,0.019403770517859575,2.932381312755729,-0.023120231807076563,0.7256637168141593,1460.9101236204845,82
high_vol,E2_spread_20bps,minimum-variance,103,0,-0.02195286345573022,-4.811062361127593,-0.0289358274647884,0.7863247863247863,1407.9169619187433,92
high_vol,E2_spread_20bps,minimum-variance,104,0,0.07990526678269316,10.174582808368738,-0.014640669497367198,0.6875,1600.472747930205,77
high_vol,E2_spread_20bps,minimum-variance,105,0,0.053761694117777425,13.526266027125379,-0.0035935807077285276,0.7631578947368421,1402.7157533313266,87
high_vol,E2_spread_20bps,minimum-variance,106,0,0.048446192765004614,10.299163415851806,-0.007084310218804846,0.7310924369747899,1230.8274760025568,87
high_vol,E2_spread_20bps,minimum-variance,107,0,-0.004245315965692442,-0.39891671390358846,-0.033741031320230985,0.7358490566037735,1896.3845777359113,78
high_vol,E2_spread_20bps,minimum-variance,108,0,0.04350125469839816,8.61067083492305,-0.00863789163980766,0.7264957264957265,1318.3706427722364,85
high_vol,E2_spread_20bps,minimum-variance,109,0,0.08729616652665428,11.683108293816431,-0.0038810488265793586,0.8,1247.5219883617472,96
high_vol,E2_spread_20bps,minimum-variance,110,0,0.0345269106714754,5.176253169733945,-0.015661680556615987,0.7017543859649122,1168.2397130238855,80
high_vol,E2_spread_20bps,random,101,0,0.014768295376493379,4.62627438046725,-0.0073570298465714945,0.6078431372549019,1660.291065853778,62
high_vol,E2_spread_20bps,random,102,0,0.031396725479092336,4.023954220941229,-0.024129501311026424,0.7314814814814815,1759.8465278551123,79
high_vol,E2_spread_20bps,random,103,0,-0.038150257484618755,-7.3526844536462574,-0.04093804518472022,0.7064220183486238,2665.7126732253387,77
high_vol,E2_spread_20bps,random,104,0,0.046330798397756556,6.088712145383515,-0.015500102207110067,0.7142857142857143,2437.0690593212676,80
high_vol,E2_spread_20bps,random,105,0,0.0498678935411947,10.145498584849474,-0.006063772707399773,0.7155172413793104,2371.5397289750995,83
high_vol,E2_spread_20bps,random,106,0,0.014605144037562079,3.2835151674087015,-0.010925552250046877,0.6864406779661016,2002.0301235797506,81
high_vol,E2_spread_20bps,random,107,0,0.03115954502140994,7.094231409530109,-0.008879874067461047,0.6846846846846847,2370.642130540542,76
high_vol,E2_spread_20bps,random,108,0,0.015967856213341625,3.5778283477831514,-0.014996658983985056,0.6909090909090909,2357.750842997708,76
high_vol,E2_spread_20bps,random,109,0,0.07977990726053186,13.730842235862685,-0.0036591339322530336,0.6101694915254238,2189.7599561935185,72
high_vol,E2_spread_20bps,random,110,0,0.01703740985211777,2.4615879088679504,-0.01695949180722589,0.7226890756302521,2358.295941638551,86
high_vol,E2_spread_20bps,no-trade-band,101,0,0.035055967323611936,8.51366513990273,-0.006211941064881432,0.7721518987341772,1327.2707757720207,61
high_vol,E2_spread_20bps,no-trade-band,102,0,0.04598996683265,8.507419250009914,-0.004716217390208444,0.7974683544303798,1781.966758205252,63
high_vol,E2_spread_20bps,no-trade-band,103,0,-0.024370371588454676,-4.123672337867234,-0.028490191779067087,0.7037037037037037,1537.9868950302014,57
high_vol,E2_spread_20bps,no-trade-band,104,0,0.04850721350739717,5.861748325639513,-0.02452221777664243,0.7922077922077922,1620.8510854249203,61
high_vol,E2_spread_20bps,no-trade-band,105,0,0.07209240242922998,13.618411851491933,-0.003608820149649139,0.8314606741573034,2194.2220697722732,74
high_vol,E2_spread_20bps,no-trade-band,106,0,0.023985810129010243,3.4820999722491486,-0.01890216467280459,0.676923076923077,1100.064710159749,44
high_vol,E2_spread_20bps,no-trade-band,107,0,0.0512226508534821,8.629083499034005,-0.013246031707800587,0.7631578947368421,1648.9407580740026,58
high_vol,E2_spread_20bps,no-trade-band,108,0,0.046032816595641846,7.797440848262964,-0.010225111036474388,0.7903225806451613,1146.696754935818,49
high_vol,E2_spread_20bps,no-trade-band,109,0,0.0772082383758792,11.564656555309927,-0.0038810488265793586,0.7945205479452054,1638.1730171346348,58
high_vol,E2_spread_20bps,no-trade-band,110,0,0.04777995468136731,8.154673300244616,-0.013509269166618987,0.7564102564102564,1822.926315543519,59
high_vol,E2_latency_3,buy-and-hold,101,0,0.06359496382912067,13.540604811388523,-0.003935057693393751,0.48717948717948717,252.6751307271705,57
high_vol,E2_latency_3,buy-and-hold,102,0,0.04327696745178944,5.696888891141831,-0.019719515257017206,0.5,368.2753480568547,59
high_vol,E2_latency_3,buy-and-hold,103,0,-0.0013471182414529492,-0.30603481046406367,-0.009932406104278813,0.4957983193277311,391.63646459081974,59
high_vol,E2_latency_3,buy-and-hold,104,0,0.09129560168370987,11.222329153824568,-0.010562121203077979,0.46551724137931033,381.7749488824061,54
high_vol,E2_latency_3,buy-and-hold,105,0,0.05966155444395649,13.4163433529109,-0.0033693422646546844,0.4957983193277311,400.3519980624944,59
high_vol,E2_latency_3,buy-and-hold,106,0,0.05064978430437783,10.53575649308486,-0.0022805826749499047,0.5042016806722689,254.86124067566072,60
high_vol,E2_latency_3,buy-and-hold,107,0,0.029483234797216706,6.036285955170853,-0.008029389257602326,0.4830508474576271,618.6683235223795,57
high_vol,E2_latency_3,buy-and-hold,108,0,0.04448536478285048,9.496461723716486,-0.010584884646000714,0.4957983193277311,382.22949911635135,59
high_vol,E2_latency_3,buy-and-hold,109,0,0.09183171270034896,12.20178598412484,-0.0026834466303624627,0.47413793103448276,315.8645590522248,55
high_vol,E2_latency_3,buy-and-hold,110,0,0.04182418476199534,7.595475964179688,-0.011487082663027337,0.4957983193277311,376.3753770817246,59
high_vol,E2_latency_3,signal-weighted,101,0,0.04036795737361354,5.84068064009726,-0.012817017680676335,0.3770491803278688,954.0899266438538,23
high_vol,E2_latency_3,signal-weighted,102,0,0.004814825834975833,0.6297436321163115,-0.03358194710309503,0.3888888888888889,751.4544901336873,21
high_vol,E2_latency_3,signal-weighted,103,0,-0.012738590285588436,-1.2551024142067548,-0.04286878274106798,0.3389830508474576,894.6883458593501,20
high_vol,E2_latency_3,signal-weighted,104,0,0.04383335777175357,8.869038175791207,-0.003921319905384246,0.4,566.2827332137352,20
high_vol,E2_latency_3,signal-weighted,105,0,0.027353023299212742,3.024040867400386,-0.022725272622579507,0.41818181818181815,741.2739182799883,23
high_vol,E2_latency_3,signal-weighted,106,0,-0.029597000964791675,-6.338617609273322,-0.037667417589565155,0.41509433962264153,634.9943057745132,22
high_vol,E2_latency_3,signal-weighted,107,0,0.013981428593782264,1.5839694300126073,-0.04202983674951766,0.3333333333333333,1048.53669725719,19
high_vol,E2_latency_3,signal-weighted,108,0,0.09040299072368585,10.081499132735086,-0.017259611842468492,0.4,972.6156954586644,22
high_vol,E2_latency_3,signal-weighted,109,0,0.011603452746922649,5.114768528542344,-0.004473461654513899,0.3389830508474576,686.3437718868558,20
high_vol,E2_latency_3,signal-weighted,110,0,0.014355903219693822,2.9324423526897436,-0.013637652177304949,0.4339622641509434,851.327996712734,23
high_vol,E2_latency_3,naive-momentum,101,0,0.02166623268843426,4.725480407234056,-0.013278538041429755,0.34523809523809523,839.696169368303,29
high_vol,E2_latency_3,naive-momentum,102,0,0.038731752914258566,4.25764294735719,-0.027785224506646,0.375,827.1945762321994,30
high_vol,E2_latency_3,naive-momentum,103,0,0.02177232075578006,3.372055455619161,-0.011437630568928436,0.36363636363636365,675.5615400984927,28
high_vol,E2_latency_3,naive-momentum,104,0,0.07744490397823922,10.330434348345614,-0.007395184722578274,0.3448275862068966,842.2751470643639,30
high_vol,E2_latency_3,naive-momentum,105,0,0.0775719330785738,11.350657245592888,-0.0022337322110306257,0.2875,720.5796360737725,23
high_vol,E2_latency_3,naive-momentum,106,0,0.04654499494314801,7.050843772069783,-0.00530730415800762,0.30337078651685395,712.8939212024995,27
high_vol,E2_latency_3,naive-momentum,107,0,0.07582893832380422,11.009298557219422,-0.006434645495252078,0.3448275862068966,822.3886930305027,30
high_vol,E2_latency_3,naive-momentum,108,0,0.0857026551845883,11.061579708794959,-0.004150808861415722,0.25882352941176473,914.3094922048864,22
high_vol,E2_latency_3,naive-momentum,109,0,0.06738150111503738,8.866238805889774,-0.0032392885902163826,0.3023255813953488,791.6032284747123,26
high_vol,E2_latency_3,naive-momentum,110,0,0.008789265401368374,1.397273536748528,-0.016557325613607232,0.34782608695652173,734.44098292276,32
high_vol,E2_latency_3,mean-reversion,101,0,0.04983927937287502,11.7333038973045,-0.004535295828915986,0.3684210526315789,982.6045111269517,21
high_vol,E2_latency_3,mean-reversion,102,0,-0.03126442332913748,-5.930455228728932,-0.03175554783413359,0.3958333333333333,682.665065960381,19
high_vol,E2_latency_3,mean-reversion,103,0,-0.04978167568249914,-7.009709833391372,-0.05510824184970475,0.3076923076923077,704.4221109427439,16
high_vol,E2_latency_3,mean-reversion,104,0,0.034728009076926636,4.465336292829556,-0.022073474262785497,0.3409090909090909,791.5565491495731,15
high_vol,E2_latency_3,mean-reversion,105,0,0.01657984829276571,2.131122115149008,-0.027011650905042983,0.3492063492063492,817.6334466045544,22
high_vol,E2_latency_3,mean-reversion,106,0,0.03298414979264952,7.887574227752473,-0.008385676121689278,0.27419354838709675,891.2478038410388,17
high_vol,E2_latency_3,mean-reversion,107,0,-0.06659655725942892,-8.190587254513641,-0.06659655725942892,0.4444444444444444,899.8393472279273,16
high_vol,E2_latency_3,mean-reversion,108,0,-0.010386919627646707,-1.3628845984892584,-0.03539536614244776,0.36,916.3535642114435,18
high_vol,E2_latency_3,mean-reversion,109,0,0.05617989462889028,9.085456538249032,-0.006854165668236045,0.42,996.2813686394928,21
high_vol,E2_latency_3,mean-reversion,110,0,0.08840584964072828,9.53977712629104,-0.007059389621862255,0.26,1074.4458399634607,13
high_vol,E2_latency_3,risk-parity,101,0,0.050762334882607174,12.095199765143812,-0.004104987329814569,0.42016806722689076,564.7757859697685,50
high_vol,E2_latency_3,risk-parity,102,0,0.018844497073737143,2.66090696274773,-0.01997307697036732,0.4166666666666667,616.7866961217493,50
high_vol,E2_latency_3,risk-parity,103,0,-0.019423016268230286,-4.789209928180157,-0.027659091320244356,0.35833333333333334,705.473981605785,43
high_vol,E2_latency_3,risk-parity,104,0,0.072336997378188,10.447989253150793,-0.010922819840734288,0.46218487394957986,718.0194035092078,55
high_vol,E2_latency_3,risk-parity,105,0,0.05500535287581254,10.069723576096928,-0.0063951175662172455,0.4166666666666667,725.0599631156684,50
high_vol,E2_latency_3,risk-parity,106,0,0.045792696133468924,8.76264474085525,-0.0065957450893299185,0.44166666666666665,569.6154483137448,53
high_vol,E2_latency_3,risk-parity,107,0,0.03089896716393059,6.879466379255837,-0.0064391012880333776,0.425,827.8695008279069,51
high_vol,E2_latency_3,risk-parity,108,0,0.06757418440616814,9.53059319928314,-0.010031415682354439,0.45,528.0018468291546,54
high_vol,E2_latency_3,risk-parity,109,0,0.10016326076601056,12.050827015844964,-0.002681566674543001,0.46218487394957986,483.8509057901947,55
high_vol,E2_latency_3,risk-parity,110,0,0.05526234738891378,7.476032318294352,-0.010310576749281597,0.453781512605042,711.9093932261003,54
high_vol,E2_latency_3,minimum-variance,101,0,0.07005711375764201,13.12588499601044,-0.004104987329814569,0.39316239316239315,598.6037421211317,46
high_vol,E2_latency_3,minimum-variance,102,0,0.034558447968954464,5.096525004162082,-0.01975861272732027,0.39655172413793105,679.3519724273503,46
high_vol,E2_latency_3,minimum-variance,103,0,-0.002068640947462841,-0.5997006904261699,-0.010450479096096532,0.39316239316239315,635.6817007560396,46
high_vol,E2_latency_3,minimum-variance,104,0,0.09297527577325315,10.656244411026965,-0.011556455585943093,0.3620689655172414,822.4397336849594,42
high_vol,E2_latency_3,minimum-variance,105,0,0.05886418737117016,13.708052292260806,-0.0033716387931327363,0.3793103448275862,680.041692880314,44
high_vol,E2_latency_3,minimum-variance,106,0,0.03288913789476333,9.691978004785357,-0.002103054512164526,0.3275862068965517,423.7853746550152,38
high_vol,E2_latency_3,minimum-variance,107,0,0.013080106477631581,2.6333326249548734,-0.01443322227179622,0.3148148148148148,912.8183282152395,34
high_vol,E2_latency_3,minimum-variance,108,0,0.044246078057041505,8.602813773102163,-0.010031415682354439,0.38461538461538464,592.3228539989213,45
high_vol,E2_latency_3,minimum-variance,109,0,0.10985426312242752,12.367828480485176,-0.002681566674543001,0.3949579831932773,517.4723016620394,47
high_vol,E2_latency_3,minimum-variance,110,0,0.0415436345968383,7.3378348866660925,-0.010310576749281597,0.3389830508474576,648.3909698250943,40
high_vol,E2_latency_3,random,101,0,0.02570237955036969,7.699982628598768,-0.003954212366921284,0.28888888888888886,497.1557996184535,26
high_vol,E2_latency_3,random,102,0,0.04240509417918559,5.991886194291607,-0.01153392834594369,0.38181818181818183,828.3108171142034,42
high_vol,E2_latency_3,random,103,0,-0.0018036961547102104,-0.32827994656689324,-0.022690207803386042,0.46,856.1619305064685,46
high_vol,E2_latency_3,random,104,0,0.04830914173424761,7.871683210699397,-0.012404148741630316,0.3391304347826087,1095.0513156112359,39
high_vol,E2_latency_3,random,105,0,0.04364216471489568,9.258336291574762,-0.005138229038016973,0.425,1059.4374904373578,51
high_vol,E2_latency_3,random,106,0,0.05193767314859721,7.663947203542368,-0.0067100335122736166,0.3157894736842105,710.8378217227632,36
high_vol,E2_latency_3,random,107,0,0.047566551762638465,10.618984157103247,-0.0056473221608294155,0.5,870.8143643195289,53
high_vol,E2_latency_3,random,108,0,0.01110685828891178,1.658106383285728,-0.0205082980130028,0.38613861386138615,1116.8226030539129,39
high_vol,E2_latency_3,random,109,0,0.062043835205207065,8.116131248896203,-0.0025656837520549036,0.38317757009345793,644.4976270001854,41
high_vol,E2_latency_3,random,110,0,0.002662532345946156,0.8088647131297008,-0.008777652667460667,0.41739130434782606,994.0671450525442,48
high_vol,E2_latency_3,no-trade-band,101,0,0.043342499557514014,11.883364374466314,-0.004104987329814569,0.6382978723404256,473.76949398563636,60
high_vol,E2_latency_3,no-trade-band,102,0,0.03316083742887033,4.732996967132342,-0.019564562342741065,0.5952380952380952,479.16481979174534,50
high_vol,E2_latency_3,no-trade-band,103,0,-0.017190560246358455,-4.520981610460343,-0.025445386172247342,0.5348837209302325,551.2818364279744,46
high_vol,E2_latency_3,no-trade-band,104,0,0.07653638315751876,10.532206797057446,-0.010691275512457077,0.5797101449275363,526.4026427456882,40
high_vol,E2_latency_3,no-trade-band,105,0,0.05587871933466526,11.79376702903021,-0.0033716387931327363,0.5416666666666666,586.0786864834498,39
high_vol,E2_latency_3,no-trade-band,106,0,0.04427327142647375,8.7298883949634,-0.006054988916794901,0.5263157894736842,458.56141335218376,50
high_vol,E2_latency_3,no-trade-band,107,0,0.011809666873887625,2.3730793188409174,-0.017339038272546015,0.625,751.5365358929877,55
high_vol,E2_latency_3,no-trade-band,108,0,0.060560778304938,9.120900730391904,-0.010031415682354439,0.6172839506172839,390.8786817423532,50
high_vol,E2_latency_3,no-trade-band,109,0,0.09002868242704931,12.249595139466138,-0.002681566674543001,0.45652173913043476,299.8201379567536,21
high_vol,E2_latency_3,no-trade-band,110,0,0.04183388450244041,6.760345042187058,-0.010310576749281597,0.6219512195121951,530.8463057860704,51
high_vol,E2_participation_1pct,buy-and-hold,101,0,0.0709125449861836,15.583503659456872,-0.0036038641235455193,0.7857142857142857,258.7637618009142,88
high_vol,E2_participation_1pct,buy-and-hold,102,0,0.06264839841982339,8.279962821692944,-0.02020559167198377,0.808695652173913,411.25682727060615,93
high_vol,E2_participation_1pct,buy-and-hold,103,0,-0.0023164235905258623,-0.5568378411510593,-0.009434006154248276,0.7796610169491526,485.3478174883812,92
high_vol,E2_participation_1pct,buy-and-hold,104,0,0.09311234056462658,11.657312386159353,-0.010657520315902946,0.7606837606837606,418.49381168855354,89
high_vol,E2_participation_1pct,buy-and-hold,105,0,0.06931024996569812,18.0478559160642,-0.002598907139451323,0.8050847457627118,324.8676656835674,95
high_vol,E2_participation_1pct,buy-and-hold,106,0,0.05727940859120362,11.002720207456703,-0.005821374761003084,0.8035714285714286,303.9542835719324,90
high_vol,E2_participation_1pct,buy-and-hold,107,0,0.07356438393640108,13.989707403614045,-0.0034302567498468717,0.7982456140350878,532.7123614449168,91
high_vol,E2_participation_1pct,buy-and-hold,108,0,0.05528207748044056,11.206771884494847,-0.008162338794895363,0.8173913043478261,413.6716244969135,94
high_vol,E2_participation_1pct,buy-and-hold,109,0,0.10499637973343279,15.005314018395197,-0.002894190422084386,0.8034188034188035,365.48743365513667,94
high_vol,E2_participation_1pct,buy-and-hold,110,0,0.05214721639198072,9.72339823863106,-0.010518900598021963,0.7777777777777778,370.33136384867515,91
high_vol,E2_participation_1pct,signal-weighted,101,0,0.029113401998617006,4.049570723833362,-0.01801157313415136,0.5522388059701493,1538.587976820214,37
high_vol,E2_participation_1pct,signal-weighted,102,0,0.03961111213200352,4.812639436606155,-0.019081907762514727,0.47540983606557374,1142.84339867731,29
high_vol,E2_participation_1pct,signal-weighted,103,0,-0.01338949619505414,-2.2401207282047007,-0.027400074329037127,0.578125,1328.2284418954885,37
high_vol,E2_participation_1pct,signal-weighted,104,0,0.03400934353409024,4.786434121286877,-0.014925350454699005,0.5576923076923077,623.7452760550253,29
high_vol,E2_participation_1pct,signal-weighted,105,0,0.08290152683114815,12.226288589684177,-0.0015147709344731641,0.5245901639344263,1358.527679173109,32
high_vol,E2_participation_1pct,signal-weighted,106,0,0.04888277812228403,7.9533535921451834,-0.012399992291768691,0.5573770491803278,1045.078096026299,34
high_vol,E2_participation_1pct,signal-weighted,107,0,0.01789628954684286,4.036524535949054,-0.01296039237398916,0.5,909.8358464366513,28
high_vol,E2_participation_1pct,signal-weighted,108,0,0.0355830103038457,6.191117812938725,-0.015379004751091996,0.4915254237288136,1247.477174581311,29
high_vol,E2_participation_1pct,signal-weighted,109,0,0.04684171123707803,5.634897002999405,-0.011826763084996639,0.5625,1071.0705224585015,36
high_vol,E2_participation_1pct,signal-weighted,110,0,0.02426345551188569,3.6186334320990037,-0.020391371454481888,0.5517241379310345,1186.865191896232,32
high_vol,E2_participation_1pct,naive-momentum,101,0,0.036261738590385395,6.033116264671169,-0.013501477518772842,0.6585365853658537,1585.8721833916297,54
high_vol,E2_participation_1pct,naive-momentum,102,0,0.07904842889438712,8.715257762631673,-0.019570365550216406,0.7195121951219512,1229.9147392831335,59
high_vol,E2_participation_1pct,naive-momentum,103,0,-0.015222721790464466,-2.380826539477896,-0.023066825356833576,0.7466666666666667,1534.566539175432,56
high_vol,E2_participation_1pct,naive-momentum,104,0,0.04300939980068996,4.550736367618878,-0.02903657509862745,0.7011494252873564,1711.4407657859526,61
high_vol,E2_participation_1pct,naive-momentum,105,0,0.04217914612105522,5.7772472060901015,-0.016910786768462693,0.6835443037974683,1377.8153718989727,54
high_vol,E2_participation_1pct,naive-momentum,106,0,0.0479758238287924,8.212629408088333,-0.012590189744680735,0.7073170731707317,1493.5871311095004,58
high_vol,E2_participation_1pct,naive-momentum,107,0,0.11759076858449724,12.967261611356797,-0.0056577595200946185,0.7472527472527473,1561.8842813131757,68
high_vol,E2_participation_1pct,naive-momentum,108,0,0.0761648333255247,7.4307665881894245,-0.025449742433755862,0.6875,1529.427822367345,55
high_vol,E2_participation_1pct,naive-momentum,109,0,0.06037229345037498,8.015314413179208,-0.012398275631756661,0.6470588235294118,1284.2401025622514,55
high_vol,E2_participation_1pct,naive-momentum,110,0,0.05362316693097946,8.813195221156708,-0.008368405561007819,0.6413043478260869,1116.394487093774,59
high_vol,E2_participation_1pct,mean-reversion,101,0,0.06927565461395346,7.685741709506201,-0.011614439570017399,0.6862745098039216,1265.8166501720386,35
high_vol,E2_participation_1pct,mean-reversion,102,0,-7.074024064879225e-05,0.05767116495542109,-0.020097883768421143,0.7346938775510204,1241.9700183542082,36
high_vol,E2_participation_1pct,mean-reversion,103,0,-0.047123930165844485,-4.208037096495773,-0.06386354683335249,0.6851851851851852,1202.1248741663878,37
high_vol,E2_participation_1pct,mean-reversion,104,0,0.008252265090714417,1.5210889989757523,-0.013168654580588912,0.7073170731707317,1022.7117459083006,29
high_vol,E2_participation_1pct,mean-reversion,105,0,0.003015821735264712,0.4872613529280566,-0.02976690091110068,0.75,1195.5862276834641,36
high_vol,E2_participation_1pct,mean-reversion,106,0,0.03669752505901247,6.424712143068557,-0.01465206011476683,0.7222222222222222,1029.5635867843832,39
high_vol,E2_participation_1pct,mean-reversion,107,0,-0.01562926892681904,-1.5061045996847884,-0.047827679184422656,0.717948717948718,1628.3823548904572,28
high_vol,E2_participation_1pct,mean-reversion,108,0,-0.054318979097640496,-6.256662177491039,-0.05883403397767861,0.7346938775510204,1599.6155752871582,36
high_vol,E2_participation_1pct,mean-reversion,109,0,0.09245827002093643,9.217256257129904,-0.012877985044341234,0.6666666666666666,1619.1086614107032,30
high_vol,E2_participation_1pct,mean-reversion,110,0,0.03445257615909458,4.306758195063628,-0.021792702306448475,0.717391304347826,1617.1217138408845,33
high_vol,E2_participation_1pct,risk-parity,101,0,0.027279134960365603,7.594579932568364,-0.0064811303715668345,0.7333333333333333,1108.0187435276807,88
high_vol,E2_participation_1pct,risk-parity,102,0,0.0477129664518503,8.989215164372023,-0.005703305107592649,0.725,1589.5291982744666,87
high_vol,E2_participation_1pct,risk-parity,103,0,-0.010287826252349141,-1.627248832037136,-0.022240100577313848,0.7478991596638656,1452.7570540067343,89
high_vol,E2_participation_1pct,risk-parity,104,0,0.04103780007049784,5.186682702349941,-0.025912302395596387,0.6638655462184874,1581.9034658290334,79
high_vol,E2_participation_1pct,risk-parity,105,0,0.08170587122275563,15.211791799322151,-0.0027223350370564336,0.7666666666666667,1728.4017064007517,92
high_vol,E2_participation_1pct,risk-parity,106,0,0.017304199095401263,2.8945216105601452,-0.017809177312627544,0.7166666666666667,1119.9184165829495,86
high_vol,E2_participation_1pct,risk-parity,107,0,0.06238129760955391,10.636140038919134,-0.010258408815580822,0.7166666666666667,1512.8903882557754,86
high_vol,E2_participation_1pct,risk-parity,108,0,0.053361435430128834,8.210686652332525,-0.011970310160038689,0.7394957983193278,1164.1009700073466,88
high_vol,E2_participation_1pct,risk-parity,109,0,0.06693553855470302,11.32920726640713,-0.002890282527554522,0.75,1418.7728703988814,90
high_vol,E2_participation_1pct,risk-parity,110,0,0.03626723358673156,6.6075043870233925,-0.013993849823601523,0.7083333333333334,1630.6924095835218,85
high_vol,E2_participation_1pct,minimum-variance,101,0,0.07310234123350434,14.74648295353317,-0.0020766160256848742,0.7627118644067796,990.8980488924714,90
high_vol,E2_participation_1pct,minimum-variance,102,0,0.02310265079614715,3.5070177848352273,-0.02245784030022646,0.7168141592920354,1090.9137361663845,81
high_vol,E2_participation_1pct,minimum-variance,103,0,-0.018485547104670652,-4.0306258613353245,-0.026436918722984815,0.7435897435897436,1068.0667357009008,87
high_vol,E2_participation_1pct,minimum-variance,104,0,0.08416562148253237,10.750991425070772,-0.014230940513228263,0.6846846846846847,1209.8283619141448,76
high_vol,E2_participation_1pct,minimum-variance,105,0,0.057713170476232145,14.859471345299385,-0.002598907139451323,0.7719298245614035,1010.8601118844023,88
high_vol,E2_participation_1pct,minimum-variance,106,0,0.052224875729016684,11.171865908782838,-0.006075856530788015,0.7457627118644068,872.114725318324,88
high_vol,E2_participation_1pct,minimum-variance,107,0,0.00015009689134748427,0.10805229910063853,-0.032835390974668366,0.7358490566037735,1455.9475984572607,78
high_vol,E2_participation_1pct,minimum-variance,108,0,0.04691745922176116,9.339419315453856,-0.00853957184388865,0.7288135593220338,984.1242581288154,86
high_vol,E2_participation_1pct,minimum-variance,109,0,0.09086457043785434,12.30161682170551,-0.002890282527554522,0.775,904.264699114254,93
high_vol,E2_participation_1pct,minimum-variance,110,0,0.037521527409200006,5.621874369576794,-0.015588471602144272,0.7105263157894737,874.6706763781308,81
high_vol,E2_participation_1pct,random,101,0,0.019881996536435853,6.236412748009858,-0.005803450226869344,0.5980392156862745,1164.2692583500552,61
high_vol,E2_participation_1pct,random,102,0,0.03622957771036872,4.632159721392663,-0.023359157465009273,0.7129629629629629,1286.798218689368,77
high_vol,E2_participation_1pct,random,103,0,-0.03181809168453076,-6.248123487751049,-0.03649504049657892,0.6788990825688074,2039.139104310533,74
high_vol,E2_participation_1pct,random,104,0,0.052705851813622084,6.912047077539254,-0.01460005482182225,0.7232142857142857,1827.4834182978145,81
high_vol,E2_participation_1pct,random,105,0,0.05587433577626877,11.429048079703172,-0.0053618908964393475,0.7155172413793104,1775.2876176999182,83
high_vol,E2_participation_1pct,random,106,0,0.0208752455726271,4.649886972411538,-0.00988271536083507,0.6864406779661016,1392.0391830633669,81
high_vol,E2_participation_1pct,random,107,0,0.03677179793194929,8.416911041342555,-0.008018765956713692,0.6846846846846847,1808.5252161104615,76
high_vol,E2_participation_1pct,random,108,0,0.021642371664597926,4.8524396335038755,-0.01314437665602064,0.6909090909090909,1801.2955900449747,76
high_vol,E2_participation_1pct,random,109,0,0.08569514264194966,14.861243100366087,-0.0026681421244810766,0.6016949152542372,1609.2842862936002,71
high_vol,E2_participation_1pct,random,110,0,0.022956551089595267,3.297675342256166,-0.014458761146576848,0.7310924369747899,1779.058321525618,87
high_vol,E2_participation_1pct,no-trade-band,101,0,0.03916919425500409,9.93895828866563,-0.004723948542042167,0.7721518987341772,932.9553631281007,61
high_vol,E2_participation_1pct,no-trade-band,102,0,0.05078933178983269,9.563258096605365,-0.004620688454425648,0.7974683544303798,1315.3681492562937,63
high_vol,E2_participation_1pct,no-trade-band,103,0,-0.020783025296237878,-3.552989520297578,-0.02733446548689633,0.691358024691358,1183.4503441478116,56
high_vol,E2_participation_1pct,no-trade-band,104,0,0.052467051275854715,6.410750416846155,-0.023658410166315313,0.7294117647058823,1250.756929563707,62
high_vol,E2_participation_1pct,no-trade-band,105,0,0.08248457211545857,16.347426477808938,-0.002598907139451323,0.7608695652173914,1638.8142884726149,70
high_vol,E2_participation_1pct,no-trade-band,106,0,0.027265317173986503,3.937094321862488,-0.01827582726635557,0.676923076923077,784.0250855698002,44
high_vol,E2_participation_1pct,no-trade-band,107,0,0.05739852146062918,9.648450025609321,-0.012671271859950428,0.7037037037037037,1250.8168912683684,57
high_vol,E2_participation_1pct,no-trade-band,108,0,0.04891536306297306,8.354412732354213,-0.010119997410297565,0.8064516129032258,878.1707776846341,50
high_vol,E2_participation_1pct,no-trade-band,109,0,0.08450131293462548,12.641106447753344,-0.002890282527554522,0.7702702702702703,1167.8221507167384,57
high_vol,E2_participation_1pct,no-trade-band,110,0,0.05307992167792519,9.239516581770486,-0.012222301053085083,0.7402597402597403,1328.814880088458,57
high_vol,E2_harsh_corner,buy-and-hold,101,0,0.06250772078616773,13.080481485945432,-0.0039064569838499485,0.48717948717948717,372.1642127515402,57
high_vol,E2_harsh_corner,buy-and-hold,102,0,0.04175300146308358,5.475282132545805,-0.01978667877334417,0.5,510.5663760135425,59
high_vol,E2_harsh_corner,buy-and-hold,103,0,-0.0026762082304087054,-0.6381935764038427,-0.01017379778596772,0.5,528.1610007981368,59
high_vol,E2_harsh_corner,buy-and-hold,104,0,0.08998494998359763,10.963327641799637,-0.01061140610403477,0.4700854700854701,511.3096886522819,55
high_vol,E2_harsh_corner,buy-and-hold,105,0,0.0582671300390889,12.81858740736661,-0.004369549167693609,0.4957983193277311,529.3218598377517,59
high_vol,E2_harsh_corner,buy-and-hold,106,0,0.04935268073752819,10.147831579151728,-0.0031010317144111177,0.4915254237288136,379.7199698985827,58
high_vol,E2_harsh_corner,buy-and-hold,107,0,0.027645740821524933,5.581280881758008,-0.008446044999775193,0.48739495798319327,775.3845062490296,58
high_vol,E2_harsh_corner,buy-and-hold,108,0,0.04315918884554959,9.099866784073512,-0.011566818457188544,0.4957983193277311,525.7548487646004,59
high_vol,E2_harsh_corner,buy-and-hold,109,0,0.09055709958779645,11.928625447631322,-0.0036842514255587266,0.46551724137931033,438.03811209339517,54
high_vol,E2_harsh_corner,buy-and-hold,110,0,0.040425557442108184,7.277644275879277,-0.011509678913160348,0.4957983193277311,511.14745258251986,59
high_vol,E2_harsh_corner,signal-weighted,101,0,0.0366578991183959,5.4257261473995015,-0.0138438237760935,0.3770491803278688,1319.9201341935582,23
high_vol,E2_harsh_corner,signal-weighted,102,0,0.0018522708891186568,0.301110662776163,-0.033871630499337835,0.3888888888888889,1042.080163799185,21
high_vol,E2_harsh_corner,signal-weighted,103,0,-0.01595724733311288,-1.59775278939051,-0.044400818082495075,0.3389830508474576,1225.6866668508555,20
high_vol,E2_harsh_corner,signal-weighted,104,0,0.0420545149439886,8.46134023421581,-0.004745359855282016,0.4,743.5762760695793,20
high_vol,E2_harsh_corner,signal-weighted,105,0,0.02435148861043901,2.696299181797348,-0.023748557625288824,0.4,1035.1573577594588,22
high_vol,E2_harsh_corner,signal-weighted,106,0,-0.032458588552050305,-6.991759094255641,-0.04001284847048958,0.41509433962264153,919.3891881098534,22
high_vol,E2_harsh_corner,signal-weighted,107,0,0.011129406152400101,1.281932623442182,-0.04299684166315476,0.3333333333333333,1334.960175327238,19
high_vol,E2_harsh_corner,signal-weighted,108,0,0.08676495630026615,9.749931380420884,-0.018059324033725677,0.38181818181818183,1321.0805292175728,21
high_vol,E2_harsh_corner,signal-weighted,109,0,0.008608348288854817,3.777368654377055,-0.0056533433312842,0.3389830508474576,981.5919375456622,20
high_vol,E2_harsh_corner,signal-weighted,110,0,0.011405214050497436,2.3673033001620016,-0.013934371832216463,0.41509433962264153,1140.5731986498517,22
high_vol,E2_harsh_corner,naive-momentum,101,0,0.01861412438783394,4.089607862740464,-0.013258662714991432,0.35714285714285715,1140.9883316231533,30
high_vol,E2_harsh_corner,naive-momentum,102,0,0.03580663598377276,3.9547844631497733,-0.027768206258741546,0.375,1117.2753352592367,30
high_vol,E2_harsh_corner,naive-momentum,103,0,0.019256570539169404,2.9599240181567197,-0.011805876807087223,0.36363636363636365,926.2847205771734,28
high_vol,E2_harsh_corner,naive-momentum,104,0,0.07450647956751699,9.976508028885227,-0.007383911016066058,0.3563218390804598,1121.8750742697714,31
high_vol,E2_harsh_corner,naive-momentum,105,0,0.07438089948972237,10.852186555814681,-0.0031576775994738293,0.275,1027.6396358733766,22
high_vol,E2_harsh_corner,naive-momentum,106,0,0.043590586239034,6.505092959086671,-0.006885406095962443,0.3146067415730337,996.4787370133655,28
high_vol,E2_harsh_corner,naive-momentum,107,0,0.07308930149602033,10.673731012412977,-0.007434353065422172,0.3218390804597701,1076.8918192367553,28
high_vol,E2_harsh_corner,naive-momentum,108,0,0.08286620116144361,10.70670566550041,-0.005092310033615544,0.27058823529411763,1184.3874721620527,23
high_vol,E2_harsh_corner,naive-momentum,109,0,0.06418254739181917,8.469192802784681,-0.0032557109931553585,0.3488372093023256,1101.0825630756956,30
high_vol,E2_harsh_corner,naive-momentum,110,0,0.005784423864057864,0.9307999488566545,-0.01731994950326521,0.32608695652173914,1027.5428369221017,30
high_vol,E2_harsh_corner,mean-reversion,101,0,0.0462442712581943,10.946439179466791,-0.004571018901857182,0.3508771929824561,1322.4628603767349,20
high_vol,E2_harsh_corner,mean-reversion,102,0,-0.0337167992597166,-6.472188303348845,-0.0337167992597166,0.375,929.000373431035,18
high_vol,E2_harsh_corner,mean-reversion,103,0,-0.052007639880625844,-7.367953310194632,-0.05637350188707935,0.3076923076923077,940.8071742999181,16
high_vol,E2_harsh_corner,mean-reversion,104,0,0.032192861498727465,4.182797037395656,-0.022077887468779922,0.3409090909090909,1041.1389060342694,15
high_vol,E2_harsh_corner,mean-reversion,105,0,0.013592862436399011,1.7597800628117222,-0.027867241756590277,0.3333333333333333,1125.7400301072735,21
high_vol,E2_harsh_corner,mean-reversion,106,0,0.029919893645224738,6.867669907339312,-0.009554721831201651,0.27419354838709675,1188.1576340100028,17
high_vol,E2_harsh_corner,mean-reversion,107,0,-0.0695201792829574,-8.470603275929415,-0.0695201792829574,0.4444444444444444,1197.2016911732694,16
high_vol,E2_harsh_corner,mean-reversion,108,0,-0.01346828104844866,-1.7797079277769174,-0.03768651343409479,0.34,1215.5478823939302,17
high_vol,E2_harsh_corner,mean-reversion,109,0,0.052874828518545636,8.505164517348494,-0.007089122583299745,0.4,1324.1567128584174,20
high_vol,E2_harsh_corner,mean-reversion,110,0,0.08506006444515246,9.031949408385124,-0.00856273635171112,0.26,1382.6372717840088,13
high_vol,E2_harsh_corner,risk-parity,101,0,0.04854835341571473,11.521532560507994,-0.004101019580421417,0.42016806722689076,792.9898745981585,50
high_vol,E2_harsh_corner,risk-parity,102,0,0.016682346555891847,2.3634802852880874,-0.020238170744031114,0.4166666666666667,844.9386737884372,50
high_vol,E2_harsh_corner,risk-parity,103,0,-0.021462420094133905,-5.18061346655215,-0.02873404465551932,0.3416666666666667,924.0476365518457,41
high_vol,E2_harsh_corner,risk-parity,104,0,0.07017822700647436,10.059626431380792,-0.01114813497253575,0.47058823529411764,947.8381634854779,56
high_vol,E2_harsh_corner,risk-parity,105,0,0.05265866497594529,9.589208982740855,-0.006558940874306862,0.425,951.2153384859986,51
high_vol,E2_harsh_corner,risk-parity,106,0,0.04323246406157932,8.193445070251016,-0.007030649536097555,0.44537815126050423,813.2675541693447,53
high_vol,E2_harsh_corner,risk-parity,107,0,0.02878762153512393,6.393927280710536,-0.0074566350498141976,0.425,1051.9857333960056,51
high_vol,E2_harsh_corner,risk-parity,108,0,0.06577501019147025,9.223431059525685,-0.010993515855054592,0.45,713.2755431948004,54
high_vol,E2_harsh_corner,risk-parity,109,0,0.0981532509160623,11.740113393891797,-0.003682123386359981,0.4661016949152542,668.489181080544,55
high_vol,E2_harsh_corner,risk-parity,110,0,0.052667629726421916,7.107337568256342,-0.010858018571344163,0.453781512605042,955.8913458548261,54
high_vol,E2_harsh_corner,minimum-variance,101,0,0.06765387892828967,12.656152595917806,-0.004101019580421417,0.4017094017094017,830.2633032890249,47
high_vol,E2_harsh_corner,minimum-variance,102,0,0.032176680591626594,4.748082128398837,-0.01994801669918156,0.4051724137931034,917.0934684010199,47
high_vol,E2_harsh_corner,minimum-variance,103,0,-0.004040812040203012,-1.1691405191404063,-0.011441898561583952,0.39316239316239315,845.2985901963141,46
high_vol,E2_harsh_corner,minimum-variance,104,0,0.0905482017033008,10.304030870982986,-0.011958207642674967,0.3706896551724138,1061.112871127506,43
high_vol,E2_harsh_corner,minimum-variance,105,0,0.05656030313938554,13.01699843304921,-0.004372172720891299,0.3879310344827586,902.046384718443,45
high_vol,E2_harsh_corner,minimum-variance,106,0,0.030795963501423218,8.892425737383721,-0.003106909753892939,0.3275862068965517,619.3493707414907,38
high_vol,E2_harsh_corner,minimum-variance,107,0,0.010478389360319307,2.138615983949231,-0.014619381242518048,0.3148148148148148,1176.2236020184307,34
high_vol,E2_harsh_corner,minimum-variance,108,0,0.04211530933994512,8.100257254118297,-0.010993515855054592,0.38461538461538464,800.8629650951676,45
high_vol,E2_harsh_corner,minimum-variance,109,0,0.10767190233135726,12.058985460205642,-0.003682123386359981,0.4117647058823529,711.1958275194277,49
high_vol,E2_harsh_corner,minimum-variance,110,0,0.039335081071743216,6.930685467139158,-0.010858018571344163,0.3220338983050847,860.1348887903631,38
high_vol,E2_harsh_corner,random,101,0,0.023330352462336057,7.031215778594442,-0.00395010118047423,0.28888888888888886,734.4042715552511,26
high_vol,E2_harsh_corner,random,102,0,0.03952974098423323,5.622140857469705,-0.01149358945678558,0.38181818181818183,1115.976244693057,42
high_vol,E2_harsh_corner,random,103,0,-0.004791293428023979,-0.9339500038579948,-0.024302600206153158,0.48,1158.222536982637,48
high_vol,E2_harsh_corner,random,104,0,0.045027178982241844,7.1389339066885,-0.013730149535784664,0.3391304347826087,1446.3232032950173,39
high_vol,E2_harsh_corner,random,105,0,0.039902581454151376,8.394317853748754,-0.006237475669142456,0.43333333333333335,1426.5143753973903,52
high_vol,E2_harsh_corner,random,106,0,0.04878175012597574,7.152605080859035,-0.006706844200317863,0.3157894736842105,1016.8320792047432,36
high_vol,E2_harsh_corner,random,107,0,0.04480373982345309,9.949038376691112,-0.005655568383388543,0.5094339622641509,1140.4547762374154,54
high_vol,E2_harsh_corner,random,108,0,0.007970111320577677,1.1873392934832552,-0.02258156743931905,0.37623762376237624,1430.543523992719,38
high_vol,E2_harsh_corner,random,109,0,0.059392840147896475,7.786349906263118,-0.0035673563639543326,0.40186915887850466,901.5112629938627,43
high_vol,E2_harsh_corner,random,110,0,-0.0008778662480146693,-0.21549838062156665,-0.009750282568136037,0.41739130434782606,1346.0017392756765,48
high_vol,E2_harsh_corner,no-trade-band,101,0,0.04361660996937822,11.531721597657771,-0.004101019580421417,0.6896551724137931,682.3855250239814,60
high_vol,E2_harsh_corner,no-trade-band,102,0,0.03130429136004098,4.462448182815772,-0.01972424451662147,0.5952380952380952,661.4311390713189,50
high_vol,E2_harsh_corner,no-trade-band,103,0,-0.018980469083964446,-4.912945286280666,-0.026270537306887554,0.5348837209302325,727.3536614863671,46
high_vol,E2_harsh_corner,no-trade-band,104,0,0.07482736734563478,10.206141488607487,-0.010831234205171736,0.5942028985507246,692.6381993593175,41
high_vol,E2_harsh_corner,no-trade-band,105,0,0.054008118596978516,11.293072806356825,-0.004372172720891299,0.5416666666666666,766.3997437264072,39
high_vol,E2_harsh_corner,no-trade-band,106,0,0.04203415942309596,8.190081577655146,-0.006362968599379237,0.5319148936170213,663.5671048951383,50
high_vol,E2_harsh_corner,no-trade-band,107,0,0.00990348186809964,1.9892502218594963,-0.01758237656900119,0.625,939.5869792456575,55
high_vol,E2_harsh_corner,no-trade-band,108,0,0.0590333204993454,8.837737268843027,-0.010993515855054592,0.6172839506172839,533.1766434464187,50
high_vol,E2_harsh_corner,no-trade-band,109,0,0.08880686589023945,11.954590689856438,-0.003682123386359981,0.4782608695652174,417.18343530319413,22
high_vol,E2_harsh_corner,no-trade-band,110,0,0.039974665020053424,6.438940660752496,-0.010858018571344163,0.6097560975609756,707.1788300939304,50
jump_tail,E0_ideal,buy-and-hold,201,0,0.17957314766211763,32.151508279644396,0.0,0.954954954954955,25.723732247812308,106
jump_tail,E0_ideal,buy-and-hold,202,0,0.13168900243847736,12.75662109082697,-0.006179356233269706,0.9391304347826087,26.69356688993351,108
jump_tail,E0_ideal,buy-and-hold,203,0,0.09422340041861332,15.07829234387304,-0.007868272945455113,0.9351851851851852,25.051999918914383,101
jump_tail,E0_ideal,buy-and-hold,204,0,0.043979492871972115,4.895861107969086,-0.020843574039553503,0.9298245614035088,25.807359081929963,106
jump_tail,E0_ideal,buy-and-hold,205,0,0.10986827331323745,18.53080282798102,-0.00121668833454458,0.991304347826087,25.922414088795936,114
jump_tail,E0_ideal,buy-and-hold,206,0,0.14591931912170408,13.900527072794645,-0.01727925909430761,0.9217391304347826,26.13496191936788,106
jump_tail,E0_ideal,buy-and-hold,207,0,0.050540413960195485,4.724261876972398,-0.02646587981758619,0.9196428571428571,26.525723417884826,103
jump_tail,E0_ideal,buy-and-hold,208,0,0.038687876296931156,3.7464083397802317,-0.023201598501671916,0.9658119658119658,26.747513744897734,113
jump_tail,E0_ideal,buy-and-hold,209,0,-0.0032736110302852284,-0.31376182199655445,-0.036374936665032664,0.9732142857142857,25.685110875819266,109
jump_tail,E0_ideal,buy-and-hold,210,0,0.045243376756136655,3.652431481749675,-0.033459116496799,0.963963963963964,26.221421270418332,107
jump_tail,E0_ideal,signal-weighted,201,0,0.05257915172075567,9.515802286729198,-0.011298522823563029,1.0,111.96683828010245,61
jump_tail,E0_ideal,signal-weighted,202,0,0.11583951846861718,10.025280688203209,-0.005610402470150877,0.9818181818181818,90.07201153715019,54
jump_tail,E0_ideal,signal-weighted,203,0,-0.001552710689035397,0.014853899075965227,-0.049180459508974206,1.0,157.9541356246502,66
jump_tail,E0_ideal,signal-weighted,204,0,0.000310331519407292,0.11949182903456011,-0.03799434942080848,0.9838709677419355,139.64584190693674,61
jump_tail,E0_ideal,signal-weighted,205,0,0.05893554794201372,8.037630473600053,-0.0008491410107914765,0.96,61.345979928903745,48
jump_tail,E0_ideal,signal-weighted,206,0,0.11884738804107009,9.904720030940325,-0.0016062930207454418,0.9672131147540983,116.46579742378627,59
jump_tail,E0_ideal,signal-weighted,207,0,0.04614768455695395,4.536413116342724,-0.015415016767587608,0.9833333333333333,131.10222601584363,59
jump_tail,E0_ideal,signal-weighted,208,0,-0.033761444486369085,-4.248125808872177,-0.033761444486369085,0.9285714285714286,105.70503835842128,52
jump_tail,E0_ideal,signal-weighted,209,0,0.018829886807585128,5.262172432411159,-0.006131007630428398,0.98,69.68980419468254,49
jump_tail,E0_ideal,signal-weighted,210,0,0.02193785987059549,5.607551722022139,-0.0076275477195951735,0.9818181818181818,93.18478652227788,54
jump_tail,E0_ideal,naive-momentum,201,0,0.17042309495743502,18.252568817613593,-0.004733660508346782,0.963855421686747,86.92354046581437,80
jump_tail,E0_ideal,naive-momentum,202,0,0.15133444434837973,16.369740874206173,-0.00025573231816578,0.9466666666666667,83.75795698599639,71
jump_tail,E0_ideal,naive-momentum,203,0,0.10033415976607607,10.168646970529661,-0.01032824110142716,0.9523809523809523,90.94321753537385,80
jump_tail,E0_ideal,naive-momentum,204,0,0.02463470991967709,3.0502177171371163,-0.020698092196598905,0.9634146341463414,97.14612499589965,79
jump_tail,E0_ideal,naive-momentum,205,0,0.2634676057935501,26.622605090217686,-0.00022422652312525937,0.975609756097561,74.91052493781764,80
jump_tail,E0_ideal,naive-momentum,206,0,0.11192966730544196,7.113215763028778,-0.04052423029587138,0.9361702127659575,97.228306294155,88
jump_tail,E0_ideal,naive-momentum,207,0,0.10056460648938659,9.723415716681863,-0.012827608692216552,0.9838709677419355,93.68100120578649,61
jump_tail,E0_ideal,naive-momentum,208,0,0.06256651769391897,4.768878258202657,-0.03041786393451318,0.9452054794520548,95.46601704137298,69
jump_tail,E0_ideal,naive-momentum,209,0,0.13895623469816387,12.781218192866064,-0.014052157403324994,0.9649122807017544,88.66756329536835,55
jump_tail,E0_ideal,naive-momentum,210,0,0.05785939232664883,4.30063061657353,-0.026508132339201795,0.918918918918919,84.26219205079776,68
jump_tail,E0_ideal,mean-reversion,201,0,0.1009924666413533,9.696295920759093,-0.011396377630703558,0.9473684210526315,88.2232613723461,36
jump_tail,E0_ideal,mean-reversion,202,0,-0.037336140881102375,-3.923108684574018,-0.055733104963736735,0.9772727272727273,68.3791260459697,43
jump_tail,E0_ideal,mean-reversion,203,0,0.011131699436757403,1.6191370748494935,-0.029440131850532292,1.0,70.96751753655606,35
jump_tail,E0_ideal,mean-reversion,204,0,-0.020807268196295192,-2.78893342310429,-0.04279050817763885,1.0,84.63470810173631,40
jump_tail,E0_ideal,mean-reversion,205,0,0.03800935015903106,8.731352444962017,-0.002766877603625484,1.0,109.32342593920893,42
jump_tail,E0_ideal,mean-reversion,206,0,-0.03674333136501973,-1.9625763657817723,-0.08680445064215137,1.0,54.17782309067301,34
jump_tail,E0_ideal,mean-reversion,207,0,-0.007853332806545654,-0.2592119275988986,-0.06840517919491496,0.9375,94.31098515698696,60
jump_tail,E0_ideal,mean-reversion,208,0,0.10716488185499329,4.876264285144065,-0.07342999039673159,0.9807692307692307,110.53742603809704,51
jump_tail,E0_ideal,mean-reversion,209,0,-0.02025069771633392,-1.000334889977673,-0.06435992456502315,0.96875,102.88344005389101,62
jump_tail,E0_ideal,mean-reversion,210,0,-0.04014552176852493,-2.6626790279909507,-0.07518768116765773,1.0,86.67613872001971,48
jump_tail,E0_ideal,risk-parity,201,0,0.13469963317512312,26.81116471270436,-0.001228924884359217,0.85,65.27549943898732,102
jump_tail,E0_ideal,risk-parity,202,0,0.18675176128850812,12.088553480889077,-0.00414281431801633,0.8956521739130435,76.35108472512515,103
jump_tail,E0_ideal,risk-parity,203,0,0.12322824684227163,17.40868508046709,-0.003677737232504863,0.9145299145299145,84.06230510892595,107
jump_tail,E0_ideal,risk-parity,204,0,0.014818305175938296,1.4158311846759946,-0.04025842352741782,0.773109243697479,62.55479865533744,92
jump_tail,E0_ideal,risk-parity,205,0,0.087139360433518,14.188916976007356,-0.0031485725113916674,0.8376068376068376,55.470664083737184,98
jump_tail,E0_ideal,risk-parity,206,0,0.16477504629177941,11.301295017612384,-0.030421447755782927,0.8290598290598291,74.68941061621072,97
jump_tail,E0_ideal,risk-parity,207,0,0.08079623662138369,6.666759412113791,-0.035124255697720486,0.925,72.2728983328938,111
jump_tail,E0_ideal,risk-parity,208,0,0.028476478000980965,2.531939835179784,-0.024332570164269485,0.9316239316239316,80.24598819904638,109
jump_tail,E0_ideal,risk-parity,209,0,-0.029634823758417972,-3.1983735161550655,-0.044274172544960244,0.9145299145299145,67.9697188079973,107
jump_tail,E0_ideal,risk-parity,210,0,0.07823534819140576,7.299835137221714,-0.015149462321340956,0.907563025210084,57.49574436644681,108
jump_tail,E0_ideal,minimum-variance,201,0,0.1653449569739247,37.05154566048973,0.0,0.8888888888888888,51.91917431826498,104
jump_tail,E0_ideal,minimum-variance,202,0,0.1305310770806012,11.743551882445699,-0.013418614266496265,0.9272727272727272,71.76914779677867,102
jump_tail,E0_ideal,minimum-variance,203,0,0.1298480354788376,15.84493173073179,-0.008356028587565456,0.9145299145299145,73.33179767165755,107
jump_tail,E0_ideal,minimum-variance,204,0,0.024307264025173803,1.9492969221144565,-0.040339300507404974,0.9423076923076923,91.83274797472738,98
jump_tail,E0_ideal,minimum-variance,205,0,0.0925217401576135,14.344817593669713,-0.007285831057595726,0.9385964912280702,65.92261475484871,107
jump_tail,E0_ideal,minimum-variance,206,0,0.16781113881159682,20.44825931660375,-0.0014919232738329624,0.963963963963964,61.00130945763871,107
jump_tail,E0_ideal,minimum-variance,207,0,0.09623454167288781,6.179691268749147,-0.027211816896074437,0.9230769230769231,90.37345960251379,108
jump_tail,E0_ideal,minimum-variance,208,0,0.02000681916553071,1.855430838624131,-0.022985513449961692,0.9541284403669725,74.12642172797288,104
jump_tail,E0_ideal,minimum-variance,209,0,-0.02559610431272541,-2.8179692809861216,-0.04518507419318518,0.9464285714285714,57.59000515607485,106
jump_tail,E0_ideal,minimum-variance,210,0,0.05318964771757484,4.305752967924665,-0.020634974668200412,0.9545454545454546,94.30971720120822,105
jump_tail,E0_ideal,random,201,0,0.15254107410629247,16.620115029884836,-0.0009765805108757908,0.9363636363636364,164.17118923223313,103
jump_tail,E0_ideal,random,202,0,0.058258977178461624,6.374614917855072,-0.017567992897199347,0.9292929292929293,159.23036939539844,92
jump_tail,E0_ideal,random,203,0,0.07975985530961038,12.036113052423017,-0.009321401996542078,0.908256880733945,136.87461869866732,99
jump_tail,E0_ideal,random,204,0,0.047426289863135906,4.34355443571533,-0.02291660944057483,0.9545454545454546,144.39476868685028,105
jump_tail,E0_ideal,random,205,0,0.01733171336879602,1.4728600330201382,-0.04651995001870113,0.925,160.74966362719562,111
jump_tail,E0_ideal,random,206,0,0.06204315219922196,9.689294995989863,-0.006273200751255592,0.96,149.49742207689272,96
jump_tail,E0_ideal,random,207,0,0.01674640826202456,1.9312847954269383,-0.024286829092436513,0.9181818181818182,156.19318774803114,101
jump_tail,E0_ideal,random,208,0,-0.0017910830157440438,-0.06219720113995324,-0.027172383423810453,0.925,152.02700136050365,111
jump_tail,E0_ideal,random,209,0,-0.03033852282411975,-2.601296547419255,-0.06643956427772468,0.9583333333333334,161.49966757980818,115
jump_tail,E0_ideal,random,210,0,0.01518185564274277,1.4594184453571006,-0.038540008469528986,0.9666666666666667,179.4602569431249,116
jump_tail,E0_ideal,no-trade-band,201,0,0.1308137515398473,22.534878261925396,-0.003545892936391737,1.0,47.78988242284323,31
jump_tail,E0_ideal,no-trade-band,202,0,0.17988239495975722,11.784216921397725,-0.004900651044338122,0.9375,65.12721726726257,30
jump_tail,E0_ideal,no-trade-band,203,0,0.11366302551560525,18.812068805148865,-0.003905411185050167,1.0,78.10554400581593,38
jump_tail,E0_ideal,no-trade-band,204,0,0.010301900022922084,1.0665895187689058,-0.04357404780688978,1.0,47.80191967371485,27
jump_tail,E0_ideal,no-trade-band,205,0,0.08176276178197783,13.60000391117535,-0.00591906523901764,0.972972972972973,43.073517240038115,36
jump_tail,E0_ideal,no-trade-band,206,0,0.17421550605690417,13.389714600306647,-0.02526896721231331,1.0,64.74188589573906,34
jump_tail,E0_ideal,no-trade-band,207,0,0.08024996112162297,6.698342588226412,-0.03535344338195223,1.0,56.6838026547559,38
jump_tail,E0_ideal,no-trade-band,208,0,0.01574806680817087,1.5144767763687372,-0.029127437267272405,0.9705882352941176,66.92807298975006,33
jump_tail,E0_ideal,no-trade-band,209,0,-0.041578125244161046,-4.392400492400498,-0.048545109559045785,0.9705882352941176,58.970620313600804,33
jump_tail,E0_ideal,no-trade-band,210,0,0.07041510533354445,6.918745788276037,-0.017445471071044993,1.0,46.6942420688481,39
jump_tail,E1_default_stress,buy-and-hold,201,0,0.1582093049967912,23.21421767671071,-0.004594131642143506,0.7521367521367521,679.5900447597334,88
jump_tail,E1_default_stress,buy-and-hold,202,0,0.10975716760416976,10.067698929445486,-0.007536500064026175,0.788135593220339,514.687878468682,93
jump_tail,E1_default_stress,buy-and-hold,203,0,0.0815518148762453,12.147946382707199,-0.008972050948524712,0.7899159663865546,730.0440946742486,94
jump_tail,E1_default_stress,buy-and-hold,204,0,0.006554536354455909,0.9268722341521953,-0.024819143098728125,0.811965811965812,696.3869830474687,95
jump_tail,E1_default_stress,buy-and-hold,205,0,0.09451969696302953,14.788177365893821,-0.0022179380138035443,0.8275862068965517,382.84873578881337,96
jump_tail,E1_default_stress,buy-and-hold,206,0,0.11503627029982955,11.450466932097124,-0.014104251469203799,0.8166666666666667,734.0415303835133,98
jump_tail,E1_default_stress,buy-and-hold,207,0,0.059928211291339295,5.9714714562660625,-0.02559408784381645,0.773109243697479,582.723889388822,92
jump_tail,E1_default_stress,buy-and-hold,208,0,0.044680712926070454,4.346291554802544,-0.026570639844897603,0.8135593220338984,644.6738653877102,96
jump_tail,E1_default_stress,buy-and-hold,209,0,0.0071223602754662,1.0904211092331308,-0.02440063733002451,0.7777777777777778,518.2882445674213,91
jump_tail,E1_default_stress,buy-and-hold,210,0,0.03107330293156152,2.5252384401534522,-0.034754806574863406,0.8189655172413793,756.2640799846727,95
jump_tail,E1_default_stress,signal-weighted,201,0,0.05645390499878444,8.731764346167582,-0.004336736974814737,0.5846153846153846,1522.4051131069386,38
jump_tail,E1_default_stress,signal-weighted,202,0,0.046826686908834736,4.806359187701983,-0.011828388689102076,0.5161290322580645,1611.7921040000083,32
jump_tail,E1_default_stress,signal-weighted,203,0,0.04731769792609386,6.878980645426275,-0.006856837499242929,0.5945945945945946,2660.0122873014207,44
jump_tail,E1_default_stress,signal-weighted,204,0,-0.044346658264551087,-3.234833850837308,-0.07083679615260785,0.5671641791044776,2109.502133784061,38
jump_tail,E1_default_stress,signal-weighted,205,0,0.04049516209865245,7.67098783819431,-0.010189235455622114,0.48214285714285715,999.6991698154328,27
jump_tail,E1_default_stress,signal-weighted,206,0,0.13681447837233796,11.380688770334517,-0.0050807844845495165,0.5606060606060606,2422.869715375259,37
jump_tail,E1_default_stress,signal-weighted,207,0,-0.019214612040425405,-1.4455982984963844,-0.04906336489948793,0.5507246376811594,1856.0061174969849,38
jump_tail,E1_default_stress,signal-weighted,208,0,-0.09953591724267552,-11.030819873445296,-0.09953591724267552,0.578125,2113.933855651477,37
jump_tail,E1_default_stress,signal-weighted,209,0,0.012669724055041964,0.9348170968650493,-0.06294403299478368,0.5849056603773585,1593.969755161787,31
jump_tail,E1_default_stress,signal-weighted,210,0,0.009667695937093157,1.0631688719653931,-0.030978024896632927,0.5423728813559322,1399.6835534374047,32
jump_tail,E1_default_stress,naive-momentum,201,0,0.10702642154816622,10.766268271626073,-0.0164863945107927,0.7037037037037037,1665.1445284970791,57
jump_tail,E1_default_stress,naive-momentum,202,0,0.11524946020952997,8.795061315835156,-0.006222060614078928,0.6753246753246753,1325.7489401752377,52
jump_tail,E1_default_stress,naive-momentum,203,0,0.06566534564485194,6.082622664707779,-0.032726748745852796,0.6627906976744186,1457.4131443369415,57
jump_tail,E1_default_stress,naive-momentum,204,0,0.025907903673397348,3.738796744378122,-0.01709794451933011,0.7386363636363636,1642.9173696559533,65
jump_tail,E1_default_stress,naive-momentum,205,0,0.2225220854347132,19.28838783902786,-0.0031589023588775023,0.788235294117647,2030.2159379614716,67
jump_tail,E1_default_stress,naive-momentum,206,0,0.03588154973409741,2.494039156432519,-0.04915190562310612,0.6956521739130435,1812.104955267362,64
jump_tail,E1_default_stress,naive-momentum,207,0,0.06374554416184641,4.929365161015153,-0.018213167856990564,0.6567164179104478,2066.961001460951,44
jump_tail,E1_default_stress,naive-momentum,208,0,-0.006284607497338723,-0.4313532608142277,-0.04667877787059693,0.7051282051282052,2616.207520308217,55
jump_tail,E1_default_stress,naive-momentum,209,0,0.021464176836427873,1.2095798786748941,-0.09643787782112467,0.7017543859649122,2124.726267738859,40
jump_tail,E1_default_stress,naive-momentum,210,0,0.025834350908492176,2.234322660495805,-0.03398705852986217,0.5897435897435898,1538.1141453306254,46
jump_tail,E1_default_stress,mean-reversion,201,0,0.15370876341275674,12.475758940604543,-0.0023122568585018932,0.6190476190476191,2288.4625882680934,26
jump_tail,E1_default_stress,mean-reversion,202,0,-0.07530211995259961,-5.493829373426983,-0.07530211995259961,0.6875,1237.012103151564,33
jump_tail,E1_default_stress,mean-reversion,203,0,-0.013502273104948115,-1.7936919814021557,-0.024847449687260936,0.7368421052631579,995.8911284329265,28
jump_tail,E1_default_stress,mean-reversion,204,0,-0.04309795828217089,-6.177902675981413,-0.05507770598247508,0.5952380952380952,1527.2362222306872,25
jump_tail,E1_default_stress,mean-reversion,205,0,0.0039122405355525025,0.587570364251964,-0.025460158001042288,0.6976744186046512,1383.8553590478837,30
jump_tail,E1_default_stress,mean-reversion,206,0,-0.03189346520902092,-1.3715376586695571,-0.08398501456994201,0.7567567567567568,2015.2787480456711,28
jump_tail,E1_default_stress,mean-reversion,207,0,-0.002123437959995922,0.049544586199903866,-0.0541184824157116,0.6617647058823529,1269.7491273795679,45
jump_tail,E1_default_stress,mean-reversion,208,0,0.1794346320025655,6.526093390317095,-0.07553575069500129,0.6271186440677966,3801.426059114059,37
jump_tail,E1_default_stress,mean-reversion,209,0,-0.07182819411735064,-3.6072740983760885,-0.08115388125068501,0.7205882352941176,2462.1068850235974,49
jump_tail,E1_default_stress,mean-reversion,210,0,0.012208743606439532,0.9003306601179017,-0.06179352618292633,0.6078431372549019,1628.081727959126,31
jump_tail,E1_default_stress,risk-parity,201,0,0.083006745736534,15.307315876828568,-0.0046090931751914255,0.6916666666666667,1980.383501034524,83
jump_tail,E1_default_stress,risk-parity,202,0,0.060895556753635116,6.419775652602178,-0.013381709907603345,0.635593220338983,1844.2465766033129,75
jump_tail,E1_default_stress,risk-parity,203,0,0.12990056860208266,17.005307557203867,-0.009027437125070481,0.725,2448.5087415036833,87
jump_tail,E1_default_stress,risk-parity,204,0,-0.03181471322433671,-2.9923398307746263,-0.051759820239202226,0.6974789915966386,1779.6681458114567,83
jump_tail,E1_default_stress,risk-parity,205,0,0.038326780309637876,3.539932030612842,-0.03647348782116244,0.7333333333333333,1622.0477387691235,88
jump_tail,E1_default_stress,risk-parity,206,0,0.10774426622700806,10.887142729186875,-0.017870634927980356,0.7310924369747899,2513.872638329822,87
jump_tail,E1_default_stress,risk-parity,207,0,0.0449126010340235,2.323308141102648,-0.08104461494625759,0.675,2049.5744677939892,81
jump_tail,E1_default_stress,risk-parity,208,0,-0.038069021245705104,-3.134122950933521,-0.05551202642492781,0.775,2359.555489929362,93
jump_tail,E1_default_stress,risk-parity,209,0,-0.0847552040617865,-4.884807214997106,-0.10843225169706638,0.7142857142857143,2094.3709758233126,85
jump_tail,E1_default_stress,risk-parity,210,0,0.05582232373033458,6.076027751118463,-0.013642350909811918,0.7058823529411765,1978.291184229024,84
jump_tail,E1_default_stress,minimum-variance,201,0,0.1626697922647813,20.831118207341852,-0.0046090931751914255,0.7394957983193278,1266.3842651116506,88
jump_tail,E1_default_stress,minimum-variance,202,0,0.08330333231822973,7.090189310590041,-0.01977731874373112,0.6964285714285714,1606.1495174755469,78
jump_tail,E1_default_stress,minimum-variance,203,0,0.12391325300390732,14.976710299853712,-0.009027437125070481,0.7203389830508474,1586.115342884014,85
jump_tail,E1_default_stress,minimum-variance,204,0,-0.004204396943799815,-0.2148586416498562,-0.04469265780395493,0.6880733944954128,1721.2203743426112,75
jump_tail,E1_default_stress,minimum-variance,205,0,0.05974366470015724,7.705682424727814,-0.01959586160681226,0.7327586206896551,1244.1039809197505,85
jump_tail,E1_default_stress,minimum-variance,206,0,0.14022590942135338,15.090967166559665,-0.007269419052357229,0.6517857142857143,1324.3741873887848,73
jump_tail,E1_default_stress,minimum-variance,207,0,0.12706598726259322,7.766886344711478,-0.024749802957993117,0.6956521739130435,1652.6640878160574,80
jump_tail,E1_default_stress,minimum-variance,208,0,0.03315912821411904,2.793782519767936,-0.026516471633348138,0.75,1627.1540863476996,84
jump_tail,E1_default_stress,minimum-variance,209,0,-0.005235801809053253,-0.6303652985965347,-0.03085930835506767,0.7394957983193278,1305.4949320356623,88
jump_tail,E1_default_stress,minimum-variance,210,0,0.0457170386698309,3.5615051750371864,-0.02172943804099048,0.7256637168141593,1616.8371742550657,82
jump_tail,E1_default_stress,random,201,0,0.06210370653570507,6.14074131339476,-0.014580646306082579,0.6513761467889908,2074.95372840581,71
jump_tail,E1_default_stress,random,202,0,0.08065866341151762,6.413302932065394,-0.019743580408888795,0.6929824561403509,2169.9601273736894,79
jump_tail,E1_default_stress,random,203,0,0.05449786677433632,7.90955759608189,-0.011547712437518398,0.7339449541284404,1702.1469726705307,80
jump_tail,E1_default_stress,random,204,0,-0.0326222205056631,-3.74656670844975,-0.05059150665555223,0.6637931034482759,1946.6137026644876,77
jump_tail,E1_default_stress,random,205,0,0.07208144620743284,13.130187361365927,-0.00537309523654117,0.6666666666666666,2125.005711876348,80
jump_tail,E1_default_stress,random,206,0,0.03701158642618063,4.446367202112772,-0.021310086339171308,0.5851063829787234,1737.9568933972469,55
jump_tail,E1_default_stress,random,207,0,0.03223503803870331,2.7133038629756383,-0.03123421225135603,0.794392523364486,2308.6956732606886,85
jump_tail,E1_default_stress,random,208,0,0.04619188196507906,5.627735017537744,-0.01846017902078878,0.7203389830508474,2211.713358714991,85
jump_tail,E1_default_stress,random,209,0,-0.0387062799607254,-4.131375764475015,-0.059930131920024055,0.8181818181818182,1897.5495303269563,90
jump_tail,E1_default_stress,random,210,0,-0.029032807306328068,-1.516399112849023,-0.06469289354312358,0.7033898305084746,2319.9520880626596,83
jump_tail,E1_default_stress,no-trade-band,201,0,0.08617598873248333,14.048728768981677,-0.0046090931751914255,0.8390804597701149,1423.84310941229,73
jump_tail,E1_default_stress,no-trade-band,202,0,0.056386506799691816,6.184366727400399,-0.014657705264369936,0.6352941176470588,1739.046060747686,54
jump_tail,E1_default_stress,no-trade-band,203,0,0.11887846923828427,15.726096690302967,-0.009027437125070481,0.7157894736842105,2308.7211506979224,68
jump_tail,E1_default_stress,no-trade-band,204,0,-0.03802383970818424,-3.696745769422821,-0.05881006172154013,0.6904761904761905,1535.7328372917025,58
jump_tail,E1_default_stress,no-trade-band,205,0,0.04175150537834438,4.20527043712735,-0.029804383055207162,0.7450980392156863,1268.6182611240706,76
jump_tail,E1_default_stress,no-trade-band,206,0,0.14460890250545755,15.25170723537183,-0.005556896575754422,0.7564102564102564,2334.503245302082,59
jump_tail,E1_default_stress,no-trade-band,207,0,0.0647735114508372,3.225945614969692,-0.07398556511379284,0.6212121212121212,1638.0563331501537,41
jump_tail,E1_default_stress,no-trade-band,208,0,-0.06804547866415911,-5.258827831390262,-0.08428832456409596,0.8160919540229885,2217.403000156821,71
jump_tail,E1_default_stress,no-trade-band,209,0,-0.10038668661971217,-5.7634529915740424,-0.10908158621426955,0.7530864197530864,2046.824433092764,61
jump_tail,E1_default_stress,no-trade-band,210,0,0.041581764969152335,3.6504844905668374,-0.02081574757700766,0.8285714285714286,1601.4784494153541,58
jump_tail,E2_spread_20bps,buy-and-hold,201,0,0.15639678966019321,22.492731346435896,-0.005583482346648072,0.7521367521367521,849.2156878633876,88
jump_tail,E2_spread_20bps,buy-and-hold,202,0,0.10789578282346723,9.82736383749587,-0.00769168821295374,0.7796610169491526,673.7624004010847,92
jump_tail,E2_spread_20bps,buy-and-hold,203,0,0.07984490251104948,11.760508276528059,-0.009957913173013644,0.7899159663865546,894.6293131754363,94
jump_tail,E2_spread_20bps,buy-and-hold,204,0,0.0048637188524882635,0.7049361427601322,-0.025282236280259607,0.8220338983050848,859.1586746667115,97
jump_tail,E2_spread_20bps,buy-and-hold,205,0,0.09289988291481577,14.376483576426413,-0.003213785114601242,0.8290598290598291,536.3647966687666,97
jump_tail,E2_spread_20bps,buy-and-hold,206,0,0.11313834747300056,11.189780290761252,-0.014156317802635487,0.8235294117647058,911.6640134225485,98
jump_tail,E2_spread_20bps,buy-and-hold,207,0,0.05824394552143852,5.790610240585893,-0.02566754888346301,0.7711864406779662,740.096293385427,91
jump_tail,E2_spread_20bps,buy-and-hold,208,0,0.043098048732207905,4.1813708829143605,-0.026732154679911746,0.8220338983050848,802.6755386541047,97
jump_tail,E2_spread_20bps,buy-and-hold,209,0,0.005775833853847834,0.8968924419850973,-0.024318190953191876,0.7672413793103449,657.6023828579507,89
jump_tail,E2_spread_20bps,buy-and-hold,210,0,0.029363752326141634,2.391366753068216,-0.03480557691513941,0.8189655172413793,924.6208882306231,95
jump_tail,E2_spread_20bps,signal-weighted,201,0,0.051503727820919165,7.95582756590566,-0.006007465796602829,0.5846153846153846,1999.9309089055128,38
jump_tail,E2_spread_20bps,signal-weighted,202,0,0.04256364355695075,4.345048838062954,-0.012753852734520454,0.5161290322580645,2016.8022656080177,32
jump_tail,E2_spread_20bps,signal-weighted,203,0,0.04105359312968715,6.000720202647766,-0.008166969375205668,0.5945945945945946,3283.984787439991,44
jump_tail,E2_spread_20bps,signal-weighted,204,0,-0.050479533961105494,-3.714509596606533,-0.07283226406552123,0.6119402985074627,2716.2759723344084,41
jump_tail,E2_spread_20bps,signal-weighted,205,0,0.03770652633573768,7.115640073119741,-0.011243727890841826,0.48214285714285715,1272.3469975302175,27
jump_tail,E2_spread_20bps,signal-weighted,206,0,0.131577162413,11.01833307803613,-0.005824901186286313,0.5606060606060606,2927.412512692571,37
jump_tail,E2_spread_20bps,signal-weighted,207,0,-0.02483235722778787,-1.9262564503941892,-0.05298056745190871,0.5942028985507246,2398.8706903144594,41
jump_tail,E2_spread_20bps,signal-weighted,208,0,-0.10452653342745066,-11.648548202750796,-0.10452653342745066,0.578125,2621.8146554741334,37
jump_tail,E2_spread_20bps,signal-weighted,209,0,0.00951461570052392,0.7470814873241995,-0.06375363937727663,0.5660377358490566,1906.2381749613655,30
jump_tail,E2_spread_20bps,signal-weighted,210,0,0.005297314514197238,0.6334872657678826,-0.03171471561971828,0.5254237288135594,1841.202856820892,31
jump_tail,E2_spread_20bps,naive-momentum,201,0,0.102163425475581,10.261100917886193,-0.016871401706851308,0.691358024691358,2153.683936364603,56
jump_tail,E2_spread_20bps,naive-momentum,202,0,0.11059260270701188,8.440400754780567,-0.006397149132481572,0.6883116883116883,1754.6345536543224,53
jump_tail,E2_spread_20bps,naive-momentum,203,0,0.06135226190341836,5.648211903102979,-0.034083945168771446,0.6896551724137931,1891.7293662965292,60
jump_tail,E2_spread_20bps,naive-momentum,204,0,0.02137945950696496,3.1118641231071344,-0.01872931091364105,0.7386363636363636,2095.0367964181546,65
jump_tail,E2_spread_20bps,naive-momentum,205,0,0.21722257012175983,18.860428923961052,-0.003927173627513159,0.788235294117647,2518.2003712766514,67
jump_tail,E2_spread_20bps,naive-momentum,206,0,0.03082472097692368,2.164002011710078,-0.04956740705454121,0.6847826086956522,2314.24223027921,63
jump_tail,E2_spread_20bps,naive-momentum,207,0,0.05937579090061984,4.600456503068957,-0.01844315952901232,0.6865671641791045,2467.587319535535,46
jump_tail,E2_spread_20bps,naive-momentum,208,0,-0.012286172601430168,-0.9638935707508502,-0.04763109533821186,0.717948717948718,3199.9588701792723,56
jump_tail,E2_spread_20bps,naive-momentum,209,0,0.0163421291532988,0.9766677674309368,-0.09859780365811743,0.7017543859649122,2605.8946044440377,40
jump_tail,E2_spread_20bps,naive-momentum,210,0,0.021617356723580006,1.8892364944853035,-0.03478600229055684,0.5641025641025641,1973.8083050456157,44
jump_tail,E2_spread_20bps,mean-reversion,201,0,0.14834919709228145,12.05948256988179,-0.0033075415775404293,0.6190476190476191,2806.907529988699,26
jump_tail,E2_spread_20bps,mean-reversion,202,0,-0.07932387861359125,-5.867991643176751,-0.07932387861359125,0.6875,1645.8663270113675,33
jump_tail,E2_spread_20bps,mean-reversion,203,0,-0.018089648263129088,-2.4513542815665783,-0.02600370686054354,0.7435897435897436,1447.5954762161791,29
jump_tail,E2_spread_20bps,mean-reversion,204,0,-0.04818967096946447,-6.9148892131033195,-0.05771222326932135,0.5952380952380952,2031.3496524083669,25
jump_tail,E2_spread_20bps,mean-reversion,205,0,-0.0011778043063993549,-0.07305173593623754,-0.026340667649045302,0.6976744186046512,1895.1574102619245,30
jump_tail,E2_spread_20bps,mean-reversion,206,0,-0.03567553026727244,-1.5619028623897284,-0.08475266924861902,0.7567567567567568,2393.1906586953824,28
jump_tail,E2_spread_20bps,mean-reversion,207,0,-0.005657535274173897,-0.1617703231646585,-0.05511247290304366,0.6911764705882353,1641.9256583624594,47
jump_tail,E2_spread_20bps,mean-reversion,208,0,0.1727854412128722,6.313796030898237,-0.07678405109567255,0.6779661016949152,4436.51133300975,40
jump_tail,E2_spread_20bps,mean-reversion,209,0,-0.07682943872784531,-3.8906509873827373,-0.08284840375435165,0.7352941176470589,2994.8538985451737,50
jump_tail,E2_spread_20bps,mean-reversion,210,0,0.007936056462714003,0.6478880672809375,-0.06237999271498973,0.6274509803921569,2057.5648565821293,32
jump_tail,E2_spread_20bps,risk-parity,201,0,0.07741280016471097,13.975100807459098,-0.00559941833497879,0.6916666666666667,2497.0062520450083,83
jump_tail,E2_spread_20bps,risk-parity,202,0,0.05571185931488287,5.8356647951205645,-0.013570477393663238,0.6440677966101694,2348.8392841438044,76
jump_tail,E2_spread_20bps,risk-parity,203,0,0.12360345625673919,16.07807151257137,-0.010017604457807083,0.7416666666666667,3061.454768662898,89
jump_tail,E2_spread_20bps,risk-parity,204,0,-0.03649908174443717,-3.437982242840421,-0.05444844515704028,0.7,2247.7520308530993,84
jump_tail,E2_spread_20bps,risk-parity,205,0,0.03417206113292903,3.163860417075389,-0.036932560953446325,0.7333333333333333,2034.6454896822734,88
jump_tail,E2_spread_20bps,risk-parity,206,0,0.10166439577789288,10.23577980137259,-0.018957641664854474,0.7435897435897436,3057.1949273257746,87
jump_tail,E2_spread_20bps,risk-parity,207,0,0.03957718241863062,2.069726285471998,-0.0831781849796881,0.7,2537.1358059102076,84
jump_tail,E2_spread_20bps,risk-parity,208,0,-0.04294446221446535,-3.5619131441359446,-0.057180284345636045,0.775,2853.682886111437,93
jump_tail,E2_spread_20bps,risk-parity,209,0,-0.08970058173831641,-5.170343936384861,-0.11084076181563352,0.7058823529411765,2589.0124679606497,84
jump_tail,E2_spread_20bps,risk-parity,210,0,0.05107557462853718,5.593115172751323,-0.014616480354221584,0.711864406779661,2443.446913478477,84
jump_tail,E2_spread_20bps,minimum-variance,201,0,0.15899414710972093,20.091871818826863,-0.00559941833497879,0.7416666666666667,1606.902872634829,89
jump_tail,E2_spread_20bps,minimum-variance,202,0,0.07886750737313064,6.686470784946802,-0.020193510196079734,0.6875,2035.8283985556575,77
jump_tail,E2_spread_20bps,minimum-variance,203,0,0.11957829777020867,14.425060906074803,-0.010017604457807083,0.7226890756302521,1979.274700665039,86
jump_tail,E2_spread_20bps,minimum-variance,204,0,-0.008570293929069939,-0.5696564151743703,-0.046357816468449276,0.7064220183486238,2172.1324330921734,77
jump_tail,E2_spread_20bps,minimum-variance,205,0,0.05636280962251994,7.283757558244537,-0.019691340877872388,0.7304347826086957,1603.44541393365,84
jump_tail,E2_spread_20bps,minimum-variance,206,0,0.13671848697534572,14.583675908522515,-0.007574235659141282,0.6517857142857143,1649.3680567194087,73
jump_tail,E2_spread_20bps,minimum-variance,207,0,0.12250096652453601,7.499447232503332,-0.02490992494861355,0.7043478260869566,2055.268780680124,81
jump_tail,E2_spread_20bps,minimum-variance,208,0,0.029239445559335664,2.479084425788335,-0.026669580997527476,0.7410714285714286,2000.009681952948,83
jump_tail,E2_spread_20bps,minimum-variance,209,0,-0.008473961669430707,-1.062996171650414,-0.031211012858983755,0.7394957983193278,1609.9245780063497,88
jump_tail,E2_spread_20bps,minimum-variance,210,0,0.04163571415380418,3.2431440794899444,-0.022079464110784763,0.7168141592920354,2023.5628610203999,81
jump_tail,E2_spread_20bps,random,201,0,0.05646284817333691,5.677379140584178,-0.01575626498586369,0.6513761467889908,2620.8691664005455,71
jump_tail,E2_spread_20bps,random,202,0,0.0750683228419744,5.952036501635727,-0.020621963536704646,0.7105263157894737,2717.923214710538,81
jump_tail,E2_spread_20bps,random,203,0,0.04892839788330505,7.03752636878197,-0.012953693222982787,0.7706422018348624,2243.36026573199,84
jump_tail,E2_spread_20bps,random,204,0,-0.03797180947712153,-4.335851582192147,-0.05492464468324909,0.6637931034482759,2495.749856366532,77
jump_tail,E2_spread_20bps,random,205,0,0.066091288128308,11.90935352900284,-0.006264047034559184,0.675,2702.7794918592904,81
jump_tail,E2_spread_20bps,random,206,0,0.03220091309645845,3.9187332952649334,-0.02257548216966654,0.5851063829787234,2205.2235298030696,55
jump_tail,E2_spread_20bps,random,207,0,0.026110343300633776,2.229477564887392,-0.031650707076340656,0.8130841121495327,2907.644698269715,87
jump_tail,E2_spread_20bps,random,208,0,0.04043593311751703,4.917888926809114,-0.019602177228590256,0.711864406779661,2757.0042153622207,84
jump_tail,E2_spread_20bps,random,209,0,-0.04445196426434006,-4.732648375639887,-0.06309908422090771,0.8256880733944955,2452.860364304422,90
jump_tail,E2_spread_20bps,random,210,0,-0.034205363735279715,-1.8264688334198516,-0.06488146543929185,0.7033898305084746,2849.7583725599206,83
jump_tail,E2_spread_20bps,no-trade-band,201,0,0.08269775118237788,13.129794548172013,-0.00559941833497879,0.8390804597701149,1815.3799460129064,73
jump_tail,E2_spread_20bps,no-trade-band,202,0,0.05146951237885422,5.59272370440938,-0.015025974970942158,0.6235294117647059,2210.443260335518,53
jump_tail,E2_spread_20bps,no-trade-band,203,0,0.11306724909956323,14.85543043856478,-0.010017604457807083,0.7157894736842105,2891.305848083008,68
jump_tail,E2_spread_20bps,no-trade-band,204,0,-0.0445492688134298,-4.26415827073502,-0.06350019870812329,0.6785714285714286,1968.9471676275252,57
jump_tail,E2_spread_20bps,no-trade-band,205,0,0.03794677376541844,3.8332276304658657,-0.03005225431438019,0.7450980392156863,1616.3406498291731,76
jump_tail,E2_spread_20bps,no-trade-band,206,0,0.1389764624527725,14.561523929309429,-0.005967692300722138,0.7564102564102564,2848.9877783317647,59
jump_tail,E2_spread_20bps,no-trade-band,207,0,0.06062250040182371,3.033685573073931,-0.07502186678426226,0.6666666666666666,2018.5974544309843,44
jump_tail,E2_spread_20bps,no-trade-band,208,0,-0.06529268606733041,-5.000561984716244,-0.07940989158905665,0.7653061224489796,2606.711777117943,75
jump_tail,E2_spread_20bps,no-trade-band,209,0,-0.10536487591458976,-6.049209409983305,-0.11225761544161872,0.7407407407407407,2536.1159165223844,60
jump_tail,E2_spread_20bps,no-trade-band,210,0,0.03768122287455289,3.318552958885673,-0.021191719717716384,0.8142857142857143,1976.927493511208,57
jump_tail,E2_latency_3,buy-and-hold,201,0,0.11796506413244767,14.361361826082055,-0.003502851750164293,0.47058823529411764,664.9365455826229,56
jump_tail,E2_latency_3,buy-and-hold,202,0,0.08305388318147,9.240625357240388,-0.009983161556232911,0.5166666666666667,953.0188797500722,62
jump_tail,E2_latency_3,buy-and-hold,203,0,0.07113444473275599,10.961435780731463,-0.007985767415814582,0.48739495798319327,581.5362566510279,58
jump_tail,E2_latency_3,buy-and-hold,204,0,0.01835314839221569,4.090947796887303,-0.010488892418558993,0.4957983193277311,522.2108558248974,59
jump_tail,E2_latency_3,buy-and-hold,205,0,0.06578990663351347,8.380456080966782,-0.00795429302266204,0.4915254237288136,585.762410527642,58
jump_tail,E2_latency_3,buy-and-hold,206,0,0.0918401831860336,7.853155850672106,-0.023470956275340793,0.4915254237288136,770.3559630793764,58
jump_tail,E2_latency_3,buy-and-hold,207,0,0.04934301717272427,5.043229609721928,-0.02584155579159253,0.5042016806722689,683.3684877415095,60
jump_tail,E2_latency_3,buy-and-hold,208,0,0.032186150233614264,3.8961258832745336,-0.016135757693732433,0.47413793103448276,543.7651576888085,55
jump_tail,E2_latency_3,buy-and-hold,209,0,0.0299586652451318,5.7639654342317215,-0.008451513323062931,0.4830508474576271,569.8102370127522,57
jump_tail,E2_latency_3,buy-and-hold,210,0,0.021450267351783348,1.9905992328492035,-0.02970294357332459,0.49166666666666664,613.9443480224627,59
jump_tail,E2_latency_3,signal-weighted,201,0,0.07478089492413731,6.253226484594144,-0.0147504132861207,0.36065573770491804,980.1449857340144,22
jump_tail,E2_latency_3,signal-weighted,202,0,-0.003910964116695781,-0.7721763238177246,-0.01736074303488322,0.3684210526315789,832.7942535850877,21
jump_tail,E2_latency_3,signal-weighted,203,0,0.05940570929043276,10.309856829793048,-0.008026460018415227,0.359375,1696.5297302965287,23
jump_tail,E2_latency_3,signal-weighted,204,0,-0.004710171906186389,-0.41586819281645115,-0.04415913217420642,0.4,1232.1624872655939,24
jump_tail,E2_latency_3,signal-weighted,205,0,0.010770000606397545,1.5909244276691203,-0.02864139735144433,0.44,738.1129943881849,22
jump_tail,E2_latency_3,signal-weighted,206,0,-0.027167250011405075,-2.3631054898595716,-0.04801045554041694,0.3333333333333333,806.5715603019743,20
jump_tail,E2_latency_3,signal-weighted,207,0,0.08910934314297392,4.928955876788626,-0.03582394647665299,0.36065573770491804,1304.9312249179247,22
jump_tail,E2_latency_3,signal-weighted,208,0,0.05171435792612722,3.9393904435427634,-0.027443877118285998,0.40350877192982454,1301.9206327266736,23
jump_tail,E2_latency_3,signal-weighted,209,0,-0.012362148675745588,-1.2952332796105166,-0.037490157653509826,0.3829787234042553,1281.2917573879643,18
jump_tail,E2_latency_3,signal-weighted,210,0,-0.014793458106191704,-2.484766337321398,-0.025250031961449593,0.3888888888888889,878.29827980897,21
jump_tail,E2_latency_3,naive-momentum,201,0,0.10347133740845527,11.066458277510566,-0.0015566579185325446,0.375,930.4529837066036,33
jump_tail,E2_latency_3,naive-momentum,202,0,0.09384269156395986,11.094144407800687,-0.0033196279768872294,0.3132530120481928,755.300025369967,26
jump_tail,E2_latency_3,naive-momentum,203,0,0.025208154670754768,3.457863321154715,-0.020743362933543064,0.3068181818181818,1133.4372827815462,27
jump_tail,E2_latency_3,naive-momentum,204,0,0.012459189132465465,1.7847201678216236,-0.01672744730715492,0.35714285714285715,906.0705966762446,30
jump_tail,E2_latency_3,naive-momentum,205,0,0.18588295299157376,8.581749936202575,-0.016926515900531958,0.38636363636363635,1217.0554737545372,34
jump_tail,E2_latency_3,naive-momentum,206,0,0.027963163922512857,1.8154993295533468,-0.05327170699407324,0.3163265306122449,811.4194009622396,31
jump_tail,E2_latency_3,naive-momentum,207,0,0.066371419125967,5.4215535039600935,-0.024948607399915557,0.29411764705882354,1116.926574161674,20
jump_tail,E2_latency_3,naive-momentum,208,0,0.0162533805941516,1.7615288113110728,-0.02433500206489636,0.24358974358974358,1228.4152505706709,19
jump_tail,E2_latency_3,naive-momentum,209,0,-0.09625855811197281,-6.605388733902415,-0.10422176198628963,0.234375,1435.942159345688,15
jump_tail,E2_latency_3,naive-momentum,210,0,0.048615084746046255,4.50466063406977,-0.013749577691579251,0.4074074074074074,866.8659229623564,33
jump_tail,E2_latency_3,mean-reversion,201,0,0.14237251227035075,8.354418726455675,-0.019343104872128536,0.34,1610.7878987215672,17
jump_tail,E2_latency_3,mean-reversion,202,0,-0.05083470748619656,-7.604334527275996,-0.0572088281103138,0.3673469387755102,813.308541616076,18
jump_tail,E2_latency_3,mean-reversion,203,0,0.03918961102743901,4.057362651758452,-0.025099192112418067,0.3191489361702128,753.7767903858846,15
jump_tail,E2_latency_3,mean-reversion,204,0,-0.020755613230961756,-1.9657808624056405,-0.04779421658088234,0.3695652173913043,908.6303134746612,17
jump_tail,E2_latency_3,mean-reversion,205,0,0.03014569464169714,3.1403984061425088,-0.03378428663323518,0.32653061224489793,1094.1399896363105,16
jump_tail,E2_latency_3,mean-reversion,206,0,0.07613866243060086,7.676081439444404,-0.01959476474209232,0.38235294117647056,1027.0255253638575,13
jump_tail,E2_latency_3,mean-reversion,207,0,0.03458244785503961,5.567557305466209,-0.014744931593172361,0.37333333333333335,1333.1085734345093,28
jump_tail,E2_latency_3,mean-reversion,208,0,0.18329770644548238,10.168529885672939,-0.01982174268747694,0.29850746268656714,2444.821774938599,20
jump_tail,E2_latency_3,mean-reversion,209,0,0.1410466330757565,13.894477076822104,-0.0034033719434559684,0.37662337662337664,1676.7391868184804,29
jump_tail,E2_latency_3,mean-reversion,210,0,0.033140711697931646,2.589005371868875,-0.020444176626020272,0.2830188679245283,1109.944954712954,15
jump_tail,E2_latency_3,risk-parity,201,0,0.10728655336186743,11.57998582289972,-0.01470031545845818,0.4117647058823529,1026.8495654181388,49
jump_tail,E2_latency_3,risk-parity,202,0,0.09091292142123542,9.975175177430495,-0.006875374747175034,0.4,1106.1914819854096,48
jump_tail,E2_latency_3,risk-parity,203,0,0.06398150251082968,8.880783396167761,-0.014851798503536906,0.375,856.9214940261019,45
jump_tail,E2_latency_3,risk-parity,204,0,0.0027756974559833836,0.3987837335345102,-0.03322799558415823,0.33613445378151263,754.7027213307281,40
jump_tail,E2_latency_3,risk-parity,205,0,0.016246990191155053,1.9991568730912308,-0.03300108774868615,0.4083333333333333,982.8247380044118,49
jump_tail,E2_latency_3,risk-parity,206,0,0.11522322023371578,9.117606694950167,-0.025528215277655697,0.39166666666666666,1149.0141342828217,47
jump_tail,E2_latency_3,risk-parity,207,0,0.057199998675037556,5.997050316008274,-0.025869507663786373,0.4166666666666667,1113.1270546323747,50
jump_tail,E2_latency_3,risk-parity,208,0,0.019251053929673967,2.2563680350403716,-0.02516105643304567,0.35,885.5728577369297,42
jump_tail,E2_latency_3,risk-parity,209,0,-0.03513950719927428,-4.142170954545746,-0.0468483759906454,0.35,933.6096469756839,42
jump_tail,E2_latency_3,risk-parity,210,0,0.0373149061134368,3.150511343602218,-0.03143531393589438,0.38333333333333336,818.2432672105264,46
jump_tail,E2_latency_3,minimum-variance,201,0,0.11656696406196332,15.435916164140774,-0.003436701614995874,0.3333333333333333,713.068687433416,40
jump_tail,E2_latency_3,minimum-variance,202,0,0.11584546727387268,10.632174544003552,-0.006875374747175034,0.4017094017094017,1264.1984176601786,47
jump_tail,E2_latency_3,minimum-variance,203,0,0.08493733391218727,13.947462458408976,-0.004062087988210283,0.40336134453781514,867.3677564960491,48
jump_tail,E2_latency_3,minimum-variance,204,0,0.014311688430075575,2.4482442896868846,-0.01606131537024924,0.33035714285714285,817.8884741929916,37
jump_tail,E2_latency_3,minimum-variance,205,0,0.04233075555091981,6.020903217987405,-0.008996143168560455,0.423728813559322,817.9028767434579,50
jump_tail,E2_latency_3,minimum-variance,206,0,0.1041549648384883,8.653688866531498,-0.024614714826791118,0.3017241379310345,1098.467965221963,35
jump_tail,E2_latency_3,minimum-variance,207,0,0.08046810222248557,6.398641593990168,-0.025869507663786373,0.375,996.832336086793,45
jump_tail,E2_latency_3,minimum-variance,208,0,0.039517615912089576,3.5808872454298997,-0.0261955503994743,0.3391304347826087,874.9487727564805,39
jump_tail,E2_latency_3,minimum-variance,209,0,0.01946936066331162,3.5393801842133494,-0.008375601534183708,0.3504273504273504,701.9001035338952,41
jump_tail,E2_latency_3,minimum-variance,210,0,0.024118863964462056,2.159343193747006,-0.03143531393589438,0.37168141592920356,753.2093173390336,42
jump_tail,E2_latency_3,random,201,0,0.07048446569367961,9.49892938261088,-0.010349148006096542,0.44,1020.9793381204372,44
jump_tail,E2_latency_3,random,202,0,0.02260378336269242,3.750483498127467,-0.008210002711812603,0.38095238095238093,1552.8979793586134,40
jump_tail,E2_latency_3,random,203,0,0.07157700950398871,11.325250481142856,-0.0026661888693293445,0.39090909090909093,859.7136897610935,43
jump_tail,E2_latency_3,random,204,0,-0.007052279523212968,-0.5253234028673403,-0.04844418583709942,0.3706896551724138,1140.4336297701943,43
jump_tail,E2_latency_3,random,205,0,0.13132397048997335,12.013328107138536,-0.005634825861463022,0.41818181818181815,1321.471135970894,46
jump_tail,E2_latency_3,random,206,0,0.041551782261160186,4.26861877782312,-0.01683750445003729,0.29,949.5132831645963,29
jump_tail,E2_latency_3,random,207,0,0.08453077161600153,7.951491592204486,-0.011859029819656919,0.46601941747572817,1359.6064191454261,48
jump_tail,E2_latency_3,random,208,0,-0.007772461114548546,-0.6170884957929227,-0.051459854376552205,0.4083333333333333,1456.235664791203,49
jump_tail,E2_latency_3,random,209,0,0.05895781698700375,7.622508876902099,-0.012381755340555411,0.45454545454545453,945.7519923890432,50
jump_tail,E2_latency_3,random,210,0,0.05103508790849265,5.141800390104916,-0.013204390010074674,0.3504273504273504,1050.551383203825,41
jump_tail,E2_latency_3,no-trade-band,201,0,0.11093552923639383,12.69261792198003,-0.010670639775750113,0.5058823529411764,960.5038505604472,43
jump_tail,E2_latency_3,no-trade-band,202,0,0.08516082058307739,11.079069234285942,-0.006875374747175034,0.5212765957446809,995.6122571317821,49
jump_tail,E2_latency_3,no-trade-band,203,0,0.05622661647549543,6.813983686514195,-0.021880415858817948,0.4943820224719101,736.3772758870876,44
jump_tail,E2_latency_3,no-trade-band,204,0,0.002874327830862944,0.42604184705188486,-0.031219506880160286,0.4536082474226804,703.9661714737854,44
jump_tail,E2_latency_3,no-trade-band,205,0,0.05797778644615037,8.859538782470539,-0.004848419412996741,0.5825242718446602,724.3180670394294,60
jump_tail,E2_latency_3,no-trade-band,206,0,0.10749701996121841,8.794131226732281,-0.02509775024226235,0.5483870967741935,1067.4726990209795,51
jump_tail,E2_latency_3,no-trade-band,207,0,0.05999229911600934,6.358354324968989,-0.025869507663786373,0.5476190476190477,968.9035485838987,46
jump_tail,E2_latency_3,no-trade-band,208,0,0.020156367163045807,2.453954880271964,-0.025106074486392904,0.5909090909090909,739.3413932708303,52
jump_tail,E2_latency_3,no-trade-band,209,0,-0.029728169349443334,-3.725254730764977,-0.04192863200154229,0.4891304347826087,882.0741622587831,45
jump_tail,E2_latency_3,no-trade-band,210,0,0.022529479577243938,2.047782085976199,-0.03143531393589438,0.5217391304347826,738.5099550140199,48
jump_tail,E2_participation_1pct,buy-and-hold,201,0,0.1582093049967912,23.21421767671071,-0.004594131642143506,0.7521367521367521,679.5900447597334,88
jump_tail,E2_participation_1pct,buy-and-hold,202,0,0.10975716760416976,10.067698929445486,-0.007536500064026175,0.788135593220339,514.687878468682,93
jump_tail,E2_participation_1pct,buy-and-hold,203,0,0.0815518148762453,12.147946382707199,-0.008972050948524712,0.7899159663865546,730.0440946742486,94
jump_tail,E2_participation_1pct,buy-and-hold,204,0,0.006554536354455909,0.9268722341521953,-0.024819143098728125,0.811965811965812,696.3869830474687,95
jump_tail,E2_participation_1pct,buy-and-hold,205,0,0.09451969696302953,14.788177365893821,-0.0022179380138035443,0.8275862068965517,382.84873578881337,96
jump_tail,E2_participation_1pct,buy-and-hold,206,0,0.11503627029982955,11.450466932097124,-0.014104251469203799,0.8166666666666667,734.0415303835133,98
jump_tail,E2_participation_1pct,buy-and-hold,207,0,0.059928211291339295,5.9714714562660625,-0.02559408784381645,0.773109243697479,582.723889388822,92
jump_tail,E2_participation_1pct,buy-and-hold,208,0,0.044680712926070454,4.346291554802544,-0.026570639844897603,0.8135593220338984,644.6738653877102,96
jump_tail,E2_participation_1pct,buy-and-hold,209,0,0.0071223602754662,1.0904211092331308,-0.02440063733002451,0.7777777777777778,518.2882445674213,91
jump_tail,E2_participation_1pct,buy-and-hold,210,0,0.03107330293156152,2.5252384401534522,-0.034754806574863406,0.8189655172413793,756.2640799846727,95
jump_tail,E2_participation_1pct,signal-weighted,201,0,0.05645390499878444,8.731764346167582,-0.004336736974814737,0.5846153846153846,1522.4051131069386,38
jump_tail,E2_participation_1pct,signal-weighted,202,0,0.046826686908834736,4.806359187701983,-0.011828388689102076,0.5161290322580645,1611.7921040000083,32
jump_tail,E2_participation_1pct,signal-weighted,203,0,0.04731769792609386,6.878980645426275,-0.006856837499242929,0.5945945945945946,2660.0122873014207,44
jump_tail,E2_participation_1pct,signal-weighted,204,0,-0.044346658264551087,-3.234833850837308,-0.07083679615260785,0.5671641791044776,2109.502133784061,38
jump_tail,E2_participation_1pct,signal-weighted,205,0,0.04049516209865245,7.67098783819431,-0.010189235455622114,0.48214285714285715,999.6991698154328,27
jump_tail,E2_participation_1pct,signal-weighted,206,0,0.13681447837233796,11.380688770334517,-0.0050807844845495165,0.5606060606060606,2422.869715375259,37
jump_tail,E2_participation_1pct,signal-weighted,207,0,-0.019214612040425405,-1.4455982984963844,-0.04906336489948793,0.5507246376811594,1856.0061174969849,38
jump_tail,E2_participation_1pct,signal-weighted,208,0,-0.09953591724267552,-11.030819873445296,-0.09953591724267552,0.578125,2113.933855651477,37
jump_tail,E2_participation_1pct,signal-weighted,209,0,0.012669724055041964,0.9348170968650493,-0.06294403299478368,0.5849056603773585,1593.969755161787,31
jump_tail,E2_participation_1pct,signal-weighted,210,0,0.009667695937093157,1.0631688719653931,-0.030978024896632927,0.5423728813559322,1399.6835534374047,32
jump_tail,E2_participation_1pct,naive-momentum,201,0,0.10702642154816622,10.766268271626073,-0.0164863945107927,0.7037037037037037,1665.1445284970791,57
jump_tail,E2_participation_1pct,naive-momentum,202,0,0.11524946020952997,8.795061315835156,-0.006222060614078928,0.6753246753246753,1325.7489401752377,52
jump_tail,E2_participation_1pct,naive-momentum,203,0,0.06566534564485194,6.082622664707779,-0.032726748745852796,0.6627906976744186,1457.4131443369415,57
jump_tail,E2_participation_1pct,naive-momentum,204,0,0.025907903673397348,3.738796744378122,-0.01709794451933011,0.7386363636363636,1642.9173696559533,65
jump_tail,E2_participation_1pct,naive-momentum,205,0,0.2225220854347132,19.28838783902786,-0.0031589023588775023,0.788235294117647,2030.2159379614716,67
jump_tail,E2_participation_1pct,naive-momentum,206,0,0.03588154973409741,2.494039156432519,-0.04915190562310612,0.6956521739130435,1812.104955267362,64
jump_tail,E2_participation_1pct,naive-momentum,207,0,0.06374554416184641,4.929365161015153,-0.018213167856990564,0.6567164179104478,2066.961001460951,44
jump_tail,E2_participation_1pct,naive-momentum,208,0,-0.006284607497338723,-0.4313532608142277,-0.04667877787059693,0.7051282051282052,2616.207520308217,55
jump_tail,E2_participation_1pct,naive-momentum,209,0,0.021464176836427873,1.2095798786748941,-0.09643787782112467,0.7017543859649122,2124.726267738859,40
jump_tail,E2_participation_1pct,naive-momentum,210,0,0.025834350908492176,2.234322660495805,-0.03398705852986217,0.5897435897435898,1538.1141453306254,46
jump_tail,E2_participation_1pct,mean-reversion,201,0,0.15370876341275674,12.475758940604543,-0.0023122568585018932,0.6190476190476191,2288.4625882680934,26
jump_tail,E2_participation_1pct,mean-reversion,202,0,-0.07530211995259961,-5.493829373426983,-0.07530211995259961,0.6875,1237.012103151564,33
jump_tail,E2_participation_1pct,mean-reversion,203,0,-0.013502273104948115,-1.7936919814021557,-0.024847449687260936,0.7368421052631579,995.8911284329265,28
jump_tail,E2_participation_1pct,mean-reversion,204,0,-0.04309795828217089,-6.177902675981413,-0.05507770598247508,0.5952380952380952,1527.2362222306872,25
jump_tail,E2_participation_1pct,mean-reversion,205,0,0.0039122405355525025,0.587570364251964,-0.025460158001042288,0.6976744186046512,1383.8553590478837,30
jump_tail,E2_participation_1pct,mean-reversion,206,0,-0.03189346520902092,-1.3715376586695571,-0.08398501456994201,0.7567567567567568,2015.2787480456711,28
jump_tail,E2_participation_1pct,mean-reversion,207,0,-0.002123437959995922,0.049544586199903866,-0.0541184824157116,0.6617647058823529,1269.7491273795679,45
jump_tail,E2_participation_1pct,mean-reversion,208,0,0.1794346320025655,6.526093390317095,-0.07553575069500129,0.6271186440677966,3801.426059114059,37
jump_tail,E2_participation_1pct,mean-reversion,209,0,-0.07182819411735064,-3.6072740983760885,-0.08115388125068501,0.7205882352941176,2462.1068850235974,49
jump_tail,E2_participation_1pct,mean-reversion,210,0,0.012208743606439532,0.9003306601179017,-0.06179352618292633,0.6078431372549019,1628.081727959126,31
jump_tail,E2_participation_1pct,risk-parity,201,0,0.083006745736534,15.307315876828568,-0.0046090931751914255,0.6916666666666667,1980.383501034524,83
jump_tail,E2_participation_1pct,risk-parity,202,0,0.060895556753635116,6.419775652602178,-0.013381709907603345,0.635593220338983,1844.2465766033129,75
jump_tail,E2_participation_1pct,risk-parity,203,0,0.12990056860208266,17.005307557203867,-0.009027437125070481,0.725,2448.5087415036833,87
jump_tail,E2_participation_1pct,risk-parity,204,0,-0.03181471322433671,-2.9923398307746263,-0.051759820239202226,0.6974789915966386,1779.6681458114567,83
jump_tail,E2_participation_1pct,risk-parity,205,0,0.038326780309637876,3.539932030612842,-0.03647348782116244,0.7333333333333333,1622.0477387691235,88
jump_tail,E2_participation_1pct,risk-parity,206,0,0.10774426622700806,10.887142729186875,-0.017870634927980356,0.7310924369747899,2513.872638329822,87
jump_tail,E2_participation_1pct,risk-parity,207,0,0.0449126010340235,2.323308141102648,-0.08104461494625759,0.675,2049.5744677939892,81
jump_tail,E2_participation_1pct,risk-parity,208,0,-0.038069021245705104,-3.134122950933521,-0.05551202642492781,0.775,2359.555489929362,93
jump_tail,E2_participation_1pct,risk-parity,209,0,-0.0847552040617865,-4.884807214997106,-0.10843225169706638,0.7142857142857143,2094.3709758233126,85
jump_tail,E2_participation_1pct,risk-parity,210,0,0.05582232373033458,6.076027751118463,-0.013642350909811918,0.7058823529411765,1978.291184229024,84
jump_tail,E2_participation_1pct,minimum-variance,201,0,0.1626697922647813,20.831118207341852,-0.0046090931751914255,0.7394957983193278,1266.3842651116506,88
jump_tail,E2_participation_1pct,minimum-variance,202,0,0.08330333231822973,7.090189310590041,-0.01977731874373112,0.6964285714285714,1606.1495174755469,78
jump_tail,E2_participation_1pct,minimum-variance,203,0,0.12391325300390732,14.976710299853712,-0.009027437125070481,0.7203389830508474,1586.115342884014,85
jump_tail,E2_participation_1pct,minimum-variance,204,0,-0.004204396943799815,-0.2148586416498562,-0.04469265780395493,0.6880733944954128,1721.2203743426112,75
jump_tail,E2_participation_1pct,minimum-variance,205,0,0.05974366470015724,7.705682424727814,-0.01959586160681226,0.7327586206896551,1244.1039809197505,85
jump_tail,E2_participation_1pct,minimum-variance,206,0,0.14022590942135338,15.090967166559665,-0.007269419052357229,0.6517857142857143,1324.3741873887848,73
jump_tail,E2_participation_1pct,minimum-variance,207,0,0.12706598726259322,7.766886344711478,-0.024749802957993117,0.6956521739130435,1652.6640878160574,80
jump_tail,E2_participation_1pct,minimum-variance,208,0,0.03315912821411904,2.793782519767936,-0.026516471633348138,0.75,1627.1540863476996,84
jump_tail,E2_participation_1pct,minimum-variance,209,0,-0.005235801809053253,-0.6303652985965347,-0.03085930835506767,0.7394957983193278,1305.4949320356623,88
jump_tail,E2_participation_1pct,minimum-variance,210,0,0.0457170386698309,3.5615051750371864,-0.02172943804099048,0.7256637168141593,1616.8371742550657,82
jump_tail,E2_participation_1pct,random,201,0,0.06210370653570507,6.14074131339476,-0.014580646306082579,0.6513761467889908,2074.95372840581,71
jump_tail,E2_participation_1pct,random,202,0,0.08065866341151762,6.413302932065394,-0.019743580408888795,0.6929824561403509,2169.9601273736894,79
jump_tail,E2_participation_1pct,random,203,0,0.05449786677433632,7.90955759608189,-0.011547712437518398,0.7339449541284404,1702.1469726705307,80
jump_tail,E2_participation_1pct,random,204,0,-0.0326222205056631,-3.74656670844975,-0.05059150665555223,0.6637931034482759,1946.6137026644876,77
jump_tail,E2_participation_1pct,random,205,0,0.07208144620743284,13.130187361365927,-0.00537309523654117,0.6666666666666666,2125.005711876348,80
jump_tail,E2_participation_1pct,random,206,0,0.03701158642618063,4.446367202112772,-0.021310086339171308,0.5851063829787234,1737.9568933972469,55
jump_tail,E2_participation_1pct,random,207,0,0.03223503803870331,2.7133038629756383,-0.03123421225135603,0.794392523364486,2308.6956732606886,85
jump_tail,E2_participation_1pct,random,208,0,0.04619188196507906,5.627735017537744,-0.01846017902078878,0.7203389830508474,2211.713358714991,85
jump_tail,E2_participation_1pct,random,209,0,-0.0387062799607254,-4.131375764475015,-0.059930131920024055,0.8181818181818182,1897.5495303269563,90
jump_tail,E2_participation_1pct,random,210,0,-0.029032807306328068,-1.516399112849023,-0.06469289354312358,0.7033898305084746,2319.9520880626596,83
jump_tail,E2_participation_1pct,no-trade-band,201,0,0.08617598873248333,14.048728768981677,-0.0046090931751914255,0.8390804597701149,1423.84310941229,73
jump_tail,E2_participation_1pct,no-trade-band,202,0,0.056386506799691816,6.184366727400399,-0.014657705264369936,0.6352941176470588,1739.046060747686,54
jump_tail,E2_participation_1pct,no-trade-band,203,0,0.11887846923828427,15.726096690302967,-0.009027437125070481,0.7157894736842105,2308.7211506979224,68
jump_tail,E2_participation_1pct,no-trade-band,204,0,-0.03802383970818424,-3.696745769422821,-0.05881006172154013,0.6904761904761905,1535.7328372917025,58
jump_tail,E2_participation_1pct,no-trade-band,205,0,0.04175150537834438,4.20527043712735,-0.029804383055207162,0.7450980392156863,1268.6182611240706,76
jump_tail,E2_participation_1pct,no-trade-band,206,0,0.14460890250545755,15.25170723537183,-0.005556896575754422,0.7564102564102564,2334.503245302082,59
jump_tail,E2_participation_1pct,no-trade-band,207,0,0.0647735114508372,3.225945614969692,-0.07398556511379284,0.6212121212121212,1638.0563331501537,41
jump_tail,E2_participation_1pct,no-trade-band,208,0,-0.06804547866415911,-5.258827831390262,-0.08428832456409596,0.8160919540229885,2217.403000156821,71
jump_tail,E2_participation_1pct,no-trade-band,209,0,-0.10038668661971217,-5.7634529915740424,-0.10908158621426955,0.7530864197530864,2046.824433092764,61
jump_tail,E2_participation_1pct,no-trade-band,210,0,0.041581764969152335,3.6504844905668374,-0.02081574757700766,0.8285714285714286,1601.4784494153541,58
jump_tail,E2_harsh_corner,buy-and-hold,201,0,0.11606519939092164,14.005664922710915,-0.004473070942723423,0.47058823529411764,832.7654804811218,56
jump_tail,E2_harsh_corner,buy-and-hold,202,0,0.08127848989210906,8.992676664820342,-0.010061266321264473,0.5,1123.762474340647,60
jump_tail,E2_harsh_corner,buy-and-hold,203,0,0.06958019152898842,10.596751259629436,-0.008082154169282152,0.48739495798319327,733.2548748875456,58
jump_tail,E2_harsh_corner,buy-and-hold,204,0,0.017019624062001304,3.7450930810688354,-0.010719308900414837,0.5,681.6993351082784,59
jump_tail,E2_harsh_corner,buy-and-hold,205,0,0.06398137836271034,8.074951450377919,-0.008408968880081025,0.4915254237288136,743.0022199978066,58
jump_tail,E2_harsh_corner,buy-and-hold,206,0,0.09015173693552292,7.665344458219378,-0.02362323967256108,0.4957983193277311,935.5255961462424,59
jump_tail,E2_harsh_corner,buy-and-hold,207,0,0.0476959642203274,4.864204379168782,-0.025869516988687447,0.4957983193277311,830.8510720324484,59
jump_tail,E2_harsh_corner,buy-and-hold,208,0,0.030627501874902485,3.690677276116516,-0.016210739342995772,0.48739495798319327,689.3734920662484,58
jump_tail,E2_harsh_corner,buy-and-hold,209,0,0.028683989086504713,5.461009362569504,-0.009448155068583763,0.4915254237288136,711.0845662178806,58
jump_tail,E2_harsh_corner,buy-and-hold,210,0,0.019646479651876936,1.8333906722457403,-0.029720383241400472,0.4957983193277311,785.9522178533151,59
jump_tail,E2_harsh_corner,signal-weighted,201,0,0.07092245986885426,5.920407262876567,-0.016014167559296633,0.36065573770491804,1349.5468485409542,22
jump_tail,E2_harsh_corner,signal-weighted,202,0,-0.006891870293468827,-1.376583497413228,-0.019289943880950622,0.3684210526315789,1131.8839668969088,21
jump_tail,E2_harsh_corner,signal-weighted,203,0,0.055698462720862096,9.631955518890644,-0.00875858765722981,0.359375,2057.270897407543,23
jump_tail,E2_harsh_corner,signal-weighted,204,0,-0.008111860388828829,-0.7986215004168791,-0.04478323479713309,0.36666666666666664,1585.5737686275374,22
jump_tail,E2_harsh_corner,signal-weighted,205,0,0.008246210342415239,1.2418897145979764,-0.028993482851308316,0.44,989.9831933176137,22
jump_tail,E2_harsh_corner,signal-weighted,206,0,-0.03009797189330199,-2.650153814475703,-0.04808447758982948,0.3333333333333333,1091.418056773241,20
jump_tail,E2_harsh_corner,signal-weighted,207,0,0.08590360377523143,4.785268714685692,-0.03578035454311135,0.36065573770491804,1628.7962943779985,22
jump_tail,E2_harsh_corner,signal-weighted,208,0,0.04842105475409286,3.6729737863500205,-0.02803031890065999,0.40350877192982454,1650.5972226387184,23
jump_tail,E2_harsh_corner,signal-weighted,209,0,-0.014482710890316497,-1.5045895473635618,-0.03841567373456478,0.3829787234042553,1493.1950419015104,18
jump_tail,E2_harsh_corner,signal-weighted,210,0,-0.01773487656706052,-2.919356709485199,-0.026219598413358525,0.3888888888888889,1164.9643617414188,21
jump_tail,E2_harsh_corner,naive-momentum,201,0,0.10014792532652739,10.658515820672775,-0.0025720993955503646,0.375,1249.2417073024094,33
jump_tail,E2_harsh_corner,naive-momentum,202,0,0.09067557478501986,10.753410215306253,-0.004329149527556031,0.3253012048192771,1038.028426526835,27
jump_tail,E2_harsh_corner,naive-momentum,203,0,0.022056658617967573,2.9931488926550176,-0.021285321560607806,0.32954545454545453,1435.7635153434019,29
jump_tail,E2_harsh_corner,naive-momentum,204,0,0.009520373337855492,1.3660619195724064,-0.018607676253436845,0.35714285714285715,1201.2882772440157,30
jump_tail,E2_harsh_corner,naive-momentum,205,0,0.18274327892653885,8.435483250420072,-0.0175248658602557,0.375,1502.679221454072,33
jump_tail,E2_harsh_corner,naive-momentum,206,0,0.025101902601455617,1.6510632412547328,-0.053338022664618956,0.3163265306122449,1072.9042800531565,31
jump_tail,E2_harsh_corner,naive-momentum,207,0,0.063397372572785,5.195681691969547,-0.02524407667234152,0.29411764705882354,1401.1031203210111,20
jump_tail,E2_harsh_corner,naive-momentum,208,0,0.01335948633287587,1.4526766729829694,-0.02551683049117992,0.2564102564102564,1528.9694793918254,20
jump_tail,E2_harsh_corner,naive-momentum,209,0,-0.09876257562429691,-6.765104921207959,-0.1066949003626525,0.234375,1701.8371208579033,15
jump_tail,E2_harsh_corner,naive-momentum,210,0,0.045667515897279465,4.220727085129243,-0.014633889398114053,0.4024390243902439,1170.422915044877,33
jump_tail,E2_harsh_corner,mean-reversion,201,0,0.138825593635848,8.149549584870847,-0.019536159218051186,0.36,1951.9003042375543,18
jump_tail,E2_harsh_corner,mean-reversion,202,0,-0.05345537950826207,-7.96114299958797,-0.058874223190702235,0.32,1083.2377318766066,16
jump_tail,E2_harsh_corner,mean-reversion,203,0,0.03604397259787784,3.75735640139522,-0.02557883154563123,0.3191489361702128,1048.2035068772893,15
jump_tail,E2_harsh_corner,mean-reversion,204,0,-0.02320313014440023,-2.2283175254188787,-0.04868679103090645,0.391304347826087,1161.0837331326884,18
jump_tail,E2_harsh_corner,mean-reversion,205,0,0.026783691677204846,2.8206074525801816,-0.03451519297931327,0.32653061224489793,1425.3561252751103,16
jump_tail,E2_harsh_corner,mean-reversion,206,0,0.07315972527837533,7.414643155699275,-0.01999226307412305,0.38235294117647056,1315.80864562773,13
jump_tail,E2_harsh_corner,mean-reversion,207,0,0.0315289031876671,5.074919486836839,-0.01574697738069475,0.37333333333333335,1620.6046646039497,28
jump_tail,E2_harsh_corner,mean-reversion,208,0,0.1797191394841171,10.026789342148291,-0.019765239822709946,0.31343283582089554,2775.7078286761175,21
jump_tail,E2_harsh_corner,mean-reversion,209,0,0.13752486806112918,13.621155309778318,-0.004185818789087303,0.38961038961038963,2005.4438837229634,30
jump_tail,E2_harsh_corner,mean-reversion,210,0,0.030118888513885,2.3698898077525485,-0.020509540733918308,0.3018867924528302,1403.3443947161707,16
jump_tail,E2_harsh_corner,risk-parity,201,0,0.10470272809393588,11.26635432050958,-0.014813302897948799,0.4117647058823529,1278.480343626011,49
jump_tail,E2_harsh_corner,risk-parity,202,0,0.0886354294488807,9.666629165479177,-0.007871302181438944,0.4166666666666667,1323.215036559417,50
jump_tail,E2_harsh_corner,risk-parity,203,0,0.061727192294190436,8.564430801974028,-0.014990103930266563,0.36666666666666664,1079.918841415496,44
jump_tail,E2_harsh_corner,risk-parity,204,0,0.0002711823378407363,0.12656205399020498,-0.03337525819142184,0.3445378151260504,996.4923055355763,41
jump_tail,E2_harsh_corner,risk-parity,205,0,0.013796885729775221,1.7083618978449864,-0.0338571127846542,0.4166666666666667,1238.2853919973027,50
jump_tail,E2_harsh_corner,risk-parity,206,0,0.1124698884728963,8.845249752366064,-0.02598327820385926,0.39166666666666666,1404.9226912606084,47
jump_tail,E2_harsh_corner,risk-parity,207,0,0.05471336096686907,5.7549031206281365,-0.025880642635278117,0.4,1356.7821122967018,48
jump_tail,E2_harsh_corner,risk-parity,208,0,0.01680740939388725,1.9715334731780592,-0.025649156537599693,0.35833333333333334,1120.94975303532,43
jump_tail,E2_harsh_corner,risk-parity,209,0,-0.03764527003864704,-4.402029925778969,-0.04837107522572237,0.35833333333333334,1198.4824103994779,43
jump_tail,E2_harsh_corner,risk-parity,210,0,0.03477918388251311,2.9485064026503593,-0.031521237528563284,0.4,1038.7822661850073,48
jump_tail,E2_harsh_corner,minimum-variance,201,0,0.1146479803117908,15.054469339815146,-0.0044373280943876825,0.35,898.6181951664331,42
jump_tail,E2_harsh_corner,minimum-variance,202,0,0.11316260073099582,10.37045491665608,-0.007871302181438944,0.41025641025641024,1515.2898068353848,48
jump_tail,E2_harsh_corner,minimum-variance,203,0,0.0826098822034027,13.42313353676934,-0.005050189142006167,0.42016806722689076,1111.1341659439267,50
jump_tail,E2_harsh_corner,minimum-variance,204,0,0.011813189481133524,2.0125798011895855,-0.01657226416555435,0.3392857142857143,1058.0158696855044,38
jump_tail,E2_harsh_corner,minimum-variance,205,0,0.03991380096474151,5.648929800166016,-0.00956787553190086,0.4322033898305085,1038.1672937410347,51
jump_tail,E2_harsh_corner,minimum-variance,206,0,0.10179594756373977,8.417978903324261,-0.02488717976657384,0.3017241379310345,1315.9174346243162,35
jump_tail,E2_harsh_corner,minimum-variance,207,0,0.07828303664920222,6.224169063337296,-0.025880642635278117,0.35833333333333334,1219.0035501093985,43
jump_tail,E2_harsh_corner,minimum-variance,208,0,0.03710812045986711,3.356428497205045,-0.026575411112638947,0.3652173913043478,1103.2096424510644,42
jump_tail,E2_harsh_corner,minimum-variance,209,0,0.017788406587562866,3.2092471605098254,-0.009374799527131938,0.3504273504273504,893.9602811669862,41
jump_tail,E2_harsh_corner,minimum-variance,210,0,0.021555819092684114,1.9473101743971897,-0.031521237528563284,0.37168141592920356,968.4185867147112,42
jump_tail,E2_harsh_corner,random,201,0,0.0675037447925908,9.010594413060558,-0.010728935981688337,0.44,1314.1715238996924,44
jump_tail,E2_harsh_corner,random,202,0,0.01919399473390193,3.1092306528135665,-0.009204020599906326,0.3904761904761905,1882.5459899332895,41
jump_tail,E2_harsh_corner,random,203,0,0.06873612274491148,10.764853034930711,-0.003665147286088466,0.39090909090909093,1136.3480926880643,43
jump_tail,E2_harsh_corner,random,204,0,-0.010189608477322643,-0.8033177576341854,-0.05043456793143508,0.3706896551724138,1451.0050733514038,43
jump_tail,E2_harsh_corner,random,205,0,0.12855129971286217,11.698422996791727,-0.006656399309158845,0.42727272727272725,1613.8248473155154,47
jump_tail,E2_harsh_corner,random,206,0,0.03845858767301569,3.9654900960785024,-0.01686656244433926,0.29,1241.9184046073183,29
jump_tail,E2_harsh_corner,random,207,0,0.08124249198791489,7.636127043959232,-0.011888424826936417,0.46601941747572817,1669.7201995748899,48
jump_tail,E2_harsh_corner,random,208,0,-0.011535360970975406,-0.9615881353303243,-0.05347976016052314,0.4083333333333333,1813.5586837393696,49
jump_tail,E2_harsh_corner,random,209,0,0.055935478424543605,7.256924187262733,-0.013378330010910822,0.45454545454545453,1264.7139923260445,50
jump_tail,E2_harsh_corner,random,210,0,0.04782419897260848,4.820266371961111,-0.013269384295234388,0.3504273504273504,1347.485446803105,41
jump_tail,E2_harsh_corner,no-trade-band,201,0,0.10859202070199747,12.343747496548424,-0.010882460440951536,0.5287356321839081,1187.4848437899814,46
jump_tail,E2_harsh_corner,no-trade-band,202,0,0.08330127897755046,10.740661768296768,-0.007871302181438944,0.5212765957446809,1177.8935958016014,49
jump_tail,E2_harsh_corner,no-trade-band,203,0,0.054308123082731585,6.572371473567198,-0.021952571067519577,0.4943820224719101,921.7722751756888,44
jump_tail,E2_harsh_corner,no-trade-band,204,0,0.00037727948026278213,0.13446216723681412,-0.031431700907405546,0.4639175257731959,936.8521107091152,45
jump_tail,E2_harsh_corner,no-trade-band,205,0,0.055466388847739356,8.3993396477928,-0.005867224016464889,0.5825242718446602,926.6174032706459,60
jump_tail,E2_harsh_corner,no-trade-band,206,0,0.10512366535275075,8.553845174406959,-0.025401455560671526,0.5483870967741935,1283.3030888050757,51
jump_tail,E2_harsh_corner,no-trade-band,207,0,0.057970691375604844,6.144808475800436,-0.025880642635278117,0.5357142857142857,1163.2587577192949,45
jump_tail,E2_harsh_corner,no-trade-band,208,0,0.018204382720780066,2.2144914032523255,-0.02547078152874327,0.6022727272727273,932.1971428449812,53
jump_tail,E2_harsh_corner,no-trade-band,209,0,-0.0319742027344776,-3.977236533380408,-0.043048380844306955,0.4782608695652174,1122.8233249909986,44
jump_tail,E2_harsh_corner,no-trade-band,210,0,0.020430805531770124,1.8696744634556957,-0.031521237528563284,0.5217391304347826,925.372022036963,48
