scenario,level,agent,seed,sample,total_return,sharpe,max_drawdown,execution_fill_rate,total_slippage_cost,turnover_events
calm,E0_ideal,buy-and-hold,1,0,0.09855041346154736,20.2800460581701,-0.0020686777648989407,1.0,14.978913720423348,24
calm,E0_ideal,buy-and-hold,2,0,0.09844345809878097,24.307141534008217,0.0,1.0,14.960808422860417,24
calm,E0_ideal,buy-and-hold,3,0,0.08566876305685445,18.09033932420265,-0.0015185629874537865,1.0,15.234026743392988,24
calm,E0_ideal,buy-and-hold,4,0,0.08678323547268096,23.375091026866254,-0.001334926363622757,1.0,15.119050981875159,22
calm,E0_ideal,buy-and-hold,5,0,0.08771896609077001,28.81274756088492,0.0,1.0,14.730459146018312,23
calm,E0_ideal,buy-and-hold,6,0,0.11688673938025307,24.654767531222536,-0.001953454727363857,1.0,14.93197063719618,22
calm,E0_ideal,buy-and-hold,7,0,0.07295511530585519,17.319149709819364,-0.006347634504755617,1.0,14.947766925732786,23
calm,E0_ideal,buy-and-hold,8,0,0.06991999638995616,25.336808221299382,0.0,1.0,14.748846237787822,23
calm,E0_ideal,buy-and-hold,9,0,0.10042930304557296,23.022733998131123,0.0,1.0,15.001697528603422,23
calm,E0_ideal,buy-and-hold,10,0,0.11497396156780115,28.608405349154744,-0.005014687897026415,1.0,15.240792135397582,22
calm,E0_ideal,signal-weighted,1,0,0.022515378530180152,6.112076846155048,-0.0012883228958850967,1.0,27.925811152608883,12
calm,E0_ideal,signal-weighted,2,0,0.02031268360974181,5.645156198660219,-7.481011200194398e-05,1.0,14.10875360211811,10
calm,E0_ideal,signal-weighted,3,0,0.023322420221814077,10.259571476111068,-3.353848497111844e-05,1.0,40.00814752016443,14
calm,E0_ideal,signal-weighted,4,0,0.014548446963162487,6.407814114912156,-0.001949085136512596,1.0,41.955848814880966,14
calm,E0_ideal,signal-weighted,5,0,0.016759559135384627,7.628449060606908,-3.3538484971229465e-05,1.0,14.02702380177763,10
calm,E0_ideal,signal-weighted,6,0,0.027414284932017585,11.01690020168857,-3.353848497111844e-05,1.0,42.36514381813163,14
calm,E0_ideal,signal-weighted,7,0,0.014834789489644118,6.682010161133088,-3.3538484971229465e-05,1.0,12.032623421493312,10
calm,E0_ideal,signal-weighted,8,0,0.010570647286154866,11.246827345369343,-0.00010500700000004581,1.0,27.528315809699457,12
calm,E0_ideal,signal-weighted,9,0,0.022875052940449336,9.887353872204377,-0.00010500700000004581,1.0,28.165204842866682,12
calm,E0_ideal,signal-weighted,10,0,0.029657832817864938,9.135819369768392,-0.00010500700000004581,1.0,28.334570713069727,12
calm,E0_ideal,naive-momentum,1,0,0.0802636784748012,17.069448538091677,-0.0020677706415853647,1.0,24.533683973794393,21
calm,E0_ideal,naive-momentum,2,0,0.09097204619327748,21.155801744492887,-0.0002100139999999806,1.0,19.526882673293954,22
calm,E0_ideal,naive-momentum,3,0,0.06428873333671614,16.156361131159542,-0.001529942786711147,1.0,35.918530419965336,22
calm,E0_ideal,naive-momentum,4,0,0.06906933135347604,17.49032089635358,-0.0017407896021852665,1.0,24.868419482520643,19
calm,E0_ideal,naive-momentum,5,0,0.07897852058980437,24.637452989489095,-0.00010500700000004581,1.0,14.555058598858775,20
calm,E0_ideal,naive-momentum,6,0,0.10292880379000291,19.912327678050836,-0.0021632651192563523,1.0,14.84389927565091,20
calm,E0_ideal,naive-momentum,7,0,0.06547991536032094,19.87329843455055,-0.00010500700000004581,1.0,16.765072905258613,17
calm,E0_ideal,naive-momentum,8,0,0.05514584680840251,21.926610084321503,-0.00010500700000004581,1.0,19.97697323989621,20
calm,E0_ideal,naive-momentum,9,0,0.09014617662625013,19.22863092737827,-0.00010500700000004581,1.0,19.5193089483259,20
calm,E0_ideal,naive-momentum,10,0,0.09962407288673969,21.442413445753107,-0.005760573745104969,1.0,24.26255809455507,22
calm,E0_ideal,mean-reversion,1,0,0.0,0.0,0.0,0.0,0.0,0
calm,E0_ideal,mean-reversion,2,0,0.0,0.0,0.0,0.0,0.0,0
calm,E0_ideal,mean-reversion,3,0,0.0,0.0,0.0,0.0,0.0,0
calm,E0_ideal,mean-reversion,4,0,0.003137625068562633,4.614036594276575,-0.00010500700000004581,1.0,14.06697259180846,2
calm,E0_ideal,mean-reversion,5,0,0.004192598871948672,5.154794709381822,-0.00010500700000004581,1.0,14.088078399194263,3
calm,E0_ideal,mean-reversion,6,0,0.0,0.0,0.0,0.0,0.0,0
calm,E0_ideal,mean-reversion,7,0,0.0038336241653520453,1.6446519744987966,-0.006455012009267236,1.0,14.283455432846473,5
calm,E0_ideal,mean-reversion,8,0,0.006763901892481883,6.491511997444503,-0.00010500700000004581,1.0,14.139519891027229,3
calm,E0_ideal,mean-reversion,9,0,0.004724603610527067,4.671043678210547,-0.00010500700000004581,1.0,14.098721686744316,2
calm,E0_ideal,mean-reversion,10,0,0.0,0.0,0.0,0.0,0.0,0
calm,E0_ideal,risk-parity,1,0,0.09488550634329806,19.698226049668346,-0.002068841525220244,1.0,25.601857106842573,24
calm,E0_ideal,risk-parity,2,0,0.0979058936538506,24.522676242042728,0.0,1.0,15.793531311336027,24
calm,E0_ideal,risk-parity,3,0,0.07898976372455802,19.345372519380366,-0.0015185629875936746,1.0,25.865156911209564,24
calm,E0_ideal,risk-parity,4,0,0.08643737586672873,23.449803322426273,-0.0013330707741064929,1.0,17.1030113547672,22
calm,E0_ideal,risk-parity,5,0,0.08453032330875598,28.512905897540218,0.0,1.0,21.394977631300215,24
calm,E0_ideal,risk-parity,6,0,0.11688673938025307,24.654767531222536,-0.001953454727363857,1.0,14.93197063719618,22
calm,E0_ideal,risk-parity,7,0,0.06471379595785387,16.429408622269108,-0.0064091194337121404,1.0,25.32727648684973,22
calm,E0_ideal,risk-parity,8,0,0.06838154599756607,25.563916051760586,0.0,1.0,21.543118432639222,24
calm,E0_ideal,risk-parity,9,0,0.09823912912207744,21.623646839250913,-0.0005354956875145422,1.0,23.016617091477706,23
calm,E0_ideal,risk-parity,10,0,0.1049982620755332,27.33083727643379,-0.005153922558185142,1.0,21.36589658960684,23
calm,E0_ideal,minimum-variance,1,0,0.09855041346154736,20.2800460581701,-0.0020686777648989407,1.0,14.978913720423348,24
calm,E0_ideal,minimum-variance,2,0,0.09844345809878097,24.307141534008217,0.0,1.0,14.960808422860417,24
calm,E0_ideal,minimum-variance,3,0,0.08566876305685445,18.09033932420265,-0.0015185629874537865,1.0,15.234026743392988,24
calm,E0_ideal,minimum-variance,4,0,0.08678323547268096,23.375091026866254,-0.001334926363622757,1.0,15.119050981875159,22
calm,E0_ideal,minimum-variance,5,0,0.08771896609077001,28.81274756088492,0.0,1.0,14.730459146018312,23
calm,E0_ideal,minimum-variance,6,0,0.11610761216411314,24.05563297043367,-0.0026500860429399253,1.0,20.983590514880007,22
calm,E0_ideal,minimum-variance,7,0,0.07306348104737581,17.37209279706166,-0.006347634504755617,1.0,16.043895838530812,23
calm,E0_ideal,minimum-variance,8,0,0.06991999638995616,25.336808221299382,0.0,1.0,14.748846237787822,23
calm,E0_ideal,minimum-variance,9,0,0.10042930304557296,23.022733998131123,0.0,1.0,15.001697528603422,23
calm,E0_ideal,minimum-variance,10,0,0.11488182306990047,28.580170590160527,-0.005014687897026415,1.0,15.547645993715816,22
calm,E0_ideal,random,1,0,0.05310102500079128,12.188215255956015,-0.0027436994723426533,1.0,81.29089981756012,21
calm,E0_ideal,random,2,0,0.07671065607433669,19.642803261350394,-0.0002100139999999806,1.0,49.45119111630684,24
calm,E0_ideal,random,3,0,0.05692689080488833,15.696800179306555,-0.0015653915514315386,1.0,89.01898919223349,24
calm,E0_ideal,random,4,0,0.07069616228390241,16.509271461697388,-0.0013349492111960348,1.0,71.70084623538726,22
calm,E0_ideal,random,5,0,0.04596942518932634,15.236720052785644,-0.0002100139999999806,1.0,101.82132368659231,24
calm,E0_ideal,random,6,0,0.07925948525204496,15.600731713699918,-0.003477163880880374,1.0,82.1730046323568,22
calm,E0_ideal,random,7,0,0.03929143811196223,11.271016644370624,-0.0011362635350349315,1.0,106.55384881578554,22
calm,E0_ideal,random,8,0,0.05061547355655405,18.985576006485108,-0.0001983907383863448,1.0,82.47699936136921,24
calm,E0_ideal,random,9,0,0.0746756748492472,20.23643566044417,-0.0001589369792673878,1.0,69.93202553848762,23
calm,E0_ideal,random,10,0,0.07400003417200307,18.268263164445834,-0.003044205118839849,1.0,50.48968183697433,18
calm,E0_ideal,no-trade-band,1,0,0.0945498207690667,19.71009150517493,-0.002067876065713792,1.0,25.26425994590082,13
calm,E0_ideal,no-trade-band,2,0,0.09827906028566402,24.33767747714875,0.0,1.0,14.699200429753379,17
calm,E0_ideal,no-trade-band,3,0,0.07886490046210182,19.359453422917838,-0.0015196892679421037,1.0,25.52704396872471,15
calm,E0_ideal,no-trade-band,4,0,0.08627731646986292,23.37283723270706,-0.0013632419838358611,1.0,14.52004853273958,11
calm,E0_ideal,no-trade-band,5,0,0.08588966753246119,28.433840172767095,0.0,1.0,19.59901151641151,18
calm,E0_ideal,no-trade-band,6,0,0.11679544417259846,24.64004805375492,-0.001959468869558445,1.0,14.703760473376256,15
calm,E0_ideal,no-trade-band,7,0,0.06477220659661542,16.44988423972441,-0.006402897642070471,1.0,23.021991461790517,16
calm,E0_ideal,no-trade-band,8,0,0.0688927820754135,25.496509581075046,0.0,1.0,19.860079772267554,18
calm,E0_ideal,no-trade-band,9,0,0.09805498865756146,21.615839863746757,-0.0005349913599366207,1.0,22.647780427287977,17
calm,E0_ideal,no-trade-band,10,0,0.10326338994391082,27.414908951649068,-0.005061722638798671,1.0,19.430106888520445,14
calm,E1_default_stress,buy-and-hold,1,0,0.09021745576919415,14.963049026695273,-0.002213411528830367,0.9166666666666666,644.756562422916,22
calm,E1_default_stress,buy-and-hold,2,0,0.09089624945977737,16.612843037810443,-0.0012307564478712951,0.8695652173913043,493.30591389501467,20
calm,E1_default_stress,buy-and-hold,3,0,0.0778437857171379,13.615869523845298,-0.0019803826581313855,0.9,479.90188178398364,18
calm,E1_default_stress,buy-and-hold,4,0,0.0945662158108489,20.760691107380506,-0.00171984628026578,0.875,690.1633713546535,21
calm,E1_default_stress,buy-and-hold,5,0,0.09756283820251332,18.757801949229794,-0.0012258952895094488,0.875,566.2336238511687,21
calm,E1_default_stress,buy-and-hold,6,0,0.10144317607292241,16.37692678343385,-0.003298967239055761,0.875,703.8318483814356,21
calm,E1_default_stress,buy-and-hold,7,0,0.06158020619441107,13.83757910464821,-0.007774000273097381,0.8333333333333334,506.0411797153175,20
calm,E1_default_stress,buy-and-hold,8,0,0.07175220733825305,15.356581807031192,-0.0015674496539717087,0.8333333333333334,472.8726792821443,20
calm,E1_default_stress,buy-and-hold,9,0,0.09853275118308424,17.9548959588985,-0.0014355003114725484,0.8695652173913043,645.0294004683731,20
calm,E1_default_stress,buy-and-hold,10,0,0.10087096035446108,18.63695426396896,-0.00444319460547693,0.9047619047619048,601.1450007108823,19
calm,E1_default_stress,signal-weighted,1,0,0.010887712640142322,5.240011172724808,-0.004927223147941473,0.7692307692307693,314.1204235009878,10
calm,E1_default_stress,signal-weighted,2,0,0.0063338365518215145,5.4781491166969705,-0.0002474857416309151,0.8,195.12319270372166,8
calm,E1_default_stress,signal-weighted,3,0,0.01834406700522062,4.489330379850359,-0.0057302819737387045,0.75,453.71318531327745,12
calm,E1_default_stress,signal-weighted,4,0,0.01239663150108039,11.892588072430106,-0.000789622268276835,0.75,391.7876599410322,12
calm,E1_default_stress,signal-weighted,5,0,0.008804884148415626,8.59982292805233,-0.00024820823267479586,0.8,177.13126951100062,8
calm,E1_default_stress,signal-weighted,6,0,0.009592548671565782,5.314098676233228,-0.005117740040752716,0.75,457.382186064501,12
calm,E1_default_stress,signal-weighted,7,0,0.007514761490911459,7.267600344998659,-0.00024028534316400396,0.8,155.99914234022552,8
calm,E1_default_stress,signal-weighted,8,0,0.011636823332826562,8.450304387604023,-0.0008055715574222244,0.7692307692307693,224.98011739293383,10
calm,E1_default_stress,signal-weighted,9,0,0.004800863672701272,2.756645232772313,-0.006495513005644771,0.7692307692307693,318.81237752352155,10
calm,E1_default_stress,signal-weighted,10,0,0.012219309429148062,4.531914514406557,-0.007287896670595262,0.7692307692307693,441.32905729416365,10
calm,E1_default_stress,naive-momentum,1,0,0.07683460583915291,13.014519952643932,-0.006367185810631115,0.8636363636363636,533.5819867495065,19
calm,E1_default_stress,naive-momentum,2,0,0.0863944791229112,15.060764531954167,-0.0012573871025477468,0.8636363636363636,679.0022867833292,19
calm,E1_default_stress,naive-momentum,3,0,0.06907229285927641,12.891842365776025,-0.001731237673967878,0.8636363636363636,763.3914390814866,19
calm,E1_default_stress,naive-momentum,4,0,0.052139037057084,12.683608390631658,-0.002707553742869462,0.8571428571428571,675.2433898875788,18
calm,E1_default_stress,naive-momentum,5,0,0.08103511628698756,20.254331127913314,-0.0006962333397607656,0.9,731.1678427711552,18
calm,E1_default_stress,naive-momentum,6,0,0.10513711367732403,18.737719682968123,-0.0023872830147585455,0.8181818181818182,494.9785572493964,18
calm,E1_default_stress,naive-momentum,7,0,0.04323577335617701,19.12046115596291,-0.0004508879667421972,0.7777777777777778,577.4774554357369,14
calm,E1_default_stress,naive-momentum,8,0,0.04553437276424699,13.539992031275562,-0.0008055715574222244,0.9,641.4230170720704,18
calm,E1_default_stress,naive-momentum,9,0,0.0839200533153428,13.716631713907821,-0.0067789253432015695,0.9047619047619048,704.7075734641429,19
calm,E1_default_stress,naive-momentum,10,0,0.08908822429402208,13.460886128214787,-0.007625538154079403,0.8636363636363636,823.8448629768521,19
calm,E1_default_stress,mean-reversion,1,0,0.0,0.0,0.0,0.0,0.0,0
calm,E1_default_stress,mean-reversion,2,0,0.0,0.0,0.0,0.0,0.0,0
calm,E1_default_stress,mean-reversion,3,0,0.0,0.0,0.0,0.0,0.0,0
calm,E1_default_stress,mean-reversion,4,0,0.00798896089494816,5.983456640901446,-0.000817982039075571,0.6666666666666666,177.49876983594362,2
calm,E1_default_stress,mean-reversion,5,0,0.008615319137745603,8.158782166850726,-0.0005427854267545662,0.8,249.07708645371827,4
calm,E1_default_stress,mean-reversion,6,0,0.0,0.0,0.0,0.0,0.0,0
calm,E1_default_stress,mean-reversion,7,0,0.017450291361641224,5.5100171524128685,-0.003005135250363722,0.8333333333333334,327.628872676475,5
calm,E1_default_stress,mean-reversion,8,0,0.001618612815375453,1.6979057451897688,-0.0018554533815386964,0.8,181.40034861127265,4
calm,E1_default_stress,mean-reversion,9,0,0.005051688454822401,5.7869682778812,-0.0008175975643821554,0.6666666666666666,151.10145611397138,2
calm,E1_default_stress,mean-reversion,10,0,0.0,0.0,0.0,0.0,0.0,0
calm,E1_default_stress,risk-parity,1,0,0.08306238258388698,15.90877522769967,-0.002905871518184111,0.9166666666666666,488.37180623105496,22
calm,E1_default_stress,risk-parity,2,0,0.10230394749562399,16.597218264794066,-0.0012307564478712951,0.875,630.9109282924645,21
calm,E1_default_stress,risk-parity,3,0,0.06402166794261999,10.45301948470485,-0.0032123870193786486,0.875,704.6140841132179,21
calm,E1_default_stress,risk-parity,4,0,0.07686725810032691,14.28820345650534,-0.002747350512122937,0.875,651.9236619292451,21
calm,E1_default_stress,risk-parity,5,0,0.083076095383664,20.149103863814474,-0.0012258952895094488,0.875,523.5325668991711,21
calm,E1_default_stress,risk-parity,6,0,0.0972932498855772,15.778980361802098,-0.006020405440041898,0.875,673.3083685153847,21
calm,E1_default_stress,risk-parity,7,0,0.05833814442413332,14.00106618876296,-0.00743793802575643,0.8333333333333334,675.653728608963,20
calm,E1_default_stress,risk-parity,8,0,0.06550674398314471,14.987619275413314,-0.0015674496539717087,0.875,639.4025737389932,21
calm,E1_default_stress,risk-parity,9,0,0.07618622987075696,15.722972413434384,-0.004760467507693877,0.8695652173913043,738.6896186636443,20
calm,E1_default_stress,risk-parity,10,0,0.09339265749674786,14.377953981129687,-0.010253726143923947,0.875,897.6264000521968,21
calm,E1_default_stress,minimum-variance,1,0,0.08394916964880683,14.604325379648365,-0.005883207014064418,0.9166666666666666,574.4594104890068,22
calm,E1_default_stress,minimum-variance,2,0,0.10300228828159419,16.48685537516158,-0.0012307564478712951,0.875,625.487308280878,21
calm,E1_default_stress,minimum-variance,3,0,0.07804288724212816,12.084904763931469,-0.00193671190489475,0.8695652173913043,599.5463782562075,20
calm,E1_default_stress,minimum-variance,4,0,0.07725079418675374,14.063452553987167,-0.002744330291306385,0.8333333333333334,617.032804082044,20
calm,E1_default_stress,minimum-variance,5,0,0.08843216748187133,19.238672435702952,-0.0012258952895094488,0.8333333333333334,584.0723470239858,20
calm,E1_default_stress,minimum-variance,6,0,0.08686524323635036,15.802366918996114,-0.006254317462687564,0.875,790.3105421342477,21
calm,E1_default_stress,minimum-variance,7,0,0.06969548526614977,16.405038860931377,-0.00743793802575643,0.875,566.8405683889354,21
calm,E1_default_stress,minimum-variance,8,0,0.07043545081358982,14.892171395885258,-0.0015674496539717087,0.875,560.6512689820829,21
calm,E1_default_stress,minimum-variance,9,0,0.09452837307897677,14.685441411278301,-0.0025318051724231294,0.8695652173913043,593.3933627671252,20
calm,E1_default_stress,minimum-variance,10,0,0.1006398476755368,14.845180965108453,-0.01021576606938479,0.8636363636363636,840.4462205857698,19
calm,E1_default_stress,random,1,0,0.034164827720350344,8.012941083960015,-0.006367819455822987,0.8333333333333334,538.2383270911755,15
calm,E1_default_stress,random,2,0,0.0797831757759675,17.32434849676071,-0.0007721568811510648,0.9090909090909091,623.3095832785743,20
calm,E1_default_stress,random,3,0,0.05114706219775078,9.184047508614274,-0.0013457787217434625,0.8333333333333334,1066.1695259407595,20
calm,E1_default_stress,random,4,0,0.04921086026367538,9.717641868567462,-0.0028826386728125764,0.8181818181818182,806.12701178371,18
calm,E1_default_stress,random,5,0,0.03386306240156611,12.118571813006872,-0.0012258952895094488,0.8181818181818182,882.6372126628075,18
calm,E1_default_stress,random,6,0,0.06399843976819719,14.446798313586298,-0.0032984283281506377,0.9130434782608695,829.8251386461471,21
calm,E1_default_stress,random,7,0,0.035453380258514855,8.735240313391767,-0.0068718417700183165,0.8571428571428571,740.5903544176044,18
calm,E1_default_stress,random,8,0,0.04839034699583,10.829690382486913,-0.0011134608069002239,0.8636363636363636,691.8541871464524,19
calm,E1_default_stress,random,9,0,0.07545130166702085,15.167123744484147,-0.0013064701407050627,0.9130434782608695,887.626195017402,21
calm,E1_default_stress,random,10,0,0.07298375803013846,11.8169497792397,-0.010542295620235564,0.8636363636363636,970.7580331078383,19
calm,E1_default_stress,no-trade-band,1,0,0.08277605353476325,15.898449993581028,-0.002905871518184111,0.9047619047619048,467.83566095514357,19
calm,E1_default_stress,no-trade-band,2,0,0.1031285018871324,16.420202792673194,-0.0012307564478712951,0.875,627.5435364075213,14
calm,E1_default_stress,no-trade-band,3,0,0.06415285383147129,10.452150999708339,-0.003304149859453709,0.8571428571428571,702.4580525326021,18
calm,E1_default_stress,no-trade-band,4,0,0.0763666307425872,14.19652285282638,-0.0027318260110387182,0.9,648.6661973664233,18
calm,E1_default_stress,no-trade-band,5,0,0.08296219454101372,20.198639569648655,-0.0012258952895094488,0.85,520.5108654425156,17
calm,E1_default_stress,no-trade-band,6,0,0.09753240358352833,15.689863982309925,-0.006020405440041898,0.9473684210526315,671.4168219336827,18
calm,E1_default_stress,no-trade-band,7,0,0.05835970311200822,13.997985546064792,-0.00743793802575643,0.9,673.5232116228325,18
calm,E1_default_stress,no-trade-band,8,0,0.06557312061674025,14.989740908926324,-0.0015674496539717087,0.9047619047619048,630.5872508363583,19
calm,E1_default_stress,no-trade-band,9,0,0.0762206391425142,15.723913651568342,-0.004760467507693877,0.8571428571428571,738.1800112391543,18
calm,E1_default_stress,no-trade-band,10,0,0.09552586832446197,14.447295327368103,-0.01021576606938479,0.9411764705882353,865.6212660949167,16
calm,E2_spread_20bps,buy-and-hold,1,0,0.0871371988595473,14.341638527578207,-0.0032098134900300224,0.9166666666666666,933.1559814677377,22
calm,E2_spread_20bps,buy-and-hold,2,0,0.08788990132856855,15.907020891263933,-0.001935891419593272,0.875,781.7709686593256,21
calm,E2_spread_20bps,buy-and-hold,3,0,0.07484931011118867,12.883937916341326,-0.0022668932975918876,0.9047619047619048,766.580937877863,19
calm,E2_spread_20bps,buy-and-hold,4,0,0.09143061233210847,19.862114882982876,-0.002423827011556856,0.875,983.6263581781628,21
calm,E2_spread_20bps,buy-and-hold,5,0,0.09443166049367813,17.855479929099005,-0.0019266130747420673,0.875,859.3976750637764,21
calm,E2_spread_20bps,buy-and-hold,6,0,0.09836063156181152,15.822263982773539,-0.004294107865954744,0.875,990.6158545545608,21
calm,E2_spread_20bps,buy-and-hold,7,0,0.05863863939905456,13.093583329526597,-0.008769267453706653,0.875,789.2243165445141,21
calm,E2_spread_20bps,buy-and-hold,8,0,0.06877544684549353,14.459785205909306,-0.002270950637212499,0.8333333333333334,758.094675246088,20
calm,E2_spread_20bps,buy-and-hold,9,0,0.09543957169029915,17.229182220514108,-0.0021371635104966424,0.9130434782608695,934.766713549106,21
calm,E2_spread_20bps,buy-and-hold,10,0,0.09781862262923902,17.955509577375103,-0.004464354346984223,0.9047619047619048,887.8225432823019,19
calm,E2_spread_20bps,signal-weighted,1,0,0.009491157424527108,4.54546346279454,-0.005389613927080261,0.7692307692307693,452.758973178827,10
calm,E2_spread_20bps,signal-weighted,2,0,0.005626239748614648,5.2625631077906,-0.0003608881973894418,0.8,265.8363798591899,8
calm,E2_spread_20bps,signal-weighted,3,0,0.01630104429653212,4.019306851329364,-0.006439909835646795,0.75,656.8732022782525,12
calm,E2_spread_20bps,signal-weighted,4,0,0.010247285409626272,10.18605048360379,-0.0011379174983080498,0.75,605.3439201930914,12
calm,E2_spread_20bps,signal-weighted,5,0,0.00807317781114536,8.303644263168595,-0.0003612215839980948,0.8,250.27190586061283,8
calm,E2_spread_20bps,signal-weighted,6,0,0.00743141816655668,4.087670471037625,-0.006181011590468799,0.75,671.6461036414123,12
calm,E2_spread_20bps,signal-weighted,7,0,0.006941707523993479,7.011276036891117,-0.0003534853509669089,0.8,213.2700438697096,8
calm,E2_spread_20bps,signal-weighted,8,0,0.010282253414952258,7.2889894588024795,-0.0011596968863756274,0.7692307692307693,359.9562679898824,10
calm,E2_spread_20bps,signal-weighted,9,0,0.003363029192430922,1.9250144582911055,-0.007311907989530297,0.7692307692307693,461.6605645437879,10
calm,E2_spread_20bps,signal-weighted,10,0,0.010755799837877555,4.090041054249223,-0.00764645315378254,0.7692307692307693,586.7537207668462,10
calm,E2_spread_20bps,naive-momentum,1,0,0.07380261918937547,12.518006758713582,-0.006381394303560772,0.8636363636363636,821.3802015524265,19
calm,E2_spread_20bps,naive-momentum,2,0,0.08344793962199581,14.535086913199251,-0.0019643914045933686,0.8636363636363636,960.011717294824,19
calm,E2_spread_20bps,naive-momentum,3,0,0.06590782438204612,12.343415958109986,-0.002432579616170605,0.8636363636363636,1067.2501347587104,19
calm,E2_spread_20bps,naive-momentum,4,0,0.048572493988365384,11.865859752858217,-0.003096286054705688,0.8571428571428571,1020.999852208836,18
calm,E2_spread_20bps,naive-momentum,5,0,0.07755877732082461,19.546567001567542,-0.0010482951587190703,0.9,1066.204601881552,18
calm,E2_spread_20bps,naive-momentum,6,0,0.10237937923512597,18.095077822266315,-0.0033833401250618067,0.8421052631578947,753.8907517438233,16
calm,E2_spread_20bps,naive-momentum,7,0,0.04004968068056369,17.507175684648047,-0.0008009260181364164,0.7777777777777778,888.710648324524,14
calm,E2_spread_20bps,naive-momentum,8,0,0.04200777021231006,12.423685223396246,-0.0011596968863756274,0.9,985.2165400699918,18
calm,E2_spread_20bps,naive-momentum,9,0,0.08058115597067572,13.187073577029738,-0.007791116916239016,0.9047619047619048,1018.9982994864242,19
calm,E2_spread_20bps,naive-momentum,10,0,0.0856311100417273,12.850474043610674,-0.008619352889214449,0.9047619047619048,1148.5961420529222,19
calm,E2_spread_20bps,mean-reversion,1,0,0.0,0.0,0.0,0.0,0.0,0
calm,E2_spread_20bps,mean-reversion,2,0,0.0,0.0,0.0,0.0,0.0,0
calm,E2_spread_20bps,mean-reversion,3,0,0.0,0.0,0.0,0.0,0.0,0
calm,E2_spread_20bps,mean-reversion,4,0,0.007272429038432948,5.625773266548517,-0.001171366003529073,0.6666666666666666,249.15205384327498,2
calm,E2_spread_20bps,mean-reversion,5,0,0.007195266683123425,7.413002753554831,-0.0008932186157224464,0.8,391.082444396798,4
calm,E2_spread_20bps,mean-reversion,6,0,0.0,0.0,0.0,0.0,0.0,0
calm,E2_spread_20bps,mean-reversion,7,0,0.016020221602685014,5.183974615045423,-0.0030102245216050427,0.8333333333333334,469.929012232558,5
calm,E2_spread_20bps,mean-reversion,8,0,0.00020110656975980135,0.2220061216987017,-0.0025652660661807936,0.8,323.15100891725365,4
calm,E2_spread_20bps,mean-reversion,9,0,0.004335182590611497,5.030004564417161,-0.0011725691423276619,0.6666666666666666,222.75210887864523,2
calm,E2_spread_20bps,mean-reversion,10,0,0.0,0.0,0.0,0.0,0.0,0
calm,E2_spread_20bps,risk-parity,1,0,0.08006508490012831,15.214447224991519,-0.003339582612624792,0.875,771.5529336255594,21
calm,E2_spread_20bps,risk-parity,2,0,0.09911277305489774,15.93601755775285,-0.001935891419593272,0.8695652173913043,931.2464045841493,20
calm,E2_spread_20bps,risk-parity,3,0,0.06015005563716236,9.771028486637311,-0.003518891849585315,0.875,1075.0830259448373,21
calm,E2_spread_20bps,risk-parity,4,0,0.07366740820223106,13.63070113384542,-0.0027650334038371582,0.875,959.2023137418239,21
calm,E2_spread_20bps,risk-parity,5,0,0.08027723327992553,19.161487711279857,-0.0019266130747420673,0.875,788.7185974401519,21
calm,E2_spread_20bps,risk-parity,6,0,0.09424611225990431,15.206993042796503,-0.007024452085784838,0.875,958.5047938754823,21
calm,E2_spread_20bps,risk-parity,7,0,0.0546279015172888,12.971287484933992,-0.008434662959749373,0.8333333333333334,1026.0177765157823,20
calm,E2_spread_20bps,risk-parity,8,0,0.06204009667120314,13.995694795009632,-0.002270950637212499,0.875,971.7700815785819,21
calm,E2_spread_20bps,risk-parity,9,0,0.07252113531449034,14.830315022457102,-0.005257588383009271,0.9130434782608695,1084.4217611724225,21
calm,E2_spread_20bps,risk-parity,10,0,0.09008275315573022,13.897693967767468,-0.010293746653893265,0.9166666666666666,1205.9212663717885,22
calm,E2_spread_20bps,minimum-variance,1,0,0.08095714097692719,13.969696021259809,-0.0061722717215358935,0.875,857.7260270151357,21
calm,E2_spread_20bps,minimum-variance,2,0,0.09988054341979669,15.83558030933935,-0.001935891419593272,0.8695652173913043,919.1806692796644,20
calm,E2_spread_20bps,minimum-variance,3,0,0.07498068076004905,11.469906713958668,-0.0022253066845608904,0.875,891.1990535519717,21
calm,E2_spread_20bps,minimum-variance,4,0,0.07421710089251898,13.430828311779273,-0.002760242234715382,0.8333333333333334,906.5137360193125,20
calm,E2_spread_20bps,minimum-variance,5,0,0.08541176658666139,18.27550068834917,-0.0019266130747420673,0.8333333333333334,870.3486503552137,20
calm,E2_spread_20bps,minimum-variance,6,0,0.08331846349882288,15.041006221252442,-0.0074114597914510805,0.875,1122.4802749639946,21
calm,E2_spread_20bps,minimum-variance,7,0,0.06663430243267143,15.485149496994556,-0.008434662959749373,0.875,859.1984045771433,21
calm,E2_spread_20bps,minimum-variance,8,0,0.06743892858383416,14.03539612559978,-0.002270950637212499,0.875,847.8825786251515,21
calm,E2_spread_20bps,minimum-variance,9,0,0.09151670900560571,14.11338391035009,-0.0028253868363163903,0.9166666666666666,878.4426744411867,22
calm,E2_spread_20bps,minimum-variance,10,0,0.0975607452000038,14.391480191141298,-0.010222694839300717,0.9130434782608695,1129.719693882856,21
calm,E2_spread_20bps,random,1,0,0.03125618900950622,7.354542320057017,-0.006402795449043985,0.8571428571428571,823.1504285214,18
calm,E2_spread_20bps,random,2,0,0.07666788329934549,16.710767137971803,-0.001181486060421788,0.9090909090909091,925.2260244069538,20
calm,E2_spread_20bps,random,3,0,0.04647903869834735,8.474057294843533,-0.002054647654582853,0.8333333333333334,1517.8418472683607,20
calm,E2_spread_20bps,random,4,0,0.04549090098210096,8.898362169867363,-0.0038783243729871852,0.8181818181818182,1163.8941579815203,18
calm,E2_spread_20bps,random,5,0,0.029317035972912908,10.612064014907096,-0.0019266130747420673,0.8181818181818182,1330.0887504802595,18
calm,E2_spread_20bps,random,6,0,0.06054404595908136,13.809885519869232,-0.004293569492572535,0.9130434782608695,1161.8549223479363,21
calm,E2_spread_20bps,random,7,0,0.03187001396440459,8.040498019814898,-0.007410460762921178,0.8571428571428571,1092.5861425786345,18
calm,E2_spread_20bps,random,8,0,0.044470707728619496,9.879851106396199,-0.0020943495774259357,0.8636363636363636,1073.085247918026,19
calm,E2_spread_20bps,random,9,0,0.07120835417176052,14.172923020556416,-0.0019291594205343987,0.9130434782608695,1289.2413064692423,21
calm,E2_spread_20bps,random,10,0,0.0694973419288456,11.291315326046428,-0.010662144924023065,0.9090909090909091,1305.5283779196252,20
calm,E2_spread_20bps,no-trade-band,1,0,0.07986602668052778,15.203406449566446,-0.003339582612624792,0.8571428571428571,743.4639720323069,18
calm,E2_spread_20bps,no-trade-band,2,0,0.10002335355606928,15.769610752103452,-0.001935891419593272,0.8666666666666667,920.7124475174543,13
calm,E2_spread_20bps,no-trade-band,3,0,0.06030561375309795,9.774018631545104,-0.0036103533382511044,0.8571428571428571,1072.2450398316978,18
calm,E2_spread_20bps,no-trade-band,4,0,0.07317828089344514,13.538285897993651,-0.002737511759665523,0.9,954.5284286600227,18
calm,E2_spread_20bps,no-trade-band,5,0,0.08016964075755828,19.21132854631937,-0.0019266130747420673,0.85,784.0245015846767,17
calm,E2_spread_20bps,no-trade-band,6,0,0.09449422049938239,15.120234612398505,-0.007024452085784838,0.9473684210526315,956.3759889810464,18
calm,E2_spread_20bps,no-trade-band,7,0,0.05465675154545324,12.968877172880486,-0.008434662959749373,0.9,1023.1530951133493,18
calm,E2_spread_20bps,no-trade-band,8,0,0.06215195473634716,14.014082104718616,-0.002270950637212499,0.9047619047619048,958.3818280511092,19
calm,E2_spread_20bps,no-trade-band,9,0,0.0725634948126399,14.831251777536256,-0.005257588383009271,0.9047619047619048,1083.8756442262736,19
calm,E2_spread_20bps,no-trade-band,10,0,0.09244265634024429,14.005438252989956,-0.010222694839300717,1.0,1156.881913618029,18
calm,E2_latency_3,buy-and-hold,1,0,0.07432611246311449,12.25261878502239,-0.004350314877730299,0.5,409.9783251231135,12
calm,E2_latency_3,buy-and-hold,2,0,0.062451638142667854,14.428574948019717,-0.0023186631378029343,0.5,409.83018758310766,12
calm,E2_latency_3,buy-and-hold,3,0,0.05056921135497272,9.317293803915785,-0.0030752270365049794,0.5833333333333334,445.77941639436744,14
calm,E2_latency_3,buy-and-hold,4,0,0.07106728550036645,12.861785948672004,-0.0038660915256275574,0.5,308.700595100941,12
calm,E2_latency_3,buy-and-hold,5,0,0.06812473638358907,19.189656942792244,-0.0016684108330149439,0.5,409.36353475239184,12
calm,E2_latency_3,buy-and-hold,6,0,0.10938409231377122,16.84549391244258,-0.001136755185997207,0.5,407.7692762784027,12
calm,E2_latency_3,buy-and-hold,7,0,0.07685226040919657,16.059294180272754,-0.0013576410597351263,0.4583333333333333,297.1506203222254,11
calm,E2_latency_3,buy-and-hold,8,0,0.04307700144340365,13.216370840397726,-0.001762127739206809,0.5,354.2610720927847,12
calm,E2_latency_3,buy-and-hold,9,0,0.08504878670997562,15.105723546765583,-0.0013049126817221701,0.5416666666666666,354.26919994598205,13
calm,E2_latency_3,buy-and-hold,10,0,0.10092962938879846,20.647242992571616,-0.001474933513769372,0.5,364.4939907750603,12
calm,E2_latency_3,signal-weighted,1,0,0.013060657574567314,9.725066352785593,-0.0006459147493363959,0.3076923076923077,188.2977580599044,4
calm,E2_latency_3,signal-weighted,2,0,0.002410794094518831,4.541756112361415,-0.00011566991348344047,0.4,51.21642600128949,4
calm,E2_latency_3,signal-weighted,3,0,0.026041013611406205,6.504663751376227,-0.0015595111725800193,0.29411764705882354,294.34518988261993,5
calm,E2_latency_3,signal-weighted,4,0,0.03268026485504483,9.083993691151571,-0.0014797565764906873,0.29411764705882354,268.04144169960756,5
calm,E2_latency_3,signal-weighted,5,0,0.0011365869269497342,3.6255081905560425,-0.0003031318612776168,0.4,60.277257438326885,4
calm,E2_latency_3,signal-weighted,6,0,0.041191383211992116,10.387158777255369,-0.0005520380228452026,0.29411764705882354,312.1546430575334,5
calm,E2_latency_3,signal-weighted,7,0,0.0014803643221876772,3.968091003534008,-0.0002604203884900569,0.4,64.4904031131565,4
calm,E2_latency_3,signal-weighted,8,0,0.014471125731748247,10.99694838382185,-0.0003936845082943563,0.3076923076923077,122.48052627663725,4
calm,E2_latency_3,signal-weighted,9,0,0.01937333328919766,10.24938019631204,-0.0005747729753222686,0.3076923076923077,145.20579827891115,4
calm,E2_latency_3,signal-weighted,10,0,0.025247982605546282,9.913476856331688,-0.0014345304168368322,0.3076923076923077,310.4781884332922,4
calm,E2_latency_3,naive-momentum,1,0,0.0752670536194262,14.842311358078698,-0.0008522744493116852,0.5,296.7033366122904,11
calm,E2_latency_3,naive-momentum,2,0,0.05924338570484866,12.815000498108464,-0.0018528528710340941,0.5,400.51169717923864,11
calm,E2_latency_3,naive-momentum,3,0,0.058839568087630134,9.933810702951922,-0.002841373145665238,0.5,330.303557557173,11
calm,E2_latency_3,naive-momentum,4,0,0.08169789033799724,11.581051882405328,-0.0005803359735339075,0.5714285714285714,597.6242579152952,12
calm,E2_latency_3,naive-momentum,5,0,0.06105577505953863,11.404214417752097,-0.0010631846945544643,0.5,572.4870654270587,10
calm,E2_latency_3,naive-momentum,6,0,0.1080591166463174,15.462615302780257,-0.001602736637347002,0.5454545454545454,402.58095904614305,12
calm,E2_latency_3,naive-momentum,7,0,0.09335036160894239,14.091377478042327,-0.0005562193174991625,0.5555555555555556,695.321603605951,10
calm,E2_latency_3,naive-momentum,8,0,0.06234247500073664,15.570960475783796,-0.0003936845082943563,0.55,646.9344525916913,11
calm,E2_latency_3,naive-momentum,9,0,0.09860295913493644,14.864845680049864,-0.0005747729753222686,0.5238095238095238,473.70331599226085,11
calm,E2_latency_3,naive-momentum,10,0,0.10134751753953797,16.283307007342426,-0.002116672807002895,0.5,527.9907362687456,11
calm,E2_latency_3,mean-reversion,1,0,0.0,0.0,0.0,0.0,0.0,0
calm,E2_latency_3,mean-reversion,2,0,0.0,0.0,0.0,0.0,0.0,0
calm,E2_latency_3,mean-reversion,3,0,0.0,0.0,0.0,0.0,0.0,0
calm,E2_latency_3,mean-reversion,4,0,0.01058408040213199,4.4554833711383,-0.0031093584118127016,0.4,144.6048768048754,2
calm,E2_latency_3,mean-reversion,5,0,0.03676627855427772,10.412095956875431,-0.0006242997197074551,0.5714285714285714,333.6973874136638,4
calm,E2_latency_3,mean-reversion,6,0,0.0,0.0,0.0,0.0,0.0,0
calm,E2_latency_3,mean-reversion,7,0,0.028341223135228688,7.21049096719814,-0.00717254999798056,0.5555555555555556,409.93909533412096,5
calm,E2_latency_3,mean-reversion,8,0,0.018074139954058044,8.922925147514272,-0.002009238684489434,0.5714285714285714,224.10805794874153,4
calm,E2_latency_3,mean-reversion,9,0,0.018899556961084363,8.482561721173052,-0.000765218750978347,0.6,173.81208308786253,3
calm,E2_latency_3,mean-reversion,10,0,0.0,0.0,0.0,0.0,0.0,0
calm,E2_latency_3,risk-parity,1,0,0.0705944844016142,13.589824448441396,-0.004506817591572232,0.5,365.1722680667152,12
calm,E2_latency_3,risk-parity,2,0,0.06303590979331952,15.668874467328722,-0.0023186631378029343,0.5,491.2203281859836,12
calm,E2_latency_3,risk-parity,3,0,0.04958551656532739,8.479111188773441,-0.0029087193866050853,0.5416666666666666,470.3900198356575,13
calm,E2_latency_3,risk-parity,4,0,0.07787428308006028,14.307514687354113,-0.0009687601467698315,0.5,364.2368001317428,12
calm,E2_latency_3,risk-parity,5,0,0.07344488426172635,18.182523634767627,-0.0016684108330149439,0.5,399.7707275138184,12
calm,E2_latency_3,risk-parity,6,0,0.10748270186680409,18.10846619410535,-0.001136755185997207,0.5,367.1160689528618,12
calm,E2_latency_3,risk-parity,7,0,0.06285055241463988,12.01928928436767,-0.0013576410597351263,0.5,456.22461913873946,12
calm,E2_latency_3,risk-parity,8,0,0.05183713102377463,16.004881840329443,-0.001762127739206809,0.5,341.68298891327225,12
calm,E2_latency_3,risk-parity,9,0,0.08814230014780278,16.280527721729563,-0.0011700026436889388,0.5,343.87079030756576,12
calm,E2_latency_3,risk-parity,10,0,0.09506195757255198,18.87599714706958,-0.001474933513769372,0.4782608695652174,477.1695089296996,11
calm,E2_latency_3,minimum-variance,1,0,0.0705944844016142,13.589824448441396,-0.004506817591572232,0.5,365.1722680667152,12
calm,E2_latency_3,minimum-variance,2,0,0.06303590979331952,15.668874467328722,-0.0023186631378029343,0.5,491.2203281859836,12
calm,E2_latency_3,minimum-variance,3,0,0.04958551656532739,8.479111188773441,-0.0029087193866050853,0.5416666666666666,470.3900198356575,13
calm,E2_latency_3,minimum-variance,4,0,0.0798509636807585,14.705087332567242,-0.0009687601467698315,0.5,349.29015316119876,12
calm,E2_latency_3,minimum-variance,5,0,0.07418260642968222,18.368566633698634,-0.0016684108330149439,0.5,402.1310442158459,12
calm,E2_latency_3,minimum-variance,6,0,0.10748270186680409,18.10846619410535,-0.001136755185997207,0.5,367.1160689528618,12
calm,E2_latency_3,minimum-variance,7,0,0.07120099974885785,14.043277612509126,-0.0013576410597351263,0.4782608695652174,361.5539321505548,11
calm,E2_latency_3,minimum-variance,8,0,0.05183713102377463,16.004881840329443,-0.001762127739206809,0.5,341.68298891327225,12
calm,E2_latency_3,minimum-variance,9,0,0.08814230014780278,16.280527721729563,-0.0011700026436889388,0.5,343.87079030756576,12
calm,E2_latency_3,minimum-variance,10,0,0.10374689272838844,19.2682595802411,-0.001474933513769372,0.5,487.3095032911759,12
calm,E2_latency_3,random,1,0,0.043356796307111534,9.093080827521726,-0.0009733777941788313,0.4090909090909091,363.49482283075497,9
calm,E2_latency_3,random,2,0,0.0700850904017043,16.07155655924305,-0.0015269528468251359,0.6190476190476191,492.50314076050864,13
calm,E2_latency_3,random,3,0,0.046095745657534604,7.914189436907194,-0.0029087193866050853,0.5454545454545454,512.4213192596113,12
calm,E2_latency_3,random,4,0,0.08996938671309063,14.312883226895842,-0.002706143969309349,0.65,311.14373917373564,13
calm,E2_latency_3,random,5,0,0.05619086131638862,14.210857930199685,-0.0016684108330149439,0.45454545454545453,520.8417620260988,10
calm,E2_latency_3,random,6,0,0.0981028502823813,14.772412708536732,-0.001136755185997207,0.6086956521739131,503.924473853222,14
calm,E2_latency_3,random,7,0,0.04563855570599995,10.353274714511734,-0.0010669402744826195,0.5263157894736842,508.8484784881557,10
calm,E2_latency_3,random,8,0,0.03074807387449363,12.089653285369119,-0.0012141067524644722,0.5416666666666666,400.183821653697,13
calm,E2_latency_3,random,9,0,0.05264605544975254,9.427373174638184,-0.002075317056885684,0.375,407.56268601185354,9
calm,E2_latency_3,random,10,0,0.08826259377278656,18.218996229536,-0.001474933513769372,0.5454545454545454,461.07879110133894,12
calm,E2_latency_3,no-trade-band,1,0,0.0705944844016142,13.589824448441396,-0.004506817591572232,0.6,365.1722680667152,12
calm,E2_latency_3,no-trade-band,2,0,0.06304510142903097,15.671219441825938,-0.0023186631378029343,0.5789473684210527,490.3422631316018,11
calm,E2_latency_3,no-trade-band,3,0,0.04960559279512,8.483008922692079,-0.0029087193866050853,0.631578947368421,468.4860500396464,12
calm,E2_latency_3,no-trade-band,4,0,0.0779828020878075,14.324572096724363,-0.0009687601467698315,0.5,362.6517663925716,11
calm,E2_latency_3,no-trade-band,5,0,0.07345889813771356,18.186805408207277,-0.0016684108330149439,0.55,398.42476805834673,11
calm,E2_latency_3,no-trade-band,6,0,0.10748270186680409,18.10846619410535,-0.001136755185997207,0.6,367.1160689528618,12
calm,E2_latency_3,no-trade-band,7,0,0.0628125927231864,12.00759447039675,-0.0013576410597351263,0.4782608695652174,455.6853557628968,11
calm,E2_latency_3,no-trade-band,8,0,0.05183973702903,16.00584354913608,-0.001762127739206809,0.5,340.3754398955778,9
calm,E2_latency_3,no-trade-band,9,0,0.08814230014780278,16.280527721729563,-0.0011700026436889388,0.5714285714285714,343.87079030756576,12
calm,E2_latency_3,no-trade-band,10,0,0.09507162367284727,18.87794123547233,-0.001474933513769372,0.47619047619047616,476.2391083390418,10
calm,E2_participation_1pct,buy-and-hold,1,0,0.09021745576919415,14.963049026695273,-0.002213411528830367,0.9166666666666666,644.756562422916,22
calm,E2_participation_1pct,buy-and-hold,2,0,0.09089624945977737,16.612843037810443,-0.0012307564478712951,0.8695652173913043,493.30591389501467,20
calm,E2_participation_1pct,buy-and-hold,3,0,0.0778437857171379,13.615869523845298,-0.0019803826581313855,0.9,479.90188178398364,18
calm,E2_participation_1pct,buy-and-hold,4,0,0.0945662158108489,20.760691107380506,-0.00171984628026578,0.875,690.1633713546535,21
calm,E2_participation_1pct,buy-and-hold,5,0,0.09756283820251332,18.757801949229794,-0.0012258952895094488,0.875,566.2336238511687,21
calm,E2_participation_1pct,buy-and-hold,6,0,0.10144317607292241,16.37692678343385,-0.003298967239055761,0.875,703.8318483814356,21
calm,E2_participation_1pct,buy-and-hold,7,0,0.06158020619441107,13.83757910464821,-0.007774000273097381,0.8333333333333334,506.0411797153175,20
calm,E2_participation_1pct,buy-and-hold,8,0,0.07175220733825305,15.356581807031192,-0.0015674496539717087,0.8333333333333334,472.8726792821443,20
calm,E2_participation_1pct,buy-and-hold,9,0,0.09853275118308424,17.9548959588985,-0.0014355003114725484,0.8695652173913043,645.0294004683731,20
calm,E2_participation_1pct,buy-and-hold,10,0,0.10087096035446108,18.63695426396896,-0.00444319460547693,0.9047619047619048,601.1450007108823,19
calm,E2_participation_1pct,signal-weighted,1,0,0.010887712640142322,5.240011172724808,-0.004927223147941473,0.7692307692307693,314.1204235009878,10
calm,E2_participation_1pct,signal-weighted,2,0,0.0063338365518215145,5.4781491166969705,-0.0002474857416309151,0.8,195.12319270372166,8
calm,E2_participation_1pct,signal-weighted,3,0,0.01834406700522062,4.489330379850359,-0.0057302819737387045,0.75,453.71318531327745,12
calm,E2_participation_1pct,signal-weighted,4,0,0.01239663150108039,11.892588072430106,-0.000789622268276835,0.75,391.7876599410322,12
calm,E2_participation_1pct,signal-weighted,5,0,0.008804884148415626,8.59982292805233,-0.00024820823267479586,0.8,177.13126951100062,8
calm,E2_participation_1pct,signal-weighted,6,0,0.009592548671565782,5.314098676233228,-0.005117740040752716,0.75,457.382186064501,12
calm,E2_participation_1pct,signal-weighted,7,0,0.007514761490911459,7.267600344998659,-0.00024028534316400396,0.8,155.99914234022552,8
calm,E2_participation_1pct,signal-weighted,8,0,0.011636823332826562,8.450304387604023,-0.0008055715574222244,0.7692307692307693,224.98011739293383,10
calm,E2_participation_1pct,signal-weighted,9,0,0.004800863672701272,2.756645232772313,-0.006495513005644771,0.7692307692307693,318.81237752352155,10
calm,E2_participation_1pct,signal-weighted,10,0,0.012219309429148062,4.531914514406557,-0.007287896670595262,0.7692307692307693,441.32905729416365,10
calm,E2_participation_1pct,naive-momentum,1,0,0.07683460583915291,13.014519952643932,-0.006367185810631115,0.8636363636363636,533.5819867495065,19
calm,E2_participation_1pct,naive-momentum,2,0,0.0863944791229112,15.060764531954167,-0.0012573871025477468,0.8636363636363636,679.0022867833292,19
calm,E2_participation_1pct,naive-momentum,3,0,0.06907229285927641,12.891842365776025,-0.001731237673967878,0.8636363636363636,763.3914390814866,19
calm,E2_participation_1pct,naive-momentum,4,0,0.052139037057084,12.683608390631658,-0.002707553742869462,0.8571428571428571,675.2433898875788,18
calm,E2_participation_1pct,naive-momentum,5,0,0.08103511628698756,20.254331127913314,-0.0006962333397607656,0.9,731.1678427711552,18
calm,E2_participation_1pct,naive-momentum,6,0,0.10513711367732403,18.737719682968123,-0.0023872830147585455,0.8181818181818182,494.9785572493964,18
calm,E2_participation_1pct,naive-momentum,7,0,0.04323577335617701,19.12046115596291,-0.0004508879667421972,0.7777777777777778,577.4774554357369,14
calm,E2_participation_1pct,naive-momentum,8,0,0.04553437276424699,13.539992031275562,-0.0008055715574222244,0.9,641.4230170720704,18
calm,E2_participation_1pct,naive-momentum,9,0,0.0839200533153428,13.716631713907821,-0.0067789253432015695,0.9047619047619048,704.7075734641429,19
calm,E2_participation_1pct,naive-momentum,10,0,0.08908822429402208,13.460886128214787,-0.007625538154079403,0.8636363636363636,823.8448629768521,19
calm,E2_participation_1pct,mean-reversion,1,0,0.0,0.0,0.0,0.0,0.0,0
calm,E2_participation_1pct,mean-reversion,2,0,0.0,0.0,0.0,0.0,0.0,0
calm,E2_participation_1pct,mean-reversion,3,0,0.0,0.0,0.0,0.0,0.0,0
calm,E2_participation_1pct,mean-reversion,4,0,0.00798896089494816,5.983456640901446,-0.000817982039075571,0.6666666666666666,177.49876983594362,2
calm,E2_participation_1pct,mean-reversion,5,0,0.008615319137745603,8.158782166850726,-0.0005427854267545662,0.8,249.07708645371827,4
calm,E2_participation_1pct,mean-reversion,6,0,0.0,0.0,0.0,0.0,0.0,0
calm,E2_participation_1pct,mean-reversion,7,0,0.017450291361641224,5.5100171524128685,-0.003005135250363722,0.8333333333333334,327.628872676475,5
calm,E2_participation_1pct,mean-reversion,8,0,0.001618612815375453,1.6979057451897688,-0.0018554533815386964,0.8,181.40034861127265,4
calm,E2_participation_1pct,mean-reversion,9,0,0.005051688454822401,5.7869682778812,-0.0008175975643821554,0.6666666666666666,151.10145611397138,2
calm,E2_participation_1pct,mean-reversion,10,0,0.0,0.0,0.0,0.0,0.0,0
calm,E2_participation_1pct,risk-parity,1,0,0.08306238258388698,15.90877522769967,-0.002905871518184111,0.9166666666666666,488.37180623105496,22
calm,E2_participation_1pct,risk-parity,2,0,0.10230394749562399,16.597218264794066,-0.0012307564478712951,0.875,630.9109282924645,21
calm,E2_participation_1pct,risk-parity,3,0,0.06402166794261999,10.45301948470485,-0.0032123870193786486,0.875,704.6140841132179,21
calm,E2_participation_1pct,risk-parity,4,0,0.07686725810032691,14.28820345650534,-0.002747350512122937,0.875,651.9236619292451,21
calm,E2_participation_1pct,risk-parity,5,0,0.083076095383664,20.149103863814474,-0.0012258952895094488,0.875,523.5325668991711,21
calm,E2_participation_1pct,risk-parity,6,0,0.0972932498855772,15.778980361802098,-0.006020405440041898,0.875,673.3083685153847,21
calm,E2_participation_1pct,risk-parity,7,0,0.05833814442413332,14.00106618876296,-0.00743793802575643,0.8333333333333334,675.653728608963,20
calm,E2_participation_1pct,risk-parity,8,0,0.06550674398314471,14.987619275413314,-0.0015674496539717087,0.875,639.4025737389932,21
calm,E2_participation_1pct,risk-parity,9,0,0.07618622987075696,15.722972413434384,-0.004760467507693877,0.8695652173913043,738.6896186636443,20
calm,E2_participation_1pct,risk-parity,10,0,0.09339265749674786,14.377953981129687,-0.010253726143923947,0.875,897.6264000521968,21
calm,E2_participation_1pct,minimum-variance,1,0,0.08394916964880683,14.604325379648365,-0.005883207014064418,0.9166666666666666,574.4594104890068,22
calm,E2_participation_1pct,minimum-variance,2,0,0.10300228828159419,16.48685537516158,-0.0012307564478712951,0.875,625.487308280878,21
calm,E2_participation_1pct,minimum-variance,3,0,0.07804288724212816,12.084904763931469,-0.00193671190489475,0.8695652173913043,599.5463782562075,20
calm,E2_participation_1pct,minimum-variance,4,0,0.07725079418675374,14.063452553987167,-0.002744330291306385,0.8333333333333334,617.032804082044,20
calm,E2_participation_1pct,minimum-variance,5,0,0.08843216748187133,19.238672435702952,-0.0012258952895094488,0.8333333333333334,584.0723470239858,20
calm,E2_participation_1pct,minimum-variance,6,0,0.08686524323635036,15.802366918996114,-0.006254317462687564,0.875,790.3105421342477,21
calm,E2_participation_1pct,minimum-variance,7,0,0.06969548526614977,16.405038860931377,-0.00743793802575643,0.875,566.8405683889354,21
calm,E2_participation_1pct,minimum-variance,8,0,0.07043545081358982,14.892171395885258,-0.0015674496539717087,0.875,560.6512689820829,21
calm,E2_participation_1pct,minimum-variance,9,0,0.09452837307897677,14.685441411278301,-0.0025318051724231294,0.8695652173913043,593.3933627671252,20
calm,E2_participation_1pct,minimum-variance,10,0,0.1006398476755368,14.845180965108453,-0.01021576606938479,0.8636363636363636,840.4462205857698,19
calm,E2_participation_1pct,random,1,0,0.034164827720350344,8.012941083960015,-0.006367819455822987,0.8333333333333334,538.2383270911755,15
calm,E2_participation_1pct,random,2,0,0.0797831757759675,17.32434849676071,-0.0007721568811510648,0.9090909090909091,623.3095832785743,20
calm,E2_participation_1pct,random,3,0,0.05114706219775078,9.184047508614274,-0.0013457787217434625,0.8333333333333334,1066.1695259407595,20
calm,E2_participation_1pct,random,4,0,0.04921086026367538,9.717641868567462,-0.0028826386728125764,0.8181818181818182,806.12701178371,18
calm,E2_participation_1pct,random,5,0,0.03386306240156611,12.118571813006872,-0.0012258952895094488,0.8181818181818182,882.6372126628075,18
calm,E2_participation_1pct,random,6,0,0.06399843976819719,14.446798313586298,-0.0032984283281506377,0.9130434782608695,829.8251386461471,21
calm,E2_participation_1pct,random,7,0,0.035453380258514855,8.735240313391767,-0.0068718417700183165,0.8571428571428571,740.5903544176044,18
calm,E2_participation_1pct,random,8,0,0.04839034699583,10.829690382486913,-0.0011134608069002239,0.8636363636363636,691.8541871464524,19
calm,E2_participation_1pct,random,9,0,0.07545130166702085,15.167123744484147,-0.0013064701407050627,0.9130434782608695,887.626195017402,21
calm,E2_participation_1pct,random,10,0,0.07298375803013846,11.8169497792397,-0.010542295620235564,0.8636363636363636,970.7580331078383,19
calm,E2_participation_1pct,no-trade-band,1,0,0.08277605353476325,15.898449993581028,-0.002905871518184111,0.9047619047619048,467.83566095514357,19
calm,E2_participation_1pct,no-trade-band,2,0,0.1031285018871324,16.420202792673194,-0.0012307564478712951,0.875,627.5435364075213,14
calm,E2_participation_1pct,no-trade-band,3,0,0.06415285383147129,10.452150999708339,-0.003304149859453709,0.8571428571428571,702.4580525326021,18
calm,E2_participation_1pct,no-trade-band,4,0,0.0763666307425872,14.19652285282638,-0.0027318260110387182,0.9,648.6661973664233,18
calm,E2_participation_1pct,no-trade-band,5,0,0.08296219454101372,20.198639569648655,-0.0012258952895094488,0.85,520.5108654425156,17
calm,E2_participation_1pct,no-trade-band,6,0,0.09753240358352833,15.689863982309925,-0.006020405440041898,0.9473684210526315,671.4168219336827,18
calm,E2_participation_1pct,no-trade-band,7,0,0.05835970311200822,13.997985546064792,-0.00743793802575643,0.9,673.5232116228325,18
calm,E2_participation_1pct,no-trade-band,8,0,0.06557312061674025,14.989740908926324,-0.0015674496539717087,0.9047619047619048,630.5872508363583,19
calm,E2_participation_1pct,no-trade-band,9,0,0.0762206391425142,15.723913651568342,-0.004760467507693877,0.8571428571428571,738.1800112391543,18
calm,E2_participation_1pct,no-trade-band,10,0,0.09552586832446197,14.447295327368103,-0.01021576606938479,0.9411764705882353,865.6212660949167,16
calm,E2_harsh_corner,buy-and-hold,1,0,0.07239167310109096,11.853212271777886,-0.005392309639492332,0.5,588.7142644896419,12
calm,E2_harsh_corner,buy-and-hold,2,0,0.06053477793325723,13.922986850608222,-0.0030790207032564965,0.5,591.2976855688203,12
calm,E2_harsh_corner,buy-and-hold,3,0,0.04866004417323211,8.907093818763624,-0.0037216758995672894,0.5,627.3262653214673,12
calm,E2_harsh_corner,buy-and-hold,4,0,0.06920395765878262,12.499650996909347,-0.0038613550339621217,0.5,485.2157809734238,12
calm,E2_harsh_corner,buy-and-hold,5,0,0.06625014659503514,18.49427528939476,-0.0024145606002971,0.5217391304347826,586.4821774721663,12
calm,E2_harsh_corner,buy-and-hold,6,0,0.10741038488454491,16.49995848535447,-0.001879083178372487,0.5,588.3521462694895,12
calm,E2_harsh_corner,buy-and-hold,7,0,0.07495515905509231,15.424562384140629,-0.0020926805791366965,0.5416666666666666,474.3095529543402,13
calm,E2_harsh_corner,buy-and-hold,8,0,0.04120277882477974,12.585666527244518,-0.0025154942477964015,0.5,535.4904624370179,12
calm,E2_harsh_corner,buy-and-hold,9,0,0.08312679153868818,14.674755776844329,-0.002346880909325555,0.5416666666666666,532.4659398462334,13
calm,E2_harsh_corner,buy-and-hold,10,0,0.09896170732289278,20.073236286685205,-0.002217477489600106,0.5,546.9980341295156,12
calm,E2_harsh_corner,signal-weighted,1,0,0.01219001313772039,9.136093297507319,-0.0010075974954826261,0.3076923076923077,275.3068316361015,4
calm,E2_harsh_corner,signal-weighted,2,0,0.002162315900818612,4.263663875307134,-0.00023111870134173707,0.4,76.06176083783829,4
calm,E2_harsh_corner,signal-weighted,3,0,0.02443171921201337,6.098207218528862,-0.001620652991386029,0.29411764705882354,455.27501868025473,5
calm,E2_harsh_corner,signal-weighted,4,0,0.031097666551059833,8.767347380358386,-0.0014808304666337202,0.29411764705882354,426.30170949430345,5
calm,E2_harsh_corner,signal-weighted,5,0,0.0008829999297337299,2.997473531550313,-0.0004214087811549305,0.4,85.63342154352132,4
calm,E2_harsh_corner,signal-weighted,6,0,0.03958812137116907,10.047790640060809,-0.000925686143948945,0.29411764705882354,472.48135479716524,5
calm,E2_harsh_corner,signal-weighted,7,0,0.001230684480920674,3.4915536222137926,-0.00037677124879587076,0.4,89.45589069111861,4
calm,E2_harsh_corner,signal-weighted,8,0,0.01357504741836113,10.244118865955606,-0.0007700537841730526,0.3076923076923077,212.07261007711722,4
calm,E2_harsh_corner,signal-weighted,9,0,0.018495294695334952,9.700775254345626,-0.000937371659219477,0.3076923076923077,232.97669088450732,4
calm,E2_harsh_corner,signal-weighted,10,0,0.024337126128349373,9.61768238214849,-0.0018109613282489834,0.3076923076923077,401.51316548009083,4
calm,E2_harsh_corner,naive-momentum,1,0,0.07320912351433817,14.350000436451554,-0.001381528869135784,0.5,494.2728474500364,11
calm,E2_harsh_corner,naive-momentum,2,0,0.05735434101513315,12.296633891913514,-0.0026223419563612405,0.5,580.0040539575158,11
calm,E2_harsh_corner,naive-momentum,3,0,0.05683175826078313,9.539325466555107,-0.00388104172249093,0.5,521.4520093907371,11
calm,E2_harsh_corner,naive-momentum,4,0,0.07912994321452427,11.29362183141446,-0.00153446332718421,0.5238095238095238,842.6921101282061,11
calm,E2_harsh_corner,naive-momentum,5,0,0.05869403426285924,11.084506725667149,-0.0014432840777296452,0.5,801.3078845816987,10
calm,E2_harsh_corner,naive-momentum,6,0,0.1061245206177508,15.120972819364724,-0.0023427567010675387,0.5,582.342949063185,11
calm,E2_harsh_corner,naive-momentum,7,0,0.08993575041122481,13.69908929058843,-0.0009276470313110963,0.6111111111111112,1026.1652037913539,11
calm,E2_harsh_corner,naive-momentum,8,0,0.05918979582238637,15.243352502025648,-0.0007700537841730526,0.5,955.1409823091108,10
calm,E2_harsh_corner,naive-momentum,9,0,0.09649802761006132,14.63005774890433,-0.000937371659219477,0.47619047619047616,675.4695309221121,10
calm,E2_harsh_corner,naive-momentum,10,0,0.09935163815123693,15.898237716693227,-0.00283806808933873,0.5,713.1488736918171,11
calm,E2_harsh_corner,mean-reversion,1,0,0.0,0.0,0.0,0.0,0.0,0
calm,E2_harsh_corner,mean-reversion,2,0,0.0,0.0,0.0,0.0,0.0,0
calm,E2_harsh_corner,mean-reversion,3,0,0.0,0.0,0.0,0.0,0.0,0
calm,E2_harsh_corner,mean-reversion,4,0,0.00981000627206674,4.116395098104764,-0.003110530225062247,0.4,222.0124264785233,2
calm,E2_harsh_corner,mean-reversion,5,0,0.03522904163343199,10.038320735050824,-0.0009965597203123178,0.5714285714285714,487.4215127304624,4
calm,E2_harsh_corner,mean-reversion,6,0,0.0,0.0,0.0,0.0,0.0,0
calm,E2_harsh_corner,mean-reversion,7,0,0.026185891213829526,6.618471117525019,-0.007863042499316908,0.5555555555555556,624.1269453557159,5
calm,E2_harsh_corner,mean-reversion,8,0,0.016562325437544878,8.244202299771835,-0.0027539519849852923,0.5714285714285714,375.289734991045,4
calm,E2_harsh_corner,mean-reversion,9,0,0.018117183925072,8.158372901765322,-0.001145755811069682,0.6,252.04960046061805,3
calm,E2_harsh_corner,mean-reversion,10,0,0.0,0.0,0.0,0.0,0.0,0
calm,E2_harsh_corner,risk-parity,1,0,0.06867236627752882,13.105524140746688,-0.0055437922412288065,0.5,544.0760254639374,12
calm,E2_harsh_corner,risk-parity,2,0,0.06114364424361329,15.11151086354933,-0.0030790207032564965,0.5,670.3455726663426,12
calm,E2_harsh_corner,risk-parity,3,0,0.04771831215843747,8.128437845744559,-0.003668454210365324,0.5,648.7314585435454,12
calm,E2_harsh_corner,risk-parity,4,0,0.07588675958716284,13.911046351985261,-0.0017118154250335138,0.5,549.8430337813434,12
calm,E2_harsh_corner,risk-parity,5,0,0.07151816390901722,17.62560517749965,-0.0024145606002971,0.5217391304347826,579.8246452435151,12
calm,E2_harsh_corner,risk-parity,6,0,0.10552526273144647,17.69781030648873,-0.001879083178372487,0.5,547.0494150464649,12
calm,E2_harsh_corner,risk-parity,7,0,0.060528591176745916,11.520424563122505,-0.0020926805791366965,0.5833333333333334,679.9960720171966,14
calm,E2_harsh_corner,risk-parity,8,0,0.049994440783117655,15.27453624025662,-0.0025154942477964015,0.4782608695652174,516.6444544125571,11
calm,E2_harsh_corner,risk-parity,9,0,0.08620596831996985,15.792247389803567,-0.0022082011071348218,0.5,522.3933563551212,12
calm,E2_harsh_corner,risk-parity,10,0,0.09314320945189092,18.38487441180766,-0.002217477489600106,0.4583333333333333,653.9191217394372,11
calm,E2_harsh_corner,minimum-variance,1,0,0.06867236627752882,13.105524140746688,-0.0055437922412288065,0.5,544.0760254639374,12
calm,E2_harsh_corner,minimum-variance,2,0,0.06114364424361329,15.11151086354933,-0.0030790207032564965,0.5,670.3455726663426,12
calm,E2_harsh_corner,minimum-variance,3,0,0.04771831215843747,8.128437845744559,-0.003668454210365324,0.5,648.7314585435454,12
calm,E2_harsh_corner,minimum-variance,4,0,0.07791682181616233,14.301915043203358,-0.0017118154250335138,0.5,529.3695425185169,12
calm,E2_harsh_corner,minimum-variance,5,0,0.07225715437843983,17.787233830745862,-0.0024145606002971,0.5217391304347826,581.9788279128658,12
calm,E2_harsh_corner,minimum-variance,6,0,0.10552526273144647,17.69781030648873,-0.001879083178372487,0.5,547.0494150464649,12
calm,E2_harsh_corner,minimum-variance,7,0,0.06932228588596545,13.519642506778602,-0.0020926805791366965,0.5652173913043478,538.4802726146703,13
calm,E2_harsh_corner,minimum-variance,8,0,0.049994440783117655,15.27453624025662,-0.0025154942477964015,0.4782608695652174,516.6444544125571,11
calm,E2_harsh_corner,minimum-variance,9,0,0.08620596831996985,15.792247389803567,-0.0022082011071348218,0.5,522.3933563551212,12
calm,E2_harsh_corner,minimum-variance,10,0,0.10181163498919421,18.82166026311869,-0.002217477489600106,0.5,665.2276118306509,12
calm,E2_harsh_corner,random,1,0,0.04115100552035633,8.664125794157007,-0.0016016133235347008,0.36363636363636365,575.1333394610156,8
calm,E2_harsh_corner,random,2,0,0.06785804463233247,15.520472833359744,-0.0019659927819525302,0.6190476190476191,712.1335975975907,13
calm,E2_harsh_corner,random,3,0,0.04391290283240079,7.514156285357039,-0.003668454210365324,0.5,723.329012775076,11
calm,E2_harsh_corner,random,4,0,0.08796217830363529,13.84624950897543,-0.0031490289309905606,0.7,504.7090361788661,14
calm,E2_harsh_corner,random,5,0,0.053972266046812045,13.685036177560226,-0.0024145606002971,0.45454545454545453,734.1355344657555,10
calm,E2_harsh_corner,random,6,0,0.09577840327793874,14.411582847691113,-0.001879083178372487,0.5652173913043478,720.6583633094223,13
calm,E2_harsh_corner,random,7,0,0.04321419697477302,9.97138889991715,-0.0016270126504642768,0.5263157894736842,747.7426978418625,10
calm,E2_harsh_corner,random,8,0,0.028473150326439045,11.262645522634717,-0.001715326659697869,0.4583333333333333,625.2513806745865,11
calm,E2_harsh_corner,random,9,0,0.05041769223824977,9.058763905096855,-0.0031135103441017886,0.375,624.9734096103602,9
calm,E2_harsh_corner,random,10,0,0.08633871143667449,17.6944913190043,-0.002217477489600106,0.5454545454545454,638.802295296681,12
calm,E2_harsh_corner,no-trade-band,1,0,0.06867236627752882,13.105524140746688,-0.0055437922412288065,0.6,544.0760254639374,12
calm,E2_harsh_corner,no-trade-band,2,0,0.061156538795458903,15.114693158960101,-0.0030790207032564965,0.5789473684210527,669.0960172792156,11
calm,E2_harsh_corner,no-trade-band,3,0,0.04774836574889463,8.134163735437147,-0.003668454210365324,0.5789473684210527,645.8285492069379,11
calm,E2_harsh_corner,no-trade-band,4,0,0.0760014710134913,13.92925092136791,-0.0017118154250335138,0.5,547.6280462557595,11
calm,E2_harsh_corner,no-trade-band,5,0,0.0715372491568631,17.631224920899232,-0.0024145606002971,0.5789473684210527,577.9702914284823,11
calm,E2_harsh_corner,no-trade-band,6,0,0.10552526273144647,17.69781030648873,-0.001879083178372487,0.6,547.0494150464649,12
calm,E2_harsh_corner,no-trade-band,7,0,0.06049800614805134,11.51121174058511,-0.0020926805791366965,0.5652173913043478,679.2383743954219,13
calm,E2_harsh_corner,no-trade-band,8,0,0.050009864405573534,15.28108678975734,-0.0025154942477964015,0.5,514.8954675521599,9
calm,E2_harsh_corner,no-trade-band,9,0,0.08620596831996985,15.792247389803567,-0.0022082011071348218,0.5714285714285714,522.3933563551212,12
calm,E2_harsh_corner,no-trade-band,10,0,0.09315580860144745,18.387329700130252,-0.002217477489600106,0.47619047619047616,652.6935951910574,10
high_vol,E0_ideal,buy-and-hold,101,0,0.06445616703048218,8.00956665190177,-0.024022218773366966,1.0,17.046539215410075,24
high_vol,E0_ideal,buy-and-hold,102,0,0.05075915946773524,5.039880087466981,-0.023128574221969456,1.0,16.3731256287411,24
high_vol,E0_ideal,buy-and-hold,103,0,0.08517927889477583,10.321166860101549,-0.013056450455249169,1.0,15.784918331194094,24
high_vol,E0_ideal,buy-and-hold,104,0,0.12733128684743678,16.475509923706976,-0.004060068596265398,1.0,16.026331524198188,23
high_vol,E0_ideal,buy-and-hold,105,0,0.13046294067792563,14.242120183939356,-0.014975703536720508,1.0,16.736011046528233,23
high_vol,E0_ideal,buy-and-hold,106,0,0.07006429824085214,8.40482577709618,-0.007966907593640826,1.0,16.41052955170838,22
high_vol,E0_ideal,buy-and-hold,107,0,0.12149261191415572,13.498236041437742,-0.005196429272163128,1.0,16.732942679136993,23
high_vol,E0_ideal,buy-and-hold,108,0,0.09611753665360134,11.490409448580689,-0.009987862774139766,1.0,16.290302023604433,24
high_vol,E0_ideal,buy-and-hold,109,0,0.10384538716815084,12.409201599356846,-0.009577023386393324,1.0,16.336612132873228,24
high_vol,E0_ideal,buy-and-hold,110,0,0.14469544096551568,9.615022088106086,-0.04564595248231762,1.0,16.164746295938816,24
high_vol,E0_ideal,signal-weighted,101,0,-0.014138996807183224,-6.731837502663878,-0.014138996807183224,1.0,23.956150459205002,11
high_vol,E0_ideal,signal-weighted,102,0,-0.0004433005466412121,-0.16055366244634503,-0.008310318691435614,1.0,13.718614339614945,10
high_vol,E0_ideal,signal-weighted,103,0,0.008626950105641962,9.013894441784759,-3.3538484971229465e-05,1.0,13.437239061546085,10
high_vol,E0_ideal,signal-weighted,104,0,0.005303839023863111,9.363144482323742,-0.0005338395259101292,1.0,28.220844361608226,12
high_vol,E0_ideal,signal-weighted,105,0,0.019433051506102306,11.061732155494976,-0.00010500700000004581,1.0,25.620710065571355,12
high_vol,E0_ideal,signal-weighted,106,0,0.013889224234477915,5.376343465481445,-0.0011438883852622483,1.0,24.94756861183967,12
high_vol,E0_ideal,signal-weighted,107,0,0.019202052109147605,7.988458442021011,-0.0008674090004077151,1.0,41.082396058000306,14
high_vol,E0_ideal,signal-weighted,108,0,0.02886528688345069,7.3308587719740945,-8.300878496170228e-05,1.0,28.358143401351366,12
high_vol,E0_ideal,signal-weighted,109,0,0.018515529899735705,7.374133153055352,-3.3538484971229465e-05,1.0,14.822320812577033,10
high_vol,E0_ideal,signal-weighted,110,0,0.019597062000936027,10.66640644051614,-3.3538484971229465e-05,1.0,14.196679747422296,10
high_vol,E0_ideal,naive-momentum,101,0,0.06785634133823759,9.088220768056116,-0.014849996439660562,1.0,8.362326753681959,11
high_vol,E0_ideal,naive-momentum,102,0,0.0346496506202818,4.687774025995261,-0.007715436376411033,1.0,23.081407312421522,12
high_vol,E0_ideal,naive-momentum,103,0,0.05491399429993771,8.999014347663481,-0.009051836692562487,1.0,40.55587407467177,16
high_vol,E0_ideal,naive-momentum,104,0,0.11917741210682031,15.20222894989843,-0.004060068596265509,1.0,25.008797438266658,21
high_vol,E0_ideal,naive-momentum,105,0,0.09393462518616746,10.30933187267431,-0.012149549526215164,1.0,42.36323872045437,21
high_vol,E0_ideal,naive-momentum,106,0,0.04011196776426451,5.9637652808736945,-0.010465453830771021,1.0,48.67147190599399,20
high_vol,E0_ideal,naive-momentum,107,0,0.09168553538743818,14.331667009834776,-0.003668079154070747,1.0,33.295148589246665,20
high_vol,E0_ideal,naive-momentum,108,0,0.06052002795083067,7.6326602601620035,-0.01092499977881023,1.0,42.25414886930273,21
high_vol,E0_ideal,naive-momentum,109,0,0.08490708325003737,20.007383669643218,-0.00010500700000004581,1.0,25.846291195695276,18
high_vol,E0_ideal,naive-momentum,110,0,0.13145591359328912,12.794110493526317,-0.00010500700000004581,1.0,15.29614240612619,14
high_vol,E0_ideal,mean-reversion,101,0,-0.021778648204348605,-7.060592363950266,-0.021778648204348605,1.0,7.491349140304236,11
high_vol,E0_ideal,mean-reversion,102,0,0.028933304433101048,5.392776822256839,-0.006121533301888804,1.0,38.822033941128566,13
high_vol,E0_ideal,mean-reversion,103,0,0.03416920464352735,6.880178611637154,-0.0043450049735047624,1.0,43.016807673589454,10
high_vol,E0_ideal,mean-reversion,104,0,-0.005477560398360559,-4.888511592766298,-0.005477560398360559,1.0,13.894617179290524,2
high_vol,E0_ideal,mean-reversion,105,0,0.02096491265360023,6.8674403753289015,-0.00010500700000004581,1.0,28.604771645947263,4
high_vol,E0_ideal,mean-reversion,106,0,0.03017604463434287,7.779551085974816,-0.0010502688128969373,1.0,50.3891677934249,8
high_vol,E0_ideal,mean-reversion,107,0,0.020906105859014312,3.7215151028644193,-0.01135007856955228,1.0,28.875842044169463,5
high_vol,E0_ideal,mean-reversion,108,0,0.013213510655383898,8.367289788389995,-0.00010500700000004581,1.0,28.393488142644483,5
high_vol,E0_ideal,mean-reversion,109,0,0.026110085614113876,8.05962489615178,-0.001599505287448677,1.0,28.782334694261994,7
high_vol,E0_ideal,mean-reversion,110,0,0.01839494984856893,2.0869380488561693,-0.033958031081796514,1.0,27.41840928943544,10
high_vol,E0_ideal,risk-parity,101,0,0.05865800094731011,7.784101418454609,-0.023708407837749523,1.0,20.336186197310532,23
high_vol,E0_ideal,risk-parity,102,0,0.053199063781971034,5.292483573127887,-0.022658699735649268,1.0,29.934561094363275,24
high_vol,E0_ideal,risk-parity,103,0,0.08517927889477583,10.321166860101549,-0.013056450455249169,1.0,15.784918331194094,24
high_vol,E0_ideal,risk-parity,104,0,0.10886820125689778,19.670661411091974,-0.004060068596696387,1.0,24.51367822800636,24
high_vol,E0_ideal,risk-parity,105,0,0.10194209118540742,14.711966952113585,-0.010228301036367737,1.0,21.678015723590207,24
high_vol,E0_ideal,risk-parity,106,0,0.0591746730335827,7.661302453419645,-0.007966907593640826,1.0,23.810192075251493,22
high_vol,E0_ideal,risk-parity,107,0,0.11497995242944792,12.641258861873489,-0.006048053319316238,1.0,21.203314984904377,22
high_vol,E0_ideal,risk-parity,108,0,0.09579194853690676,11.433905560338781,-0.00999573735973247,1.0,17.56144117844802,24
high_vol,E0_ideal,risk-parity,109,0,0.10384538716815084,12.409201599356846,-0.009577023386393324,1.0,16.336612132873228,24
high_vol,E0_ideal,risk-parity,110,0,0.11840201736368972,8.789696979208008,-0.04454638963457236,1.0,26.554003417271314,24
high_vol,E0_ideal,minimum-variance,101,0,0.06445616703048218,8.00956665190177,-0.024022218773366966,1.0,17.046539215410075,24
high_vol,E0_ideal,minimum-variance,102,0,0.047508424830051466,4.71283819197043,-0.0225837894791312,1.0,24.4027917810974,24
high_vol,E0_ideal,minimum-variance,103,0,0.08299822712634963,10.197025120223481,-0.013091700277558016,1.0,20.68812486965743,24
high_vol,E0_ideal,minimum-variance,104,0,0.11875629861220127,16.521230733726043,-0.004060068597774857,1.0,30.869848478881266,23
high_vol,E0_ideal,minimum-variance,105,0,0.11190952213008565,13.063491582744245,-0.014260176437403516,1.0,22.487369146943106,24
high_vol,E0_ideal,minimum-variance,106,0,0.07006429824085214,8.40482577709615,-0.00796690759364116,1.0,16.410529551708382,22
high_vol,E0_ideal,minimum-variance,107,0,0.10017485618707966,10.526452276911922,-0.010881480775841279,1.0,30.541350346738174,22
high_vol,E0_ideal,minimum-variance,108,0,0.09336422403538869,10.996594691577032,-0.011584082718347544,1.0,30.177584835601362,24
high_vol,E0_ideal,minimum-variance,109,0,0.1053973778895998,12.74363443165191,-0.009577023386393324,1.0,31.946955165832478,24
high_vol,E0_ideal,minimum-variance,110,0,0.06056486542966266,5.570555769541784,-0.04564641969808081,1.0,22.080602726110254,17
high_vol,E0_ideal,random,101,0,0.015371845566953368,5.162814168940022,-0.009488876560617254,1.0,72.06844860778307,20
high_vol,E0_ideal,random,102,0,0.043465433306211,5.465049164622722,-0.010078730224616583,1.0,76.97316919489931,22
high_vol,E0_ideal,random,103,0,0.06048054668551317,7.605343804013774,-0.013553012991248337,1.0,51.972416910097586,23
high_vol,E0_ideal,random,104,0,0.09239512523936066,17.477340391015233,-0.0040600685971133865,1.0,59.71849122018755,24
high_vol,E0_ideal,random,105,0,0.11852425957749468,13.046717571894819,-0.014916514598415698,1.0,43.45630608111272,24
high_vol,E0_ideal,random,106,0,0.06448335794302906,7.976334270642012,-0.010315556623650468,1.0,54.38987615988759,22
high_vol,E0_ideal,random,107,0,0.1109855346189148,12.997206861204925,-0.0019747810476196115,1.0,75.00054865417118,24
high_vol,E0_ideal,random,108,0,0.04252071782991518,6.633998231891452,-0.010502608182973772,1.0,71.31861755733874,20
high_vol,E0_ideal,random,109,0,0.06172525981887245,8.303957687283377,-0.009987210543004776,1.0,96.90181972542038,24
high_vol,E0_ideal,random,110,0,0.12349739309781893,8.809206162819612,-0.04437224818136898,1.0,35.85953476748202,24
high_vol,E0_ideal,no-trade-band,101,0,0.06461132728963137,8.517906247477253,-0.021624702262241002,1.0,16.142055856578665,7
high_vol,E0_ideal,no-trade-band,102,0,0.05319262460475249,5.3504529337416695,-0.022618751501866763,1.0,27.364683699729213,9
high_vol,E0_ideal,no-trade-band,103,0,0.08402341261396895,10.248292837440024,-0.01310984702464335,1.0,14.696897759200485,9
high_vol,E0_ideal,no-trade-band,104,0,0.1087279043134044,19.69869259519751,-0.004119407265255393,1.0,23.77024842689648,17
high_vol,E0_ideal,no-trade-band,105,0,0.09920128229644698,14.416459432028226,-0.010381050696404825,1.0,19.219904807022612,7
high_vol,E0_ideal,no-trade-band,106,0,0.05940971161017683,7.696789723424725,-0.008086014718278856,1.0,20.44640448675081,10
high_vol,E0_ideal,no-trade-band,107,0,0.11377732383980232,12.944671442613526,-0.0055269045325127,1.0,18.751728399506312,9
high_vol,E0_ideal,no-trade-band,108,0,0.09466084508467332,11.397680719378616,-0.009965775782734831,1.0,14.913586989032076,11
high_vol,E0_ideal,no-trade-band,109,0,0.10193156306500284,12.541001853675974,-0.009574148665421056,1.0,15.18592735602222,12
high_vol,E0_ideal,no-trade-band,110,0,0.11988918606821763,8.732642653873794,-0.045164013675675685,1.0,23.550188284488776,14
high_vol,E1_default_stress,buy-and-hold,101,0,0.02722459155736323,3.7135594121271076,-0.02966090572510205,0.8333333333333334,756.7528278678365,20
high_vol,E1_default_stress,buy-and-hold,102,0,0.08028161032262471,6.2398294672671675,-0.012380859208585115,0.7916666666666666,890.8535778240613,19
high_vol,E1_default_stress,buy-and-hold,103,0,0.09226435166864344,9.594014801610289,-0.020525458735630497,0.7916666666666666,661.7466520026829,19
high_vol,E1_default_stress,buy-and-hold,104,0,0.13212367677370862,12.522789409306894,-0.0017090638555545823,0.875,847.6805301827036,21
high_vol,E1_default_stress,buy-and-hold,105,0,0.16932083699371203,12.40203908363554,-0.0071741160457523545,0.8260869565217391,1161.7357638589144,19
high_vol,E1_default_stress,buy-and-hold,106,0,0.06945119169679703,7.085026082087859,-0.012364022006877917,0.8333333333333334,644.2221645882839,20
high_vol,E1_default_stress,buy-and-hold,107,0,0.13214627404968549,11.576041386616582,-0.013724864497717038,0.875,743.8345686125926,21
high_vol,E1_default_stress,buy-and-hold,108,0,0.07652569273126075,9.1463372141707,-0.010413201579725806,0.875,806.0806302533239,21
high_vol,E1_default_stress,buy-and-hold,109,0,0.12698343544216528,15.110079121124828,-0.0022462027681903196,0.8333333333333334,800.2502439111229,20
high_vol,E1_default_stress,buy-and-hold,110,0,0.13809857646416668,7.181546012633601,-0.056349315242817055,0.782608695652174,1028.7793782929875,18
high_vol,E1_default_stress,signal-weighted,101,0,-0.018317211626546093,-9.234416039799113,-0.018317211626546093,0.7692307692307693,272.5627721395965,10
high_vol,E1_default_stress,signal-weighted,102,0,0.008060781161000286,3.110944266249923,-0.004788405360919623,0.8,173.97861589015636,8
high_vol,E1_default_stress,signal-weighted,103,0,0.0063558099975644655,5.775743770137497,-0.0007693212058395016,0.8,141.66872329712157,8
high_vol,E1_default_stress,signal-weighted,104,0,0.03283906139246473,6.424178866147992,-0.0012049795393332952,0.7692307692307693,333.6344114833717,10
high_vol,E1_default_stress,signal-weighted,105,0,0.007445304930366881,7.890370631334325,-0.0010843683871906151,0.7692307692307693,283.4968231797198,10
high_vol,E1_default_stress,signal-weighted,106,0,0.02109639382974504,5.633017284886059,-0.0024377747596501242,0.7692307692307693,376.0061328066545,10
high_vol,E1_default_stress,signal-weighted,107,0,0.032254510066361375,9.292724790657129,-0.0003754014504213643,0.75,526.9053782717538,12
high_vol,E1_default_stress,signal-weighted,108,0,0.011475912141998057,6.1701838143063386,-0.0010291852304115112,0.7692307692307693,380.9614880270108,10
high_vol,E1_default_stress,signal-weighted,109,0,0.010949697428698446,6.8123358256767546,-0.0005412914899489696,0.8,257.20087553670385,8
high_vol,E1_default_stress,signal-weighted,110,0,0.011730011338145552,6.615244452361334,-0.0006689695730822676,0.8,284.31567820486487,8
high_vol,E1_default_stress,naive-momentum,101,0,0.028429750909114926,2.856914727506814,-0.03101486566912459,0.9090909090909091,863.0191101921747,10
high_vol,E1_default_stress,naive-momentum,102,0,0.03623510711885558,5.360553681950561,-0.00655161103567603,0.8181818181818182,548.1121820786672,9
high_vol,E1_default_stress,naive-momentum,103,0,0.07579765415563111,8.976574924004737,-0.006490391463342959,0.8235294117647058,861.0016554864076,14
high_vol,E1_default_stress,naive-momentum,104,0,0.10926932607434336,12.44617092424299,-0.005281320619471619,0.8181818181818182,867.6268749018866,18
high_vol,E1_default_stress,naive-momentum,105,0,0.10807694822670277,11.336150185431306,-0.01580148310874563,0.85,391.20507636086194,17
high_vol,E1_default_stress,naive-momentum,106,0,0.05471571647470297,5.9697077801253595,-0.0187990428077055,0.85,1163.4232820327031,17
high_vol,E1_default_stress,naive-momentum,107,0,0.06927978484816899,8.555608308899576,-0.012266093993319349,0.85,689.3072381960925,17
high_vol,E1_default_stress,naive-momentum,108,0,0.05759264567955524,6.372412325939934,-0.012770859806751522,0.8181818181818182,882.0969724073459,18
high_vol,E1_default_stress,naive-momentum,109,0,0.09349306430242255,11.44166161922654,-0.00651380409754454,0.8333333333333334,1128.2228513478692,15
high_vol,E1_default_stress,naive-momentum,110,0,0.12110612757928663,9.287308546021737,-0.00856269118852393,0.8571428571428571,1412.786263380435,12
high_vol,E1_default_stress,mean-reversion,101,0,-0.025070644609858528,-6.131952425017442,-0.025070644609858528,0.9090909090909091,488.4737645588273,10
high_vol,E1_default_stress,mean-reversion,102,0,0.05261987990305417,7.012342668797585,-0.00776599301528158,0.6875,588.9663611657226,11
high_vol,E1_default_stress,mean-reversion,103,0,0.034122564570554736,4.6340878962794445,-0.01572680177962349,0.8333333333333334,578.5272903055696,10
high_vol,E1_default_stress,mean-reversion,104,0,-0.0008560278528841891,-4.786344211304793,-0.0008560278528841891,1.0,82.14726197257166,1
high_vol,E1_default_stress,mean-reversion,105,0,0.0488550977886415,6.68229921671881,-0.0028986383920017733,0.6666666666666666,572.2115979766247,4
high_vol,E1_default_stress,mean-reversion,106,0,0.015233511762490437,2.352068077044126,-0.01816247285815087,0.7777777777777778,733.364726046827,7
high_vol,E1_default_stress,mean-reversion,107,0,0.041557434848147334,8.476781457412963,-0.0031450274160207403,0.75,829.4586072788238,6
high_vol,E1_default_stress,mean-reversion,108,0,0.0293620395323686,5.358164358456277,-0.0015543261417388932,0.8333333333333334,419.42743806159723,5
high_vol,E1_default_stress,mean-reversion,109,0,0.022317808547567486,4.190441754880997,-0.008664026619595866,0.8571428571428571,455.7126304188984,6
high_vol,E1_default_stress,mean-reversion,110,0,0.061033230911440306,5.226744889542579,-0.026487483802148493,0.8333333333333334,624.5327685259354,10
high_vol,E1_default_stress,risk-parity,101,0,0.019180774934243416,2.8247312954067745,-0.022223675563686318,0.8695652173913043,1190.937945820934,20
high_vol,E1_default_stress,risk-parity,102,0,0.0410212767436926,4.321440262990341,-0.014397532407830371,0.8333333333333334,1107.5294539911179,20
high_vol,E1_default_stress,risk-parity,103,0,0.0973769551329251,9.607416110958408,-0.0165788344144705,0.7916666666666666,954.4784699606837,19
high_vol,E1_default_stress,risk-parity,104,0,0.13640926947688103,10.944642323539567,-0.010967426141360592,0.8333333333333334,920.6270009119919,20
high_vol,E1_default_stress,risk-parity,105,0,0.10580102107312861,12.340493155247811,-0.005796877507359799,0.875,907.7299707518736,21
high_vol,E1_default_stress,risk-parity,106,0,0.06075130772113857,6.3765767435886955,-0.013185076999272516,0.9166666666666666,998.465544298797,22
high_vol,E1_default_stress,risk-parity,107,0,0.08842809877106794,11.912565318322871,-0.0014729339647555628,0.875,919.5854664439835,21
high_vol,E1_default_stress,risk-parity,108,0,0.06249625781083834,6.346895313206064,-0.01862231279878035,0.8333333333333334,732.5866464853625,20
high_vol,E1_default_stress,risk-parity,109,0,0.11540707001312378,13.862104165455463,-0.010471057609766521,0.875,1195.3266662444778,21
high_vol,E1_default_stress,risk-parity,110,0,0.145237382434944,8.392775869854443,-0.03766222855913748,0.8333333333333334,1356.869467039192,20
high_vol,E1_default_stress,minimum-variance,101,0,0.020637004849502594,2.9543305805448443,-0.02407651079210804,0.875,1175.190674277493,21
high_vol,E1_default_stress,minimum-variance,102,0,0.06390657891289364,6.21476349088304,-0.013228889765974472,0.8333333333333334,960.6841471387041,20
high_vol,E1_default_stress,minimum-variance,103,0,0.09164388094697662,9.593163041630365,-0.0165788344144705,0.7916666666666666,1019.665394548873,19
high_vol,E1_default_stress,minimum-variance,104,0,0.1420744941794594,10.940707741726271,-0.011035685234733972,0.8260869565217391,821.262117756034,19
high_vol,E1_default_stress,minimum-variance,105,0,0.09903107477887785,11.803135383460084,-0.010236588074304498,0.875,860.5711287980483,21
high_vol,E1_default_stress,minimum-variance,106,0,0.08065891274520798,9.058272189355199,-0.008190052634232559,0.9166666666666666,864.8614268972656,22
high_vol,E1_default_stress,minimum-variance,107,0,0.08401287051563822,11.562340283526991,-0.0054846452790695555,0.875,987.7529535549953,21
high_vol,E1_default_stress,minimum-variance,108,0,0.057979376261963145,5.450882680469235,-0.01862231279878035,0.7916666666666666,719.7000842895692,19
high_vol,E1_default_stress,minimum-variance,109,0,0.06939684791758793,11.153206365721859,-0.014702973214228532,0.8695652173913043,1383.713645816364,20
high_vol,E1_default_stress,minimum-variance,110,0,0.10090335612688794,6.864078301381266,-0.03760647001084794,0.7222222222222222,1145.6655605161748,13
high_vol,E1_default_stress,random,101,0,-0.015409408301750971,-1.8938436466612476,-0.04021487122497991,0.6818181818181818,1267.3019774331353,15
high_vol,E1_default_stress,random,102,0,0.06676297530365738,6.388294173063434,-0.015857019270253625,0.9090909090909091,899.7145463254469,20
high_vol,E1_default_stress,random,103,0,0.084159301301036,8.495882069809625,-0.016788601897158473,0.7916666666666666,1090.5229098698762,19
high_vol,E1_default_stress,random,104,0,0.12747121364925107,10.35687244595671,-0.011032436087180741,0.782608695652174,1258.7103144936482,18
high_vol,E1_default_stress,random,105,0,0.13062946975873313,13.44568969755808,-0.008890266544968717,0.8333333333333334,744.1345964443128,20
high_vol,E1_default_stress,random,106,0,0.07782927558630348,8.732603303833695,-0.007809127920304415,0.782608695652174,1469.7717872500227,18
high_vol,E1_default_stress,random,107,0,0.04033893869255256,5.86031729091681,-0.01523934024864193,0.6666666666666666,1568.3531699240361,16
high_vol,E1_default_stress,random,108,0,0.043124219580064294,5.409302263129244,-0.01286083507801028,0.7727272727272727,1183.1755835198915,17
high_vol,E1_default_stress,random,109,0,0.08332124977287347,11.447555842729347,-0.003023364964920505,0.9090909090909091,976.1891150940081,20
high_vol,E1_default_stress,random,110,0,0.15779953123447887,9.258029532483034,-0.03766681765182056,0.875,1155.5622188879595,21
high_vol,E1_default_stress,no-trade-band,101,0,0.015180679916889872,2.1649210564577333,-0.026078769660121348,0.9090909090909091,1174.2741300452751,10
high_vol,E1_default_stress,no-trade-band,102,0,0.04270882290165834,4.6542036789924985,-0.014521486512851345,0.8823529411764706,1057.5218785869895,15
high_vol,E1_default_stress,no-trade-band,103,0,0.09808890163656114,9.58626532966657,-0.0165788344144705,0.9166666666666666,945.71860470346,11
high_vol,E1_default_stress,no-trade-band,104,0,0.13671946000299862,11.005065572741309,-0.010880878608349964,0.875,904.8480253792028,14
high_vol,E1_default_stress,no-trade-band,105,0,0.10420316328901236,12.131563841868767,-0.005770120408629897,0.95,888.4772094097314,19
high_vol,E1_default_stress,no-trade-band,106,0,0.061360895530257586,6.418977739763735,-0.013342046305458433,0.9230769230769231,982.3143336331248,12
high_vol,E1_default_stress,no-trade-band,107,0,0.08915944394462194,12.150671203206826,-0.0012436031454911012,0.8666666666666667,908.1552748367011,13
high_vol,E1_default_stress,no-trade-band,108,0,0.06184425128128268,6.363089895772051,-0.01862231279878035,0.8823529411764706,748.0181692551506,15
high_vol,E1_default_stress,no-trade-band,109,0,0.11417017328877122,14.197205227558454,-0.009598575006452337,0.9166666666666666,1175.8862746565912,11
high_vol,E1_default_stress,no-trade-band,110,0,0.14958913644070804,8.618248748913983,-0.03760647001084794,0.8421052631578947,1324.7094871903607,16
high_vol,E2_spread_20bps,buy-and-hold,101,0,0.024434404318180558,3.3399189048130355,-0.030458671283059457,0.8333333333333334,1036.209256686356,20
high_vol,E2_spread_20bps,buy-and-hold,102,0,0.0770518138042704,5.9937511106817025,-0.013365359631029694,0.7916666666666666,1196.9198252435554,19
high_vol,E2_spread_20bps,buy-and-hold,103,0,0.08926690254687264,9.301181085569851,-0.020521079956042576,0.7916666666666666,948.2736771717717,19
high_vol,E2_spread_20bps,buy-and-hold,104,0,0.1289589011768455,12.186435570583113,-0.002419579407969996,0.9166666666666666,1146.4443801748987,22
high_vol,E2_spread_20bps,buy-and-hold,105,0,0.16578825606856262,12.135475863627109,-0.007544109622137585,0.8333333333333334,1480.5150256292438,20
high_vol,E2_spread_20bps,buy-and-hold,106,0,0.06652570661302093,6.785788644654413,-0.012928945309314765,0.8333333333333334,929.464995159687,20
high_vol,E2_spread_20bps,buy-and-hold,107,0,0.12899240698324665,11.234546710086597,-0.013995450588358826,0.9166666666666666,1037.768182803178,22
high_vol,E2_spread_20bps,buy-and-hold,108,0,0.07349520089584582,8.814139863265648,-0.010736958749313241,0.875,1093.7979127081167,21
high_vol,E2_spread_20bps,buy-and-hold,109,0,0.12386731169168397,14.716296115342374,-0.0029367017298060905,0.875,1089.2878551169863,21
high_vol,E2_spread_20bps,buy-and-hold,110,0,0.13497311800357736,7.035196149011658,-0.05727793403432935,0.782608695652174,1315.0309802881172,18
high_vol,E2_spread_20bps,signal-weighted,101,0,-0.01959957208201535,-9.760496530343527,-0.01959957208201535,0.7692307692307693,401.34014401863726,10
high_vol,E2_spread_20bps,signal-weighted,102,0,0.007382291066789559,2.8146831562893952,-0.005191490963980305,0.8,241.8445638045966,8
high_vol,E2_spread_20bps,signal-weighted,103,0,0.005696785545179939,5.127200083017214,-0.0011549403847368467,0.8,207.56726051219923,8
high_vol,E2_spread_20bps,signal-weighted,104,0,0.031355257206570064,6.110887103260435,-0.001659004264064956,0.7692307692307693,481.7155965092924,10
high_vol,E2_spread_20bps,signal-weighted,105,0,0.0061313481447613505,6.478979645182485,-0.0014416979333666813,0.7692307692307693,414.25782770237265,10
high_vol,E2_spread_20bps,signal-weighted,106,0,0.019829802566226684,5.276379548796868,-0.0026761412331359757,0.7692307692307693,502.59841173632327,10
high_vol,E2_spread_20bps,signal-weighted,107,0,0.030150790994572407,8.832810651651995,-0.0006377458477176967,0.75,736.2620707000013,12
high_vol,E2_spread_20bps,signal-weighted,108,0,0.01001115964002497,5.430714397430934,-0.0013852926742169425,0.7692307692307693,526.8317031230263,10
high_vol,E2_spread_20bps,signal-weighted,109,0,0.01032201557299639,6.714106950615385,-0.0006553351169698018,0.8,319.91290915676836,8
high_vol,E2_spread_20bps,signal-weighted,110,0,0.011013730189610493,6.20927308138117,-0.0007864439572536908,0.8,355.9305501131183,8
high_vol,E2_spread_20bps,naive-momentum,101,0,0.025836584181595512,2.6013768685479013,-0.03138297506231402,0.9090909090909091,1124.3162036659137,10
high_vol,E2_spread_20bps,naive-momentum,102,0,0.03423315193044152,5.1338897159494215,-0.007465673438977194,0.8181818181818182,745.5698984300067,9
high_vol,E2_spread_20bps,naive-momentum,103,0,0.07253853737028093,8.60739271062943,-0.007541982088134058,0.8235294117647058,1175.588927005797,14
high_vol,E2_spread_20bps,naive-momentum,104,0,0.10615998096597346,12.0374809233891,-0.00556734320770913,0.8636363636363636,1169.220291385586,19
high_vol,E2_spread_20bps,naive-momentum,105,0,0.10586491703862677,11.087364291509719,-0.01614902145907393,0.85,604.4981405350529,17
high_vol,E2_spread_20bps,naive-momentum,106,0,0.051117601634629306,5.620399422579616,-0.0197883476680788,0.85,1515.2109852562248,17
high_vol,E2_spread_20bps,naive-momentum,107,0,0.06687135668348732,8.328002000469711,-0.012257293697526594,0.85,923.4630123309483,17
high_vol,E2_spread_20bps,naive-momentum,108,0,0.054094051403265286,6.0140795571371575,-0.013763391574727168,0.8181818181818182,1217.3868761253673,18
high_vol,E2_spread_20bps,naive-momentum,109,0,0.09009560658958815,11.040590516536495,-0.007189956101114503,0.8333333333333334,1452.1850800950842,15
high_vol,E2_spread_20bps,naive-momentum,110,0,0.11755402652899116,9.088355288980898,-0.009302486850333636,0.8571428571428571,1751.7727973985527,12
high_vol,E2_spread_20bps,mean-reversion,101,0,-0.027454972979967684,-6.6870303755763025,-0.027454972979967684,0.9090909090909091,728.5664614768208,10
high_vol,E2_spread_20bps,mean-reversion,102,0,0.05041885414172076,6.711316223540063,-0.008115044770248825,0.625,799.9562818000604,10
high_vol,E2_spread_20bps,mean-reversion,103,0,0.03198201475376217,4.340294677363286,-0.016721441605845433,0.8181818181818182,783.488748242633,9
high_vol,E2_spread_20bps,mean-reversion,104,0,-0.001200793184934934,-4.786344211304794,-0.001200793184934934,1.0,116.62034786904869,1
high_vol,E2_spread_20bps,mean-reversion,105,0,0.04732332042549503,6.468786497236265,-0.0032595632378217276,0.6666666666666666,725.1686990313451,4
high_vol,E2_spread_20bps,mean-reversion,106,0,0.012697373718622451,1.9970881787102885,-0.01922376785708857,0.7777777777777778,988.5787999964996,7
high_vol,E2_spread_20bps,mean-reversion,107,0,0.03932330032649589,8.067716177587547,-0.003513487555986128,0.75,1050.683022299738,6
high_vol,E2_spread_20bps,mean-reversion,108,0,0.02754676010946655,5.0780125502308335,-0.002268375530737554,0.8333333333333334,600.9572274725365,5
high_vol,E2_spread_20bps,mean-reversion,109,0,0.020527702151330818,3.863495997026278,-0.00937036255015189,0.8571428571428571,634.9915609337793,6
high_vol,E2_spread_20bps,mean-reversion,110,0,0.05882941159188171,5.045309225347211,-0.02747615532669878,0.8333333333333334,833.1890210977656,10
high_vol,E2_spread_20bps,risk-parity,101,0,0.01604131268520015,2.3778789888256497,-0.02353670226144411,0.9166666666666666,1503.4966041037003,22
high_vol,E2_spread_20bps,risk-parity,102,0,0.03668435080606525,3.8734966649807716,-0.014787565253298718,0.8333333333333334,1523.3048855449895,20
high_vol,E2_spread_20bps,risk-parity,103,0,0.09421720490123509,9.289158683371635,-0.016583235161813703,0.7916666666666666,1253.223195201062,19
high_vol,E2_spread_20bps,risk-parity,104,0,0.13297572184920914,10.674498561063078,-0.01130347926073183,0.875,1239.9801009762857,21
high_vol,E2_spread_20bps,risk-parity,105,0,0.10180876954527229,11.846683176004015,-0.006321359918756264,0.875,1292.1354772236843,21
high_vol,E2_spread_20bps,risk-parity,106,0,0.05751548949965324,6.054892102178448,-0.01387618792581291,0.875,1308.7372507341709,21
high_vol,E2_spread_20bps,risk-parity,107,0,0.08521792022292174,11.440716347204297,-0.0018881801525589825,0.875,1224.8654087303962,21
high_vol,E2_spread_20bps,risk-parity,108,0,0.059449148415815056,6.065845374595383,-0.01862679752703389,0.8333333333333334,1025.1360180087668,20
high_vol,E2_spread_20bps,risk-parity,109,0,0.11210341261966539,13.475694739030704,-0.010810314495503626,0.875,1508.1555421547641,21
high_vol,E2_spread_20bps,risk-parity,110,0,0.14113443173437745,8.176784394016677,-0.03866008447705904,0.8333333333333334,1722.2317147135652,20
high_vol,E2_spread_20bps,minimum-variance,101,0,0.017623952640027918,2.536067371381613,-0.024964789469724802,0.9166666666666666,1478.4574613746177,22
high_vol,E2_spread_20bps,minimum-variance,102,0,0.060444445776811406,5.878490504566865,-0.013582575173310962,0.8333333333333334,1291.4955664356164,20
high_vol,E2_spread_20bps,minimum-variance,103,0,0.08827086978768106,9.264505438805017,-0.016583235161813703,0.7916666666666666,1338.2184889070968,19
high_vol,E2_spread_20bps,minimum-variance,104,0,0.13865231125590904,10.66477700125544,-0.011395868890374361,0.8695652173913043,1138.8054286147649,20
high_vol,E2_spread_20bps,minimum-variance,105,0,0.09520422117271976,11.347528930480998,-0.010315268659844667,0.875,1230.622334366895,21
high_vol,E2_spread_20bps,minimum-variance,106,0,0.07747276221809973,8.693354095302649,-0.008199524432269345,0.875,1170.8023464689702,21
high_vol,E2_spread_20bps,minimum-variance,107,0,0.08080022906259576,11.15577176865865,-0.005806430460949197,0.875,1300.4660299612576,21
high_vol,E2_spread_20bps,minimum-variance,108,0,0.054785024780177105,5.137980728384172,-0.01862679752703389,0.7916666666666666,1025.1389006573866,19
high_vol,E2_spread_20bps,minimum-variance,109,0,0.06504149173085016,10.456036916601356,-0.015328491273367106,0.8695652173913043,1792.1668690280171,20
high_vol,E2_spread_20bps,minimum-variance,110,0,0.09721102236116974,6.62856645654822,-0.038595574734859306,0.7222222222222222,1488.480133905254,13
high_vol,E2_spread_20bps,random,101,0,-0.019293847267232156,-2.365181266396391,-0.04212772085630567,0.6818181818181818,1668.6839857597022,15
high_vol,E2_spread_20bps,random,102,0,0.0631841087654812,6.025726914262263,-0.016224482280786878,0.9047619047619048,1246.4397684697906,19
high_vol,E2_spread_20bps,random,103,0,0.08023237695473862,8.114754972044878,-0.016898030049742885,0.7916666666666666,1459.3780546371831,19
high_vol,E2_spread_20bps,random,104,0,0.12299679756956317,10.000083841547163,-0.011398036538189382,0.782608695652174,1682.0669570220248,18
high_vol,E2_spread_20bps,random,105,0,0.12704999088614688,13.09406361975402,-0.009107822223725859,0.8333333333333334,1068.3194025682947,20
high_vol,E2_spread_20bps,random,106,0,0.072733758712622,8.1481599715031,-0.008162779063079495,0.782608695652174,1974.2639296980033,18
high_vol,E2_spread_20bps,random,107,0,0.035309656993206096,5.122327678086625,-0.01685760488140342,0.75,2079.9197125530304,18
high_vol,E2_spread_20bps,random,108,0,0.03884949028983242,4.919086361897951,-0.013853334374313908,0.8181818181818182,1603.2603552180524,18
high_vol,E2_spread_20bps,random,109,0,0.08034418510307928,11.051250150356221,-0.0032480104113482566,0.9090909090909091,1265.468767417058,20
high_vol,E2_spread_20bps,random,110,0,0.15409934478346687,9.059522282009294,-0.0388273452602822,0.8333333333333334,1483.0433376642543,20
high_vol,E2_spread_20bps,no-trade-band,101,0,0.012132764977513144,1.745567746896159,-0.027351567925771425,1.0,1473.6983576375067,11
high_vol,E2_spread_20bps,no-trade-band,102,0,0.038613169662633506,4.217448176224072,-0.014881201214547168,0.8823529411764706,1451.5445643587896,15
high_vol,E2_spread_20bps,no-trade-band,103,0,0.09497361711105556,9.276010400967051,-0.016583235161813703,0.9166666666666666,1240.0861518323243,11
high_vol,E2_spread_20bps,no-trade-band,104,0,0.13334784502119468,10.737829364857866,-0.011231829666767057,0.9375,1218.3167584482646,15
high_vol,E2_spread_20bps,no-trade-band,105,0,0.10028841209102035,11.63741491998897,-0.0062738132885167275,0.95,1268.3434777015755,19
high_vol,E2_spread_20bps,no-trade-band,106,0,0.05817657317008962,6.1007102382194525,-0.014013058167165249,0.8461538461538461,1285.4899875795827,11
high_vol,E2_spread_20bps,no-trade-band,107,0,0.0859681549214728,11.665942409168698,-0.0015913229063823087,0.8666666666666667,1212.9741479773313,13
high_vol,E2_spread_20bps,no-trade-band,108,0,0.05880030156610583,6.084495451478764,-0.01862679752703389,0.8823529411764706,1041.3231024285758,15
high_vol,E2_spread_20bps,no-trade-band,109,0,0.11093407832507851,13.796865112625643,-0.009925952882972822,0.9166666666666666,1478.0835212309955,11
high_vol,E2_spread_20bps,no-trade-band,110,0,0.14561328893832592,8.410960328667125,-0.038595574734859306,0.8421052631578947,1682.1018233514205,16
high_vol,E2_latency_3,buy-and-hold,101,0,0.05023993047180242,6.589355687617317,-0.015881883273162645,0.4583333333333333,391.80807632731455,11
high_vol,E2_latency_3,buy-and-hold,102,0,0.05418924570994865,6.114579992912087,-0.014183598429839517,0.43478260869565216,398.0424319333933,10
high_vol,E2_latency_3,buy-and-hold,103,0,0.10115459909593771,16.445434103902283,-0.0019301173157745266,0.4583333333333333,412.3806254059544,11
high_vol,E2_latency_3,buy-and-hold,104,0,0.0786135360986644,9.693728793136435,-0.011292960548761832,0.5,703.9648008024191,12
high_vol,E2_latency_3,buy-and-hold,105,0,0.11169319733957295,8.30724633538456,-0.02329198311684111,0.5,725.7205042116267,12
high_vol,E2_latency_3,buy-and-hold,106,0,0.04489387025831415,5.249096235173668,-0.007255785172694873,0.5,546.0908716011471,12
high_vol,E2_latency_3,buy-and-hold,107,0,0.07754697114654352,7.0289130338377115,-0.013319621920366176,0.5,716.6782061853928,12
high_vol,E2_latency_3,buy-and-hold,108,0,0.09693642141110637,7.758414043019935,-0.009841652508089771,0.5,411.82788730545116,12
high_vol,E2_latency_3,buy-and-hold,109,0,0.08567401252738005,9.707957275374874,-0.01000785323870168,0.4583333333333333,429.2892538150614,11
high_vol,E2_latency_3,buy-and-hold,110,0,0.2421561601026514,17.250711048999595,-0.003075574420327354,0.4583333333333333,986.734531086511,11
high_vol,E2_latency_3,signal-weighted,101,0,-0.004357877372044627,-3.350423355303652,-0.004939768022184432,0.4166666666666667,135.65789517702828,5
high_vol,E2_latency_3,signal-weighted,102,0,-0.0025321761686369904,-6.194550184397329,-0.0025321761686369904,0.4,94.94853884574697,4
high_vol,E2_latency_3,signal-weighted,103,0,-0.000557270230024165,-7.113259097750817,-0.000557270230024165,0.4,48.55764985277416,4
high_vol,E2_latency_3,signal-weighted,104,0,0.017989225608018078,8.329440974459583,-0.0011037525825309258,0.3076923076923077,243.9199673913576,4
high_vol,E2_latency_3,signal-weighted,105,0,0.004951764676083048,2.3513313063743553,-0.0055784179147519986,0.3076923076923077,182.69951785369702,4
high_vol,E2_latency_3,signal-weighted,106,0,0.0247141217671758,3.9457104170570476,-0.013489420263290253,0.3076923076923077,325.66826474893617,4
high_vol,E2_latency_3,signal-weighted,107,0,0.06009494804408333,6.539807866135533,-0.013165863938009559,0.29411764705882354,413.4699308671148,5
high_vol,E2_latency_3,signal-weighted,108,0,0.01642780368814023,2.700707781193883,-0.013076929982464347,0.42857142857142855,159.756913130812,6
high_vol,E2_latency_3,signal-weighted,109,0,0.002965710527311538,4.258205304839475,-0.0003206094135267401,0.4444444444444444,87.11329313683264,4
high_vol,E2_latency_3,signal-weighted,110,0,-0.000277800514953519,-2.6668587806243513,-0.0004505551114569739,0.4,84.23054709256469,4
high_vol,E2_latency_3,naive-momentum,101,0,0.09447412042363657,6.543902330464328,-0.008091643151077466,0.5454545454545454,632.425136227968,6
high_vol,E2_latency_3,naive-momentum,102,0,-0.01415726350805746,-1.769413069466577,-0.03112506135714288,0.25,166.43633833540088,3
high_vol,E2_latency_3,naive-momentum,103,0,0.07564055512914125,9.454924842695792,-0.003162202922059265,0.5333333333333333,460.4740994578328,8
high_vol,E2_latency_3,naive-momentum,104,0,0.06410579594945043,10.611780290335643,-0.0035724079789251073,0.5,579.3365372656937,11
high_vol,E2_latency_3,naive-momentum,105,0,0.0766014468073033,7.954597428963903,-0.01876544892377041,0.47619047619047616,605.6066920769022,10
high_vol,E2_latency_3,naive-momentum,106,0,0.024816482190321176,2.907224980523335,-0.017851108178803643,0.4444444444444444,641.7500450672757,8
high_vol,E2_latency_3,naive-momentum,107,0,0.05608864308356187,6.003859741011603,-0.012691869970304803,0.38095238095238093,831.2691544874239,8
high_vol,E2_latency_3,naive-momentum,108,0,0.09261039958871953,10.399624404262019,-0.0010079108215736987,0.55,477.9617228868289,11
high_vol,E2_latency_3,naive-momentum,109,0,0.12586943110389948,11.003112008049628,-0.0011629083936526285,0.5555555555555556,817.1811636590076,10
high_vol,E2_latency_3,naive-momentum,110,0,0.1164396411161297,9.689914325697654,-0.0011671779869196763,0.35714285714285715,475.05404359396766,5
high_vol,E2_latency_3,mean-reversion,101,0,-0.022742163425141793,-3.2144837558917,-0.03154734329693887,0.5454545454545454,420.307449774116,6
high_vol,E2_latency_3,mean-reversion,102,0,0.06834908551067498,9.842500830517254,-0.00951393889288532,0.42857142857142855,628.0440050124943,9
high_vol,E2_latency_3,mean-reversion,103,0,0.07770893964464398,10.994463028308065,-0.0023552005599986048,0.47058823529411764,713.0939431258649,8
high_vol,E2_latency_3,mean-reversion,104,0,0.0,0.0,0.0,0.0,0.0,0
high_vol,E2_latency_3,mean-reversion,105,0,0.03136091253021478,4.747838803988334,-0.013867285693665576,0.42857142857142855,546.6849478632512,3
high_vol,E2_latency_3,mean-reversion,106,0,0.025309424792704815,3.9550693488557194,-0.007786281170205411,0.46153846153846156,583.1782816701498,6
high_vol,E2_latency_3,mean-reversion,107,0,0.06287462349738782,8.795872348868757,-0.004197308942644362,0.5,418.8185154788688,4
high_vol,E2_latency_3,mean-reversion,108,0,0.059348781930036454,7.1748691248496295,-0.005834480062572811,0.5,455.03937254346806,4
high_vol,E2_latency_3,mean-reversion,109,0,-0.008222978369999856,-1.0271571815189875,-0.0393268555184344,0.5,712.8947685426998,5
high_vol,E2_latency_3,mean-reversion,110,0,0.15071308544677864,12.033461917881967,-0.0034394425348442947,0.5,1113.341675312028,9
high_vol,E2_latency_3,risk-parity,101,0,0.07840431303848594,6.95346145188,-0.01431255408368004,0.4583333333333333,451.6222338597566,11
high_vol,E2_latency_3,risk-parity,102,0,0.09677579850677454,11.111244398835524,-0.009314334682635095,0.375,300.3456924589666,9
high_vol,E2_latency_3,risk-parity,103,0,0.11606454737949479,14.968132251315936,-0.004161174837202464,0.5,628.5451227107084,12
high_vol,E2_latency_3,risk-parity,104,0,0.07430134020253232,10.77039776724928,-0.004212385061020174,0.5,737.31261482957,12
high_vol,E2_latency_3,risk-parity,105,0,0.07405340276919081,7.1051837102214925,-0.02010219875899799,0.375,566.2947613991819,9
high_vol,E2_latency_3,risk-parity,106,0,0.0554713841997585,4.733640961034899,-0.018668387156429045,0.5416666666666666,549.8071893747091,13
high_vol,E2_latency_3,risk-parity,107,0,0.12972080863682178,9.525420967709158,-0.006816035577801971,0.5,509.44250932622464,12
high_vol,E2_latency_3,risk-parity,108,0,0.09702616875253156,9.939634140457237,-0.0016953123044801677,0.4583333333333333,532.3297301839164,11
high_vol,E2_latency_3,risk-parity,109,0,0.11476443419810844,11.197445993097324,-0.004572638304201848,0.5,517.5530689434179,12
high_vol,E2_latency_3,risk-parity,110,0,0.19384462189445673,15.693311082452512,-0.0035888316714292046,0.4583333333333333,969.2755429961604,11
high_vol,E2_latency_3,minimum-variance,101,0,0.07939382655157767,7.046276832889747,-0.013620146974828384,0.4583333333333333,438.06321534549295,11
high_vol,E2_latency_3,minimum-variance,102,0,0.09628536627342221,11.056617196003499,-0.009438617323755616,0.375,300.04683459471926,9
high_vol,E2_latency_3,minimum-variance,103,0,0.11606454737949479,14.968132251315936,-0.004161174837202464,0.5,628.5451227107084,12
high_vol,E2_latency_3,minimum-variance,104,0,0.07430134020253232,10.77039776724928,-0.004212385061020174,0.5217391304347826,737.31261482957,12
high_vol,E2_latency_3,minimum-variance,105,0,0.09287149230007752,8.571157709285549,-0.02010219875899799,0.4166666666666667,596.2212973560455,10
high_vol,E2_latency_3,minimum-variance,106,0,0.0554713841997585,4.733640961034899,-0.018668387156429045,0.5416666666666666,549.8071893747091,13
high_vol,E2_latency_3,minimum-variance,107,0,0.12972080863682178,9.525420967709158,-0.006816035577801971,0.5454545454545454,509.44250932622464,12
high_vol,E2_latency_3,minimum-variance,108,0,0.09701591092809259,9.939933885444814,-0.0016953123044801677,0.4782608695652174,533.2201727539112,11
high_vol,E2_latency_3,minimum-variance,109,0,0.11195540187033415,11.069821107045952,-0.0038619731660916035,0.5217391304347826,514.5236954936762,12
high_vol,E2_latency_3,minimum-variance,110,0,0.1533723438462007,15.776555093375336,-0.003075574420327354,0.35,1003.2090824530352,7
high_vol,E2_latency_3,random,101,0,0.06826709663243258,7.439813693043616,-0.0036808426683015982,0.4090909090909091,629.1632406480212,9
high_vol,E2_latency_3,random,102,0,0.04009576002518056,6.974755550794515,-0.010259439916472712,0.3,559.2916506191891,6
high_vol,E2_latency_3,random,103,0,0.07160755245265715,10.876037347893892,-0.0019301173157747487,0.4166666666666667,773.7967445024691,10
high_vol,E2_latency_3,random,104,0,0.07403773259135171,10.708467263912722,-0.004212385061020174,0.5,800.5680514438524,12
high_vol,E2_latency_3,random,105,0,0.10719525562574361,9.75108970035998,-0.020405310399397747,0.5,523.4681425254203,12
high_vol,E2_latency_3,random,106,0,0.05475545468143883,3.711252212525885,-0.030141809343733783,0.5652173913043478,823.2362079717523,13
high_vol,E2_latency_3,random,107,0,0.13138233079986872,9.703603011323445,-0.006816035577801971,0.5454545454545454,605.4345586629948,12
high_vol,E2_latency_3,random,108,0,0.0898413418575057,10.3550360813983,-0.0009378377939263105,0.3684210526315789,657.4296647889787,7
high_vol,E2_latency_3,random,109,0,0.10262417977682192,12.170642327395425,-0.0029939621985928255,0.5714285714285714,557.8670952905836,12
high_vol,E2_latency_3,random,110,0,0.18823501277656152,15.465459271836972,-0.006861169260633515,0.5,888.1418009791182,12
high_vol,E2_latency_3,no-trade-band,101,0,0.0808914213416061,7.253573005597351,-0.012069984560004632,0.375,422.6867188837265,6
high_vol,E2_latency_3,no-trade-band,102,0,0.0924962723590177,11.032954663152905,-0.009267932575682813,0.3333333333333333,263.59083923431575,5
high_vol,E2_latency_3,no-trade-band,103,0,0.11568493386266443,15.044591073205753,-0.003669380223084051,0.4375,613.981983632879,7
high_vol,E2_latency_3,no-trade-band,104,0,0.07431035259609398,10.772645044148154,-0.004212385061020174,0.5238095238095238,736.4482501814093,11
high_vol,E2_latency_3,no-trade-band,105,0,0.07405340276919081,7.1051837102214925,-0.02010219875899799,0.391304347826087,566.2947613991819,9
high_vol,E2_latency_3,no-trade-band,106,0,0.05577570936950149,4.76685771410923,-0.018668387156429045,0.5625,541.2351777366092,9
high_vol,E2_latency_3,no-trade-band,107,0,0.1297004363828933,9.540159660840413,-0.006816035577801971,0.5,478.00916222551905,8
high_vol,E2_latency_3,no-trade-band,108,0,0.0970378914144534,9.94102609202076,-0.0016953123044801677,0.5263157894736842,531.2173943191914,10
high_vol,E2_latency_3,no-trade-band,109,0,0.1123567355823627,11.05495397330541,-0.0039033549624382102,0.4666666666666667,481.85649821776076,7
high_vol,E2_latency_3,no-trade-band,110,0,0.1982334495494753,15.498298584769827,-0.00555762828778561,0.4,902.9737065059206,6
high_vol,E2_participation_1pct,buy-and-hold,101,0,0.02722459155736323,3.7135594121271076,-0.02966090572510205,0.8333333333333334,756.7528278678365,20
high_vol,E2_participation_1pct,buy-and-hold,102,0,0.08028161032262471,6.2398294672671675,-0.012380859208585115,0.7916666666666666,890.8535778240613,19
high_vol,E2_participation_1pct,buy-and-hold,103,0,0.09226435166864344,9.594014801610289,-0.020525458735630497,0.7916666666666666,661.7466520026829,19
high_vol,E2_participation_1pct,buy-and-hold,104,0,0.13212367677370862,12.522789409306894,-0.0017090638555545823,0.875,847.6805301827036,21
high_vol,E2_participation_1pct,buy-and-hold,105,0,0.16932083699371203,12.40203908363554,-0.0071741160457523545,0.8260869565217391,1161.7357638589144,19
high_vol,E2_participation_1pct,buy-and-hold,106,0,0.06945119169679703,7.085026082087859,-0.012364022006877917,0.8333333333333334,644.2221645882839,20
high_vol,E2_participation_1pct,buy-and-hold,107,0,0.13214627404968549,11.576041386616582,-0.013724864497717038,0.875,743.8345686125926,21
high_vol,E2_participation_1pct,buy-and-hold,108,0,0.07652569273126075,9.1463372141707,-0.010413201579725806,0.875,806.0806302533239,21
high_vol,E2_participation_1pct,buy-and-hold,109,0,0.12698343544216528,15.110079121124828,-0.0022462027681903196,0.8333333333333334,800.2502439111229,20
high_vol,E2_participation_1pct,buy-and-hold,110,0,0.13809857646416668,7.181546012633601,-0.056349315242817055,0.782608695652174,1028.7793782929875,18
high_vol,E2_participation_1pct,signal-weighted,101,0,-0.018317211626546093,-9.234416039799113,-0.018317211626546093,0.7692307692307693,272.5627721395965,10
high_vol,E2_participation_1pct,signal-weighted,102,0,0.008060781161000286,3.110944266249923,-0.004788405360919623,0.8,173.97861589015636,8
high_vol,E2_participation_1pct,signal-weighted,103,0,0.0063558099975644655,5.775743770137497,-0.0007693212058395016,0.8,141.66872329712157,8
high_vol,E2_participation_1pct,signal-weighted,104,0,0.03283906139246473,6.424178866147992,-0.0012049795393332952,0.7692307692307693,333.6344114833717,10
high_vol,E2_participation_1pct,signal-weighted,105,0,0.007445304930366881,7.890370631334325,-0.0010843683871906151,0.7692307692307693,283.4968231797198,10
high_vol,E2_participation_1pct,signal-weighted,106,0,0.02109639382974504,5.633017284886059,-0.0024377747596501242,0.7692307692307693,376.0061328066545,10
high_vol,E2_participation_1pct,signal-weighted,107,0,0.032254510066361375,9.292724790657129,-0.0003754014504213643,0.75,526.9053782717538,12
high_vol,E2_participation_1pct,signal-weighted,108,0,0.011475912141998057,6.1701838143063386,-0.0010291852304115112,0.7692307692307693,380.9614880270108,10
high_vol,E2_participation_1pct,signal-weighted,109,0,0.010949697428698446,6.8123358256767546,-0.0005412914899489696,0.8,257.20087553670385,8
high_vol,E2_participation_1pct,signal-weighted,110,0,0.011730011338145552,6.615244452361334,-0.0006689695730822676,0.8,284.31567820486487,8
high_vol,E2_participation_1pct,naive-momentum,101,0,0.028429750909114926,2.856914727506814,-0.03101486566912459,0.9090909090909091,863.0191101921747,10
high_vol,E2_participation_1pct,naive-momentum,102,0,0.03623510711885558,5.360553681950561,-0.00655161103567603,0.8181818181818182,548.1121820786672,9
high_vol,E2_participation_1pct,naive-momentum,103,0,0.07579765415563111,8.976574924004737,-0.006490391463342959,0.8235294117647058,861.0016554864076,14
high_vol,E2_participation_1pct,naive-momentum,104,0,0.10926932607434336,12.44617092424299,-0.005281320619471619,0.8181818181818182,867.6268749018866,18
high_vol,E2_participation_1pct,naive-momentum,105,0,0.10807694822670277,11.336150185431306,-0.01580148310874563,0.85,391.20507636086194,17
high_vol,E2_participation_1pct,naive-momentum,106,0,0.05471571647470297,5.9697077801253595,-0.0187990428077055,0.85,1163.4232820327031,17
high_vol,E2_participation_1pct,naive-momentum,107,0,0.06927978484816899,8.555608308899576,-0.012266093993319349,0.85,689.3072381960925,17
high_vol,E2_participation_1pct,naive-momentum,108,0,0.05759264567955524,6.372412325939934,-0.012770859806751522,0.8181818181818182,882.0969724073459,18
high_vol,E2_participation_1pct,naive-momentum,109,0,0.09349306430242255,11.44166161922654,-0.00651380409754454,0.8333333333333334,1128.2228513478692,15
high_vol,E2_participation_1pct,naive-momentum,110,0,0.12110612757928663,9.287308546021737,-0.00856269118852393,0.8571428571428571,1412.786263380435,12
high_vol,E2_participation_1pct,mean-reversion,101,0,-0.025070644609858528,-6.131952425017442,-0.025070644609858528,0.9090909090909091,488.4737645588273,10
high_vol,E2_participation_1pct,mean-reversion,102,0,0.05261987990305417,7.012342668797585,-0.00776599301528158,0.6875,588.9663611657226,11
high_vol,E2_participation_1pct,mean-reversion,103,0,0.034122564570554736,4.6340878962794445,-0.01572680177962349,0.8333333333333334,578.5272903055696,10
high_vol,E2_participation_1pct,mean-reversion,104,0,-0.0008560278528841891,-4.786344211304793,-0.0008560278528841891,1.0,82.14726197257166,1
high_vol,E2_participation_1pct,mean-reversion,105,0,0.0488550977886415,6.68229921671881,-0.0028986383920017733,0.6666666666666666,572.2115979766247,4
high_vol,E2_participation_1pct,mean-reversion,106,0,0.015233511762490437,2.352068077044126,-0.01816247285815087,0.7777777777777778,733.364726046827,7
high_vol,E2_participation_1pct,mean-reversion,107,0,0.041557434848147334,8.476781457412963,-0.0031450274160207403,0.75,829.4586072788238,6
high_vol,E2_participation_1pct,mean-reversion,108,0,0.0293620395323686,5.358164358456277,-0.0015543261417388932,0.8333333333333334,419.42743806159723,5
high_vol,E2_participation_1pct,mean-reversion,109,0,0.022317808547567486,4.190441754880997,-0.008664026619595866,0.8571428571428571,455.7126304188984,6
high_vol,E2_participation_1pct,mean-reversion,110,0,0.061033230911440306,5.226744889542579,-0.026487483802148493,0.8333333333333334,624.5327685259354,10
high_vol,E2_participation_1pct,risk-parity,101,0,0.019180774934243416,2.8247312954067745,-0.022223675563686318,0.8695652173913043,1190.937945820934,20
high_vol,E2_participation_1pct,risk-parity,102,0,0.0410212767436926,4.321440262990341,-0.014397532407830371,0.8333333333333334,1107.5294539911179,20
high_vol,E2_participation_1pct,risk-parity,103,0,0.0973769551329251,9.607416110958408,-0.0165788344144705,0.7916666666666666,954.4784699606837,19
high_vol,E2_participation_1pct,risk-parity,104,0,0.13640926947688103,10.944642323539567,-0.010967426141360592,0.8333333333333334,920.6270009119919,20
high_vol,E2_participation_1pct,risk-parity,105,0,0.10580102107312861,12.340493155247811,-0.005796877507359799,0.875,907.7299707518736,21
high_vol,E2_participation_1pct,risk-parity,106,0,0.06075130772113857,6.3765767435886955,-0.013185076999272516,0.9166666666666666,998.465544298797,22
high_vol,E2_participation_1pct,risk-parity,107,0,0.08842809877106794,11.912565318322871,-0.0014729339647555628,0.875,919.5854664439835,21
high_vol,E2_participation_1pct,risk-parity,108,0,0.06249625781083834,6.346895313206064,-0.01862231279878035,0.8333333333333334,732.5866464853625,20
high_vol,E2_participation_1pct,risk-parity,109,0,0.11540707001312378,13.862104165455463,-0.010471057609766521,0.875,1195.3266662444778,21
high_vol,E2_participation_1pct,risk-parity,110,0,0.145237382434944,8.392775869854443,-0.03766222855913748,0.8333333333333334,1356.869467039192,20
high_vol,E2_participation_1pct,minimum-variance,101,0,0.020637004849502594,2.9543305805448443,-0.02407651079210804,0.875,1175.190674277493,21
high_vol,E2_participation_1pct,minimum-variance,102,0,0.06390657891289364,6.21476349088304,-0.013228889765974472,0.8333333333333334,960.6841471387041,20
high_vol,E2_participation_1pct,minimum-variance,103,0,0.09164388094697662,9.593163041630365,-0.0165788344144705,0.7916666666666666,1019.665394548873,19
high_vol,E2_participation_1pct,minimum-variance,104,0,0.1420744941794594,10.940707741726271,-0.011035685234733972,0.8260869565217391,821.262117756034,19
high_vol,E2_participation_1pct,minimum-variance,105,0,0.09903107477887785,11.803135383460084,-0.010236588074304498,0.875,860.5711287980483,21
high_vol,E2_participation_1pct,minimum-variance,106,0,0.08065891274520798,9.058272189355199,-0.008190052634232559,0.9166666666666666,864.8614268972656,22
high_vol,E2_participation_1pct,minimum-variance,107,0,0.08401287051563822,11.562340283526991,-0.0054846452790695555,0.875,987.7529535549953,21
high_vol,E2_participation_1pct,minimum-variance,108,0,0.057979376261963145,5.450882680469235,-0.01862231279878035,0.7916666666666666,719.7000842895692,19
high_vol,E2_participation_1pct,minimum-variance,109,0,0.06939684791758793,11.153206365721859,-0.014702973214228532,0.8695652173913043,1383.713645816364,20
high_vol,E2_participation_1pct,minimum-variance,110,0,0.10090335612688794,6.864078301381266,-0.03760647001084794,0.7222222222222222,1145.6655605161748,13
high_vol,E2_participation_1pct,random,101,0,-0.015409408301750971,-1.8938436466612476,-0.04021487122497991,0.6818181818181818,1267.3019774331353,15
high_vol,E2_participation_1pct,random,102,0,0.06676297530365738,6.388294173063434,-0.015857019270253625,0.9090909090909091,899.7145463254469,20
high_vol,E2_participation_1pct,random,103,0,0.084159301301036,8.495882069809625,-0.016788601897158473,0.7916666666666666,1090.5229098698762,19
high_vol,E2_participation_1pct,random,104,0,0.12747121364925107,10.35687244595671,-0.011032436087180741,0.782608695652174,1258.7103144936482,18
high_vol,E2_participation_1pct,random,105,0,0.13062946975873313,13.44568969755808,-0.008890266544968717,0.8333333333333334,744.1345964443128,20
high_vol,E2_participation_1pct,random,106,0,0.07782927558630348,8.732603303833695,-0.007809127920304415,0.782608695652174,1469.7717872500227,18
high_vol,E2_participation_1pct,random,107,0,0.04033893869255256,5.86031729091681,-0.01523934024864193,0.6666666666666666,1568.3531699240361,16
high_vol,E2_participation_1pct,random,108,0,0.043124219580064294,5.409302263129244,-0.01286083507801028,0.7727272727272727,1183.1755835198915,17
high_vol,E2_participation_1pct,random,109,0,0.08332124977287347,11.447555842729347,-0.003023364964920505,0.9090909090909091,976.1891150940081,20
high_vol,E2_participation_1pct,random,110,0,0.15779953123447887,9.258029532483034,-0.03766681765182056,0.875,1155.5622188879595,21
high_vol,E2_participation_1pct,no-trade-band,101,0,0.015180679916889872,2.1649210564577333,-0.026078769660121348,0.9090909090909091,1174.2741300452751,10
high_vol,E2_participation_1pct,no-trade-band,102,0,0.04270882290165834,4.6542036789924985,-0.014521486512851345,0.8823529411764706,1057.5218785869895,15
high_vol,E2_participation_1pct,no-trade-band,103,0,0.09808890163656114,9.58626532966657,-0.0165788344144705,0.9166666666666666,945.71860470346,11
high_vol,E2_participation_1pct,no-trade-band,104,0,0.13671946000299862,11.005065572741309,-0.010880878608349964,0.875,904.8480253792028,14
high_vol,E2_participation_1pct,no-trade-band,105,0,0.10420316328901236,12.131563841868767,-0.005770120408629897,0.95,888.4772094097314,19
high_vol,E2_participation_1pct,no-trade-band,106,0,0.061360895530257586,6.418977739763735,-0.013342046305458433,0.9230769230769231,982.3143336331248,12
high_vol,E2_participation_1pct,no-trade-band,107,0,0.08915944394462194,12.150671203206826,-0.0012436031454911012,0.8666666666666667,908.1552748367011,13
high_vol,E2_participation_1pct,no-trade-band,108,0,0.06184425128128268,6.363089895772051,-0.01862231279878035,0.8823529411764706,748.0181692551506,15
high_vol,E2_participation_1pct,no-trade-band,109,0,0.11417017328877122,14.197205227558454,-0.009598575006452337,0.9166666666666666,1175.8862746565912,11
high_vol,E2_participation_1pct,no-trade-band,110,0,0.14958913644070804,8.618248748913983,-0.03760647001084794,0.8421052631578947,1324.7094871903607,16
high_vol,E2_harsh_corner,buy-and-hold,101,0,0.04831937980781298,6.304842195521313,-0.01665141285174021,0.5,588.9666579781964,12
high_vol,E2_harsh_corner,buy-and-hold,102,0,0.05242457316924232,5.903396965159969,-0.014483337928607565,0.4166666666666667,574.9225629277354,10
high_vol,E2_harsh_corner,buy-and-hold,103,0,0.09926266607325873,16.15135386743105,-0.0026438305030588305,0.4583333333333333,592.3059822268691,11
high_vol,E2_harsh_corner,buy-and-hold,104,0,0.07668148998098667,9.444628609153686,-0.011276140829240888,0.5416666666666666,887.6975413792774,13
high_vol,E2_harsh_corner,buy-and-hold,105,0,0.10971669465163436,8.174141796854551,-0.023287894806959253,0.5,909.5475997624122,12
high_vol,E2_harsh_corner,buy-and-hold,106,0,0.04302927179180749,5.027457464205891,-0.007428918464884915,0.5,730.5403184631997,12
high_vol,E2_harsh_corner,buy-and-hold,107,0,0.07557700225210162,6.822416001475917,-0.013588725821755965,0.5,909.0944882326688,12
high_vol,E2_harsh_corner,buy-and-hold,108,0,0.0950097618083332,7.604231204565991,-0.009815521574310426,0.5,589.239382329991,12
high_vol,E2_harsh_corner,buy-and-hold,109,0,0.08370176044463484,9.48869859189739,-0.010010973508924659,0.5,615.1987902264447,12
high_vol,E2_harsh_corner,buy-and-hold,110,0,0.24009140748451596,17.126715329677705,-0.003753049982813117,0.4583333333333333,1179.6175151701148,11
high_vol,E2_harsh_corner,signal-weighted,101,0,-0.005248021452829654,-4.076133193118355,-0.005296336069999907,0.4166666666666667,224.72952398748131,5
high_vol,E2_harsh_corner,signal-weighted,102,0,-0.0027863929868584547,-6.314713533369241,-0.0027863929868584547,0.4,120.36767875390859,4
high_vol,E2_harsh_corner,signal-weighted,103,0,-0.0008119727624200657,-7.130902984245273,-0.0008119727624200657,0.4,74.02535632171211,4
high_vol,E2_harsh_corner,signal-weighted,104,0,0.017047110016516154,7.967047413378549,-0.0014795921671678647,0.3076923076923077,338.16471378641216,4
high_vol,E2_harsh_corner,signal-weighted,105,0,0.0040648018871209946,1.9804059938507095,-0.005580501116082881,0.3076923076923077,271.36817887971523,4
high_vol,E2_harsh_corner,signal-weighted,106,0,0.02375985178637019,3.8083218837888104,-0.013494711896244072,0.3076923076923077,421.13875718772107,4
high_vol,E2_harsh_corner,signal-weighted,107,0,0.058403995009566945,6.3261348399580335,-0.01394228561264621,0.29411764705882354,582.5659447443448,5
high_vol,E2_harsh_corner,signal-weighted,108,0,0.015453071539490715,2.5457379300871055,-0.013081805857210194,0.42857142857142855,257.1403168478119,6
high_vol,E2_harsh_corner,signal-weighted,109,0,0.002710234089984498,4.024965947780012,-0.0004392579203275071,0.4444444444444444,112.65838236064434,4
high_vol,E2_harsh_corner,signal-weighted,110,0,-0.0005451266220212192,-4.4765478594451,-0.0005785380086007486,0.4,110.96048480554701,4
high_vol,E2_harsh_corner,naive-momentum,101,0,0.09226788698071964,6.387793281483177,-0.008628840106178148,0.5454545454545454,848.4331378060775,6
high_vol,E2_harsh_corner,naive-momentum,102,0,-0.015157479199610857,-1.9115523692527276,-0.03112506135714277,0.3333333333333333,269.6710956462297,4
high_vol,E2_harsh_corner,naive-momentum,103,0,0.07414597487746977,9.252465019559702,-0.003547906225865871,0.5333333333333333,603.239704483857,8
high_vol,E2_harsh_corner,naive-momentum,104,0,0.06214565580602227,10.280407462912288,-0.003955681119946264,0.5,765.082306652229,11
high_vol,E2_harsh_corner,naive-momentum,105,0,0.07461636684309658,7.779723274534271,-0.018891853002294345,0.47619047619047616,796.9283316387243,10
high_vol,E2_harsh_corner,naive-momentum,106,0,0.022727663691535893,2.6832773346905316,-0.01783531049842424,0.5,847.9690359150727,9
high_vol,E2_harsh_corner,naive-momentum,107,0,0.05418685944278878,5.802547157761063,-0.012908422726546243,0.38095238095238093,1017.2153537806366,8
high_vol,E2_harsh_corner,naive-momentum,108,0,0.0906761424843574,10.22111669668317,-0.0017394847177176764,0.5,658.3021346502871,10
high_vol,E2_harsh_corner,naive-momentum,109,0,0.12309206003255535,10.764754695651634,-0.0015491269279882536,0.6111111111111112,1081.4629308802002,11
high_vol,E2_harsh_corner,naive-momentum,110,0,0.1152876379721639,9.61698520459171,-0.0015556255768198746,0.35714285714285715,584.8438933976894,5
high_vol,E2_harsh_corner,mean-reversion,101,0,-0.0248131114659077,-3.5030023460078463,-0.031888033005685434,0.6363636363636364,629.7098147580446,7
high_vol,E2_harsh_corner,mean-reversion,102,0,0.06609299447514938,9.531171786476067,-0.009897796767619371,0.42857142857142855,845.6676070551924,9
high_vol,E2_harsh_corner,mean-reversion,103,0,0.07542479668230251,10.728323036959829,-0.0031038044046779456,0.47058823529411764,928.6073913525412,8
high_vol,E2_harsh_corner,mean-reversion,104,0,0.0,0.0,0.0,0.0,0.0,0
high_vol,E2_harsh_corner,mean-reversion,105,0,0.030086904812601567,4.579958675163723,-0.014296799594974874,0.42857142857142855,674.0530927427213,3
high_vol,E2_harsh_corner,mean-reversion,106,0,0.023203374940979016,3.6489096087990776,-0.008565187749048464,0.46153846153846156,793.61954002848,6
high_vol,E2_harsh_corner,mean-reversion,107,0,0.06118077645310671,8.493100340863478,-0.004974481623690186,0.5,588.2942318045126,4
high_vol,E2_harsh_corner,mean-reversion,108,0,0.057740037460674465,6.950280293099372,-0.006230568519484891,0.5,615.9144778663787,4
high_vol,E2_harsh_corner,mean-reversion,109,0,-0.010332243917474115,-1.326533854619636,-0.039974692334174944,0.5,922.3116458576493,5
high_vol,E2_harsh_corner,mean-reversion,110,0,0.14826471436137445,11.915571988178955,-0.004114528951189134,0.5555555555555556,1336.4708355305133,10
high_vol,E2_harsh_corner,risk-parity,101,0,0.0763779293785507,6.761310802217066,-0.01501402301662269,0.4583333333333333,645.3311236519581,11
high_vol,E2_harsh_corner,risk-parity,102,0,0.09477431673773151,10.809008351481339,-0.009699108971157444,0.375,486.5925344866862,9
high_vol,E2_harsh_corner,risk-parity,103,0,0.11406618110344957,14.717616869947632,-0.004177738434876899,0.5,814.7108527038586,12
high_vol,E2_harsh_corner,risk-parity,104,0,0.07238194589616276,10.482557929121223,-0.004988644227201022,0.5,922.160250046763,12
high_vol,E2_harsh_corner,risk-parity,105,0,0.07182008405677753,6.913447112532069,-0.020106801957758158,0.375,786.9662160051367,9
high_vol,E2_harsh_corner,risk-parity,106,0,0.05362060834360083,4.582957724663901,-0.018683730781919428,0.5,729.0925270644863,12
high_vol,E2_harsh_corner,risk-parity,107,0,0.1275676719913379,9.33956827323666,-0.007850792314326394,0.5,701.1656852416086,12
high_vol,E2_harsh_corner,risk-parity,108,0,0.09505698621854775,9.723976813420022,-0.0024339960779617975,0.4583333333333333,715.252511375213,11
high_vol,E2_harsh_corner,risk-parity,109,0,0.11264335933008773,11.015064212698208,-0.004604532542842987,0.5,709.3692483550236,12
high_vol,E2_harsh_corner,risk-parity,110,0,0.19166662896445952,15.56245951423191,-0.003753049982813117,0.4583333333333333,1170.1492670080077,11
high_vol,E2_harsh_corner,minimum-variance,101,0,0.07736406930820516,6.848866366180864,-0.01435907110916168,0.4583333333333333,632.0310966169709,11
high_vol,E2_harsh_corner,minimum-variance,102,0,0.09428170160741423,10.733009094648157,-0.009943709855807281,0.375,486.5634811293312,9
high_vol,E2_harsh_corner,minimum-variance,103,0,0.11406618110344957,14.717616869947632,-0.004177738434876899,0.5,814.7108527038586,12
high_vol,E2_harsh_corner,minimum-variance,104,0,0.07238194589616276,10.482557929121223,-0.004988644227201022,0.5217391304347826,922.160250046763,12
high_vol,E2_harsh_corner,minimum-variance,105,0,0.09063152457088153,8.392201905030312,-0.020106801957758158,0.4166666666666667,811.643216187499,10
high_vol,E2_harsh_corner,minimum-variance,106,0,0.05362060834360083,4.582957724663901,-0.018683730781919428,0.5,729.0925270644863,12
high_vol,E2_harsh_corner,minimum-variance,107,0,0.1275676719913379,9.33956827323666,-0.007850792314326394,0.5454545454545454,701.1656852416086,12
high_vol,E2_harsh_corner,minimum-variance,108,0,0.09504380650935662,9.724385917582786,-0.0024339960779617975,0.4782608695652174,716.4353097907414,11
high_vol,E2_harsh_corner,minimum-variance,109,0,0.10983682428592867,10.88494298984898,-0.0038933528400949546,0.5217391304347826,706.3760742227489,12
high_vol,E2_harsh_corner,minimum-variance,110,0,0.15103069942893588,15.572334556274399,-0.003753049982813117,0.35,1224.8629322571148,7
high_vol,E2_harsh_corner,random,101,0,0.06582464766557772,7.189423576721831,-0.004455234515253426,0.45454545454545453,872.2865744166409,10
high_vol,E2_harsh_corner,random,102,0,0.037911152744756205,6.752068781519407,-0.010251003566624561,0.3,772.5625206204902,6
high_vol,E2_harsh_corner,random,103,0,0.06889399572030896,10.580132078046626,-0.0026438305030590525,0.4166666666666667,1035.1508846222607,10
high_vol,E2_harsh_corner,random,104,0,0.0718451340499684,10.356582399103937,-0.004988644227201022,0.5,1012.7163904552455,12
high_vol,E2_harsh_corner,random,105,0,0.10508703035376721,9.59644504467902,-0.02039822407704628,0.5,721.4766271468387,12
high_vol,E2_harsh_corner,random,106,0,0.05206156397927941,3.5413654962613523,-0.030199249125282046,0.5652173913043478,1087.5188971206771,13
high_vol,E2_harsh_corner,random,107,0,0.12886521478820656,9.484227470313618,-0.007850792314326394,0.5454545454545454,833.2659615681337,12
high_vol,E2_harsh_corner,random,108,0,0.08751070802532945,10.225443439715328,-0.0016190311209162145,0.3684210526315789,878.7316481967548,7
high_vol,E2_harsh_corner,random,109,0,0.10023005673990126,11.889918820310626,-0.003001427969871795,0.6190476190476191,779.398397720644,13
high_vol,E2_harsh_corner,random,110,0,0.18604086804841669,15.329257675562177,-0.006912120004468503,0.5,1079.8339104128956,12
high_vol,E2_harsh_corner,no-trade-band,101,0,0.07896543251045984,7.066436169484192,-0.012694518586102155,0.375,603.2823043046528,6
high_vol,E2_harsh_corner,no-trade-band,102,0,0.09066056062433936,10.73296466977879,-0.00963461572300739,0.3333333333333333,440.6527990874634,5
high_vol,E2_harsh_corner,no-trade-band,103,0,0.11375268326949417,14.798679218864484,-0.0036757228346423476,0.4375,793.7751420903494,7
high_vol,E2_harsh_corner,no-trade-band,104,0,0.07239422050717326,10.485557209622263,-0.004988644227201022,0.5238095238095238,920.9684842603858,11
high_vol,E2_harsh_corner,no-trade-band,105,0,0.07182008405677753,6.913447112532069,-0.020106801957758158,0.391304347826087,786.9662160051367,9
high_vol,E2_harsh_corner,no-trade-band,106,0,0.0539406705330554,4.617184024843125,-0.018683730781919428,0.5,717.2232397321824,8
high_vol,E2_harsh_corner,no-trade-band,107,0,0.12766923167451538,9.363141508517565,-0.007850792314326394,0.5,660.2140490996233,8
high_vol,E2_harsh_corner,no-trade-band,108,0,0.09507431237792874,9.726011036576665,-0.0024339960779617975,0.5263157894736842,713.578587068041,10
high_vol,E2_harsh_corner,no-trade-band,109,0,0.11039256188626045,10.8841716233569,-0.00392155568873731,0.4666666666666667,663.1273210099769,7
high_vol,E2_harsh_corner,no-trade-band,110,0,0.19627369149068175,15.38054560146226,-0.005566682216487373,0.4,1086.435101217381,6
jump_tail,E0_ideal,buy-and-hold,201,0,0.2156879071671023,16.56331970519841,-0.010839609721017052,1.0,17.801470194746194,23
jump_tail,E0_ideal,buy-and-hold,202,0,0.09593205834763752,11.397853859089615,-0.01502613113549034,1.0,16.673402505744296,22
jump_tail,E0_ideal,buy-and-hold,203,0,0.13017379231438975,11.36370291920228,-0.0229046456102302,1.0,17.7546430135773,22
jump_tail,E0_ideal,buy-and-hold,204,0,0.16542873203348707,11.779301023854828,-0.011661461909589943,1.0,17.077381733770743,24
jump_tail,E0_ideal,buy-and-hold,205,0,-0.02828346523768177,-2.7309195809091587,-0.03813113172952365,1.0,16.358669545568087,24
jump_tail,E0_ideal,buy-and-hold,206,0,0.11148794693468456,5.457662461661034,-0.051408223392955366,1.0,18.625940634960333,24
jump_tail,E0_ideal,buy-and-hold,207,0,0.010344364471142509,0.8024420792437665,-0.06183761229729556,1.0,18.566601966286793,24
jump_tail,E0_ideal,buy-and-hold,208,0,0.05580460439504131,3.235060768574172,-0.03158023981058744,1.0,17.61728589234172,24
jump_tail,E0_ideal,buy-and-hold,209,0,0.2598066071824965,25.854425459419538,0.0,1.0,19.633692533369587,24
jump_tail,E0_ideal,buy-and-hold,210,0,0.019548193328372987,1.2061833257565535,-0.08301485188881064,1.0,19.0558185057078,24
jump_tail,E0_ideal,signal-weighted,201,0,0.09558710266411174,9.254719727791562,-3.3538484971229465e-05,1.0,44.45441489961514,14
jump_tail,E0_ideal,signal-weighted,202,0,0.017092323905464335,7.394671739247593,-3.3538484971229465e-05,1.0,14.028890321415957,9
jump_tail,E0_ideal,signal-weighted,203,0,0.015047385861725715,11.200171378494236,-7.077829851598327e-05,1.0,43.84686766051189,14
jump_tail,E0_ideal,signal-weighted,204,0,0.025750034655648513,7.90585106396538,-0.002124350587919044,1.0,28.28977244929857,12
jump_tail,E0_ideal,signal-weighted,205,0,0.005982424099071348,4.426165770002247,-0.0031524378075578063,1.0,23.968579911051904,11
jump_tail,E0_ideal,signal-weighted,206,0,0.056984968974679306,7.172096455167301,-0.00010500700000004581,1.0,26.7113627327607,12
jump_tail,E0_ideal,signal-weighted,207,0,0.009669228647414263,4.363765722734695,-0.0057765303077444985,1.0,38.247030844905424,13
jump_tail,E0_ideal,signal-weighted,208,0,0.013471824853532377,4.10356851446592,-0.00947219432988744,1.0,23.85204978496231,11
jump_tail,E0_ideal,signal-weighted,209,0,0.016980106095745073,7.475420826278289,-3.3538484971229465e-05,1.0,14.790542113158066,10
jump_tail,E0_ideal,signal-weighted,210,0,0.022738607566673785,8.024648536019983,-0.00010500700000004581,1.0,26.992033112874058,11
jump_tail,E0_ideal,naive-momentum,201,0,0.13618186553409406,12.76458518063402,-0.010884313398918266,1.0,32.26683345480221,21
jump_tail,E0_ideal,naive-momentum,202,0,0.04233092069266986,6.080903634933062,-0.02167720184922739,1.0,50.623827207091985,20
jump_tail,E0_ideal,naive-momentum,203,0,0.11845348875936001,10.377500281070118,-0.023465244862122314,1.0,26.841759209603246,21
jump_tail,E0_ideal,naive-momentum,204,0,0.1208667931861811,9.731549975593767,-0.011460019044257197,1.0,34.92769379636163,22
jump_tail,E0_ideal,naive-momentum,205,0,0.025014249334079475,5.605231492475903,-0.007075467319981654,1.0,12.144158017531575,12
jump_tail,E0_ideal,naive-momentum,206,0,0.08362994915203892,6.610983661587055,-0.021927514407432347,1.0,26.4521738712205,15
jump_tail,E0_ideal,naive-momentum,207,0,-0.012690541654090337,-0.9611233305834378,-0.047835066066278964,1.0,32.399805789528145,15
jump_tail,E0_ideal,naive-momentum,208,0,0.11159976187877163,15.271946712190463,-0.00010500700000004581,1.0,8.453315962636289,9
jump_tail,E0_ideal,naive-momentum,209,0,0.14865579392838413,12.866629974572144,-0.01431627704604499,1.0,33.43172490622674,21
jump_tail,E0_ideal,naive-momentum,210,0,0.01863847138063046,2.0732352505917637,-0.03585816704537115,1.0,22.087847162115857,10
jump_tail,E0_ideal,mean-reversion,201,0,0.04067315132365712,5.162060741785771,-0.00010500700000004581,1.0,29.34957644001359,4
jump_tail,E0_ideal,mean-reversion,202,0,0.023611279126202422,4.867079362200218,-0.00010500700000004581,1.0,21.644750578790624,4
jump_tail,E0_ideal,mean-reversion,203,0,-0.0005912801186664929,-0.6215550801244073,-0.003308936406236418,1.0,20.991067588637996,4
jump_tail,E0_ideal,mean-reversion,204,0,0.0,0.0,0.0,0.0,0.0,0
jump_tail,E0_ideal,mean-reversion,205,0,-0.015263311693500148,-3.443121811237407,-0.025838870234552336,1.0,21.50896834953089,11
jump_tail,E0_ideal,mean-reversion,206,0,0.013295658156993184,0.9679336539609046,-0.060699162049315025,1.0,43.900202618642126,12
jump_tail,E0_ideal,mean-reversion,207,0,0.008673512247196369,0.9545173041456788,-0.03257301712347782,1.0,22.54988867861227,9
jump_tail,E0_ideal,mean-reversion,208,0,-0.0414174539498412,-3.1374847631963925,-0.06444238535658797,1.0,22.861323650524863,12
jump_tail,E0_ideal,mean-reversion,209,0,0.028107579012058626,4.766724697984615,-0.00010500700000004581,1.0,14.566521525365392,2
jump_tail,E0_ideal,mean-reversion,210,0,0.0035694159626260547,0.3930340679389992,-0.060545790035106295,1.0,23.14078924682627,13
jump_tail,E0_ideal,risk-parity,201,0,0.20883798196643255,15.258213245444272,-0.016327302712288216,1.0,30.027151481315055,23
jump_tail,E0_ideal,risk-parity,202,0,0.09595463301868423,11.108090488806333,-0.016738644727369745,1.0,18.751621199223017,22
jump_tail,E0_ideal,risk-parity,203,0,0.13441341851138344,13.008723925214593,-0.01639505732671187,1.0,24.366587228223256,23
jump_tail,E0_ideal,risk-parity,204,0,0.15658428706313687,11.165409275643485,-0.011661461910319582,1.0,28.216521514371557,24
jump_tail,E0_ideal,risk-parity,205,0,-0.016085940784770436,-1.5248521444965422,-0.036694914665614475,1.0,23.73786920884717,23
jump_tail,E0_ideal,risk-parity,206,0,0.06678959136053764,3.760208021323897,-0.060362094360094765,1.0,26.813239106002474,24
jump_tail,E0_ideal,risk-parity,207,0,0.048782089003945206,4.105605510499655,-0.023178234759885008,1.0,21.951240534907488,24
jump_tail,E0_ideal,risk-parity,208,0,0.054613285719117055,3.2159351531869884,-0.03161283616761956,1.0,23.928250386999093,24
jump_tail,E0_ideal,risk-parity,209,0,0.2598066071824967,25.854425459419538,0.0,1.0,19.633692533369587,24
jump_tail,E0_ideal,risk-parity,210,0,0.006564954763749853,0.5530970764266081,-0.0830076318563675,1.0,19.742809668777767,24
jump_tail,E0_ideal,minimum-variance,201,0,0.21122363998369797,15.70718697085649,-0.014415886303745018,1.0,25.623504662994957,23
jump_tail,E0_ideal,minimum-variance,202,0,0.09751820704193359,11.603388114529524,-0.015026134839435712,1.0,20.133318541396758,22
jump_tail,E0_ideal,minimum-variance,203,0,0.12783493809628044,11.33109526718168,-0.022933930871551045,1.0,22.789439848889714,22
jump_tail,E0_ideal,minimum-variance,204,0,0.14219222602933734,10.072809010730325,-0.011661461911668614,1.0,31.356504936187758,18
jump_tail,E0_ideal,minimum-variance,205,0,-0.007849450036329197,-0.6509650761998294,-0.036694914665614475,1.0,30.18208547995059,23
jump_tail,E0_ideal,minimum-variance,206,0,0.0896336645950302,4.664038193445271,-0.05459856923314421,1.0,24.638653628621327,24
jump_tail,E0_ideal,minimum-variance,207,0,0.04264780867167084,3.403880325520691,-0.03267440470498306,1.0,36.72960773832947,24
jump_tail,E0_ideal,minimum-variance,208,0,0.07735065408805708,5.594855177792091,-0.03164183314321911,1.0,33.34507051372449,22
jump_tail,E0_ideal,minimum-variance,209,0,0.2598066071824967,25.854425459419538,0.0,1.0,19.633692533369587,24
jump_tail,E0_ideal,minimum-variance,210,0,0.019548193328372987,1.2061833257565535,-0.08301485188881064,1.0,19.0558185057078,24
jump_tail,E0_ideal,random,201,0,0.1201316666431047,12.337934940654932,-0.010842783655707011,1.0,48.830249673605906,22
jump_tail,E0_ideal,random,202,0,0.07835167777036656,14.046141018923219,-0.00597249223995544,1.0,97.67457260820336,24
jump_tail,E0_ideal,random,203,0,0.07554123112787647,7.041571102482361,-0.026059094822821427,1.0,80.05493309070349,22
jump_tail,E0_ideal,random,204,0,0.11268544052250351,9.48525558614448,-0.01172411320849942,1.0,75.50559082739773,24
jump_tail,E0_ideal,random,205,0,-0.02311697230891885,-2.2850076043217338,-0.036734346637653736,1.0,50.89110486079721,23
jump_tail,E0_ideal,random,206,0,0.0711403635735981,3.652357700739864,-0.05955165803721729,1.0,84.43095442154369,22
jump_tail,E0_ideal,random,207,0,0.012075654590895102,0.9583946428493508,-0.048667071654528216,1.0,78.7308340521711,18
jump_tail,E0_ideal,random,208,0,0.083855434955032,5.410971306551039,-0.0316413645046818,1.0,54.00753370202679,24
jump_tail,E0_ideal,random,209,0,0.2090358462579649,16.356907415818146,-0.0002100139999999806,1.0,87.32134098494645,22
jump_tail,E0_ideal,random,210,0,0.09977012793271811,8.454806400772057,-0.00492198758768847,1.0,80.89692549639135,20
jump_tail,E0_ideal,no-trade-band,201,0,0.2029942607133477,15.071377240810014,-0.01609304629506836,1.0,27.815646172242456,9
jump_tail,E0_ideal,no-trade-band,202,0,0.09375623713125547,10.977296172144815,-0.016980225759733347,1.0,17.475742512535422,11
jump_tail,E0_ideal,no-trade-band,203,0,0.13471045194510012,13.08510398472859,-0.016056739992694302,1.0,23.400367742700304,14
jump_tail,E0_ideal,no-trade-band,204,0,0.155574502828844,11.278979324176326,-0.011651318364740648,1.0,25.989788657413182,12
jump_tail,E0_ideal,no-trade-band,205,0,-0.015709335432257276,-1.5045985693973303,-0.03668784086141663,1.0,21.873941163014397,14
jump_tail,E0_ideal,no-trade-band,206,0,0.06520792979355061,3.700294509127616,-0.05994802114845266,1.0,25.22823965237606,10
jump_tail,E0_ideal,no-trade-band,207,0,0.04643855397907348,3.9897158568819946,-0.023464474204683117,1.0,19.69906117530533,13
jump_tail,E0_ideal,no-trade-band,208,0,0.052189544968145984,3.1021212747158615,-0.031611320257242226,1.0,21.449633023430525,14
jump_tail,E0_ideal,no-trade-band,209,0,0.2509127725564957,24.607248632203486,0.0,1.0,16.444698977958534,10
jump_tail,E0_ideal,no-trade-band,210,0,0.011603343315820025,0.8372225680478761,-0.08061850320076303,1.0,14.859114675837702,7
jump_tail,E1_default_stress,buy-and-hold,201,0,0.1747735702023152,11.821822160048855,-0.024451466500138075,0.875,967.5898087660509,21
jump_tail,E1_default_stress,buy-and-hold,202,0,0.09754076553872548,7.686425055755183,-0.0241384631498458,0.7916666666666666,891.4526991140317,19
jump_tail,E1_default_stress,buy-and-hold,203,0,0.1297948973850429,8.232582022771462,-0.025071982572551277,0.875,1044.4240181023383,21
jump_tail,E1_default_stress,buy-and-hold,204,0,0.13471281463302587,9.46150358489271,-0.012710366113317106,0.875,764.553893086406,21
jump_tail,E1_default_stress,buy-and-hold,205,0,0.029865448124199334,3.9997375622141935,-0.0157638046096914,0.875,1136.0373129396069,21
jump_tail,E1_default_stress,buy-and-hold,206,0,0.07313149115664386,3.9230934395200316,-0.05860945251691696,0.8333333333333334,1911.862277847167,20
jump_tail,E1_default_stress,buy-and-hold,207,0,0.00268720877519546,0.3383714616196151,-0.058046357645540225,0.8333333333333334,1046.8014263732452,20
jump_tail,E1_default_stress,buy-and-hold,208,0,0.023001502258757744,1.2987965688245076,-0.06527822122061888,0.7916666666666666,1005.9472633622778,19
jump_tail,E1_default_stress,buy-and-hold,209,0,0.18658546158245892,21.439907514754353,-0.006281457315741812,0.9166666666666666,1514.6791456879237,22
jump_tail,E1_default_stress,buy-and-hold,210,0,0.017415916838273038,1.002531460291186,-0.08739260194984777,0.8333333333333334,1163.848506529592,20
jump_tail,E1_default_stress,signal-weighted,201,0,0.031048643349058214,5.157160507770097,-0.01354276780963215,0.75,1423.539326827402,12
jump_tail,E1_default_stress,signal-weighted,202,0,0.007351090002221561,8.284013799579272,-0.000304674273125527,0.8,168.45179548007295,8
jump_tail,E1_default_stress,signal-weighted,203,0,0.04736257484350248,6.6863117419313225,-0.0022621454287047316,0.75,817.6756530802679,12
jump_tail,E1_default_stress,signal-weighted,204,0,0.05115885194399361,6.653900620795162,-0.0024384580700933522,0.7692307692307693,319.3805519052782,10
jump_tail,E1_default_stress,signal-weighted,205,0,-0.022443543154148204,-4.811919896642464,-0.022443543154148204,0.7692307692307693,436.1055839480411,10
jump_tail,E1_default_stress,signal-weighted,206,0,0.036001694537765916,8.14136856629762,-0.0012301400163967635,0.7692307692307693,466.1844546664663,10
jump_tail,E1_default_stress,signal-weighted,207,0,-0.004047442551045388,-0.9943862758913122,-0.01417772896970071,0.75,542.8565142467594,12
jump_tail,E1_default_stress,signal-weighted,208,0,-0.015101815600128021,-1.7994366533301347,-0.035836497793555466,0.7692307692307693,686.0827275694611,10
jump_tail,E1_default_stress,signal-weighted,209,0,0.004168226221992866,7.0171088346254376,-0.0007111928773586573,0.8,428.4864396447904,8
jump_tail,E1_default_stress,signal-weighted,210,0,0.03231976906101153,11.888377892339664,-0.0013388915675160984,0.7692307692307693,508.309630989246,10
jump_tail,E1_default_stress,naive-momentum,201,0,0.11902133831979622,8.412064583032357,-0.02203537375571296,0.85,816.7764933087935,17
jump_tail,E1_default_stress,naive-momentum,202,0,0.09640174517099842,10.457720064114968,-0.013664009798990406,0.8571428571428571,1284.3191763485768,18
jump_tail,E1_default_stress,naive-momentum,203,0,0.08064407583936317,7.229936656265613,-0.021293690644677454,0.9047619047619048,1258.9691713385755,19
jump_tail,E1_default_stress,naive-momentum,204,0,0.08352196793316469,5.1488374807154385,-0.0149227685645269,0.8181818181818182,1119.1032356832359,18
jump_tail,E1_default_stress,naive-momentum,205,0,0.008919647569237243,2.0762299412679646,-0.008566893076739635,0.9090909090909091,643.5370999110173,10
jump_tail,E1_default_stress,naive-momentum,206,0,0.13071243011328537,5.655965739035577,-0.025485230752917754,0.7857142857142857,1318.8991036516516,11
jump_tail,E1_default_stress,naive-momentum,207,0,0.06301984930491411,11.856238850107163,-0.0019322128047948306,0.7647058823529411,1624.1860223093752,13
jump_tail,E1_default_stress,naive-momentum,208,0,0.09769429045942446,10.668104660944323,-0.00295245188684945,0.9,1190.4485269611812,9
jump_tail,E1_default_stress,naive-momentum,209,0,0.1673981238637985,17.030693862993616,-0.0017086381140875018,0.8421052631578947,1072.1867338435748,16
jump_tail,E1_default_stress,naive-momentum,210,0,-0.018200456244111263,-0.8013219629315456,-0.07683907154310798,0.8181818181818182,1049.418457975523,9
jump_tail,E1_default_stress,mean-reversion,201,0,0.03692264957359681,7.828277204987134,-0.004236475463901268,0.6666666666666666,860.6665590323639,4
jump_tail,E1_default_stress,mean-reversion,202,0,0.0012990061953725984,0.2894001541452538,-0.018778608631697002,0.6666666666666666,453.118567702701,4
jump_tail,E1_default_stress,mean-reversion,203,0,-0.030352821332345292,-5.64131781013263,-0.030352821332345292,0.75,278.34222810057213,3
jump_tail,E1_default_stress,mean-reversion,204,0,0.0,0.0,0.0,0.0,0.0,0
jump_tail,E1_default_stress,mean-reversion,205,0,-0.06755695880302226,-7.496811001763037,-0.06755695880302226,0.8571428571428571,683.2840678995151,12
jump_tail,E1_default_stress,mean-reversion,206,0,0.0353109605755384,5.628295728925791,-0.008872487087381642,0.8461538461538461,1234.4722575679662,11
jump_tail,E1_default_stress,mean-reversion,207,0,-0.1120938624679384,-2.8473920522505924,-0.18321624429259986,0.9,1976.4557541633271,9
jump_tail,E1_default_stress,mean-reversion,208,0,-0.02168971382742635,-1.346382758138205,-0.05285725105545225,0.8571428571428571,1509.5670028250101,12
jump_tail,E1_default_stress,mean-reversion,209,0,0.02807341002510899,5.966825023586042,-0.0032504320825051947,0.6666666666666666,504.31903148072684,2
jump_tail,E1_default_stress,mean-reversion,210,0,0.09822471937031385,5.547409983248289,-0.01451643193840646,0.8571428571428571,1451.082197696573,12
jump_tail,E1_default_stress,risk-parity,201,0,0.1348409863242115,11.27697401549373,-0.0070690073107062545,0.875,1295.037692879359,21
jump_tail,E1_default_stress,risk-parity,202,0,0.11434299514216195,12.043940929654731,-0.0021424585986665745,0.8333333333333334,1006.5748913063562,20
jump_tail,E1_default_stress,risk-parity,203,0,0.1012787142355216,9.095651254907954,-0.016881583571864534,0.875,1159.6473923073904,21
jump_tail,E1_default_stress,risk-parity,204,0,0.09884434084787319,6.452406077857264,-0.018025254140586977,0.8333333333333334,1185.2998850615875,20
jump_tail,E1_default_stress,risk-parity,205,0,0.005243027785472032,0.8445867154711063,-0.02371402267238676,0.8333333333333334,967.2485269455071,20
jump_tail,E1_default_stress,risk-parity,206,0,0.0398234683035521,2.9342462141301784,-0.053314295563636094,0.8333333333333334,1134.8634369545264,20
jump_tail,E1_default_stress,risk-parity,207,0,-0.011514120540969341,-0.40977198443959356,-0.07781997837200039,0.875,1498.8364253580287,21
jump_tail,E1_default_stress,risk-parity,208,0,0.05050011860744674,2.6689538181246975,-0.052688429534799575,0.7916666666666666,1151.4617295569926,19
jump_tail,E1_default_stress,risk-parity,209,0,0.17425194626779317,21.595561661397014,-0.006281457315741812,0.875,1881.2419406242166,21
jump_tail,E1_default_stress,risk-parity,210,0,0.09436468748098226,4.844152775357199,-0.04386894001464092,0.875,2188.3521772415693,21
jump_tail,E1_default_stress,minimum-variance,201,0,0.15498921921708297,12.63379893467317,-0.0068050837478661474,0.875,1353.9679058308188,21
jump_tail,E1_default_stress,minimum-variance,202,0,0.11996250440908773,12.6385367601204,-0.0016141129840437918,0.8333333333333334,983.5552895566676,20
jump_tail,E1_default_stress,minimum-variance,203,0,0.09696564350917125,8.140595771221237,-0.02318513075349682,0.875,1059.757781720792,21
jump_tail,E1_default_stress,minimum-variance,204,0,0.10250575234276282,5.847525942923407,-0.020905470863092135,0.7619047619047619,1248.225808150924,16
jump_tail,E1_default_stress,minimum-variance,205,0,0.009886411354369518,1.5918831634084265,-0.014217596683103628,0.8333333333333334,930.5876697240566,20
jump_tail,E1_default_stress,minimum-variance,206,0,0.05800667435868201,4.0046179938855575,-0.053314295563636094,0.875,1098.9774685393618,21
jump_tail,E1_default_stress,minimum-variance,207,0,-0.0670854938344001,-3.93967621995937,-0.0884776438843281,0.8333333333333334,1906.349525537436,20
jump_tail,E1_default_stress,minimum-variance,208,0,0.10086153174209955,5.7085183403980695,-0.031160032853877473,0.75,1425.5317827179479,18
jump_tail,E1_default_stress,minimum-variance,209,0,0.17425194626779317,21.595561661397014,-0.006281457315741812,0.875,1881.2419406242166,21
jump_tail,E1_default_stress,minimum-variance,210,0,0.11270541551911717,5.233766259714558,-0.04441187845626138,0.875,2201.7924349289033,21
jump_tail,E1_default_stress,random,201,0,0.11776908238722994,9.391899334255589,-0.021846935615247087,0.8636363636363636,1184.2223803820257,19
jump_tail,E1_default_stress,random,202,0,0.05555252618338491,6.427095452509194,-0.02328969380053625,0.9090909090909091,856.3073986128131,20
jump_tail,E1_default_stress,random,203,0,0.07401084194161589,7.189493602009196,-0.01757179348853355,0.7727272727272727,1425.2680174319198,17
jump_tail,E1_default_stress,random,204,0,0.11024127376005688,7.9811779077998075,-0.01697713771953513,0.8636363636363636,933.7324679524869,19
jump_tail,E1_default_stress,random,205,0,-0.012267131863491265,-1.2151636923899876,-0.040439929606118974,0.8333333333333334,1168.9111638476982,20
jump_tail,E1_default_stress,random,206,0,0.07198262719696147,11.003513637706998,-0.007534603521479832,0.6818181818181818,2017.3143565538119,15
jump_tail,E1_default_stress,random,207,0,-0.0004438913447066817,-0.013818106859284621,-0.012062391116716586,0.75,1821.97561399656,15
jump_tail,E1_default_stress,random,208,0,0.05943268043118399,3.007816865461876,-0.05564269409001865,0.7916666666666666,1478.8112017971855,19
jump_tail,E1_default_stress,random,209,0,0.06370859983949684,6.292355217925516,-0.023714759860193335,0.7083333333333334,2106.669313497235,17
jump_tail,E1_default_stress,random,210,0,0.07592051076224848,7.448918879448125,-0.01911199687867693,0.7391304347826086,1840.772323897063,17
jump_tail,E1_default_stress,no-trade-band,201,0,0.13403482151388157,11.037306338760112,-0.007738757711045485,0.7857142857142857,1285.2608772951598,11
jump_tail,E1_default_stress,no-trade-band,202,0,0.11493949253057711,12.172358615838538,-0.0018342705223048927,0.8421052631578947,995.7155487623513,16
jump_tail,E1_default_stress,no-trade-band,203,0,0.10110819739140142,9.05011499019738,-0.016881583571864534,0.9523809523809523,1153.8780739763242,20
jump_tail,E1_default_stress,no-trade-band,204,0,0.098883775085439,6.454719981623703,-0.018025254140586977,0.9047619047619048,1181.6209790261637,19
jump_tail,E1_default_stress,no-trade-band,205,0,0.003270100334127113,0.5700945438938493,-0.02361534449638214,0.8125,929.1276552781452,13
jump_tail,E1_default_stress,no-trade-band,206,0,0.03899735667766602,2.887623476370167,-0.053314295563636094,0.9,1106.215436922022,18
jump_tail,E1_default_stress,no-trade-band,207,0,-0.008228240024157896,-0.26027646493026296,-0.07441586376634335,0.8823529411764706,1451.946520398542,15
jump_tail,E1_default_stress,no-trade-band,208,0,0.05097887584935101,2.6911716113914546,-0.05193410080596084,0.9,1092.9309952143635,18
jump_tail,E1_default_stress,no-trade-band,209,0,0.1711201235949522,20.930326906575985,-0.006281457315741812,0.8666666666666667,1914.8217335273762,13
jump_tail,E1_default_stress,no-trade-band,210,0,0.09421110687134315,4.772458067597092,-0.04478796715848454,0.8571428571428571,2109.066296650359,12
jump_tail,E2_spread_20bps,buy-and-hold,201,0,0.17160803792786328,11.63869628898987,-0.024458441488309335,0.875,1258.7916890324332,21
jump_tail,E2_spread_20bps,buy-and-hold,202,0,0.09442832053557093,7.448788784018045,-0.024430269143232985,0.7916666666666666,1185.7816778858864,19
jump_tail,E2_spread_20bps,buy-and-hold,203,0,0.12652333622327694,8.006244445357584,-0.02535240210227474,0.875,1352.8955599469225,21
jump_tail,E2_spread_20bps,buy-and-hold,204,0,0.13156268551594863,9.268274627138918,-0.012752231248445156,0.875,1059.0568382061072,21
jump_tail,E2_spread_20bps,buy-and-hold,205,0,0.02651508805639513,3.543527557984266,-0.016126348417398906,0.875,1459.0053587772416,21
jump_tail,E2_spread_20bps,buy-and-hold,206,0,0.07006313646524154,3.77062783829681,-0.059583468905384684,0.7916666666666666,2190.0989962371395,19
jump_tail,E2_spread_20bps,buy-and-hold,207,0,-0.00020007660177445707,0.13047679891151553,-0.05860105727592679,0.875,1332.2392475377935,21
jump_tail,E2_spread_20bps,buy-and-hold,208,0,0.020376681943255592,1.1772104996863009,-0.0663087788454867,0.7916666666666666,1268.3794211707195,19
jump_tail,E2_spread_20bps,buy-and-hold,209,0,0.18338238990646838,20.868177075735677,-0.007021977000529311,0.875,1808.9333030728183,21
jump_tail,E2_spread_20bps,buy-and-hold,210,0,0.01452481114210058,0.8749406822308283,-0.08799682249867558,0.8333333333333334,1445.848056771673,20
jump_tail,E2_spread_20bps,signal-weighted,201,0,0.028733990119898856,4.810848879521961,-0.013909770541135957,0.75,1651.7034262073373,12
jump_tail,E2_spread_20bps,signal-weighted,202,0,0.006619009697344191,8.061292078861639,-0.0004187678755807056,0.8,241.62821531773153,8
jump_tail,E2_spread_20bps,signal-weighted,203,0,0.04521810730394371,6.4308852330106845,-0.002635890724711376,0.75,1031.2178776284652,12
jump_tail,E2_spread_20bps,signal-weighted,204,0,0.04963949849179006,6.435040884117113,-0.0026763673198306748,0.7692307692307693,469.9140225499996,10
jump_tail,E2_spread_20bps,signal-weighted,205,0,-0.02372951278548574,-5.01679016681576,-0.02372951278548574,0.7692307692307693,564.69088255044,10
jump_tail,E2_spread_20bps,signal-weighted,206,0,0.03468419282132906,7.906522391922123,-0.0015893710827207252,0.7692307692307693,595.4915934784392,10
jump_tail,E2_spread_20bps,signal-weighted,207,0,-0.006070824736228664,-1.5156541407006558,-0.015225993744465982,0.75,744.891867319928,12
jump_tail,E2_spread_20bps,signal-weighted,208,0,-0.016372373044210242,-1.9464734419652008,-0.03626854478577424,0.7692307692307693,811.7923148510438,10
jump_tail,E2_spread_20bps,signal-weighted,209,0,0.003437669688663325,6.066788069882681,-0.0008255666217577007,0.8,501.510781434458,8
jump_tail,E2_spread_20bps,signal-weighted,210,0,0.03101963577187261,11.584476527968325,-0.0016988571953543419,0.7692307692307693,636.635123246901,10
jump_tail,E2_spread_20bps,naive-momentum,201,0,0.1163955484327237,8.218678637836458,-0.023024379990204458,0.85,1066.1600193955635,17
jump_tail,E2_spread_20bps,naive-momentum,202,0,0.09276613551858293,10.118852749654657,-0.01394946915851436,0.8571428571428571,1637.043409057787,18
jump_tail,E2_spread_20bps,naive-momentum,203,0,0.07699486384106535,6.8969648658010705,-0.021701905642006913,0.9047619047619048,1613.3039325448894,19
jump_tail,E2_spread_20bps,naive-momentum,204,0,0.08014033560607747,4.946533798110349,-0.015344929294075826,0.8636363636363636,1426.6079075137325,19
jump_tail,E2_spread_20bps,naive-momentum,205,0,0.006629162709947289,1.5713403940240624,-0.00926797790652023,0.9090909090909091,872.2175841929699,10
jump_tail,E2_spread_20bps,naive-momentum,206,0,0.1278811517485985,5.548053606450115,-0.026511538222836584,0.7857142857142857,1580.7975023489926,11
jump_tail,E2_spread_20bps,naive-momentum,207,0,0.05924332569133406,11.123439526291602,-0.0028993064947124836,0.7647058823529411,1991.5509877686293,13
jump_tail,E2_spread_20bps,naive-momentum,208,0,0.09528211151266497,10.461441625328645,-0.0033361759003418534,0.9,1423.9908314016434,9
jump_tail,E2_spread_20bps,naive-momentum,209,0,0.16478741320629142,16.769086259301115,-0.0020445666880229973,0.85,1305.600362792003,17
jump_tail,E2_spread_20bps,naive-momentum,210,0,-0.02068429469957367,-0.9370017527699118,-0.07721930616439909,0.8181818181818182,1292.701253020283,9
jump_tail,E2_spread_20bps,mean-reversion,201,0,0.03536835365889135,7.554845361157849,-0.004624400514580906,0.6666666666666666,1014.8467537894377,4
jump_tail,E2_spread_20bps,mean-reversion,202,0,-0.00015481894367053162,0.030544920379719436,-0.019507642450832363,0.6666666666666666,598.5011413639446,4
jump_tail,E2_spread_20bps,mean-reversion,203,0,-0.03139007731486865,-5.761464049864487,-0.03139007731486865,0.75,382.0642039095261,3
jump_tail,E2_spread_20bps,mean-reversion,204,0,0.0,0.0,0.0,0.0,0.0,0
jump_tail,E2_spread_20bps,mean-reversion,205,0,-0.07020447416065256,-7.779151863255235,-0.07020447416065256,0.8571428571428571,949.8558222194945,12
jump_tail,E2_spread_20bps,mean-reversion,206,0,0.032856401444772976,5.26357760626928,-0.009571194155677198,0.8461538461538461,1472.073147130305,11
jump_tail,E2_spread_20bps,mean-reversion,207,0,-0.114279476990655,-2.902710953073365,-0.1844451431369949,0.9,2199.172545550769,9
jump_tail,E2_spread_20bps,mean-reversion,208,0,-0.024451659411340643,-1.5394135434914844,-0.05441314740043779,0.8571428571428571,1781.1925152836911,12
jump_tail,E2_spread_20bps,mean-reversion,209,0,0.027283565468880333,5.817646780969123,-0.0036287959913813284,0.6666666666666666,583.3038190608306,2
jump_tail,E2_spread_20bps,mean-reversion,210,0,0.09518171995863134,5.372784354684168,-0.015775861288995996,0.8571428571428571,1737.5628806213235,12
jump_tail,E2_spread_20bps,risk-parity,201,0,0.13152123116965164,10.973451155983055,-0.007426130396537611,0.875,1596.1079425135138,21
jump_tail,E2_spread_20bps,risk-parity,202,0,0.11091455856717491,11.671368806182448,-0.0025115221154552447,0.8333333333333334,1324.269724457855,20
jump_tail,E2_spread_20bps,risk-parity,203,0,0.09769794067236703,8.736291802300006,-0.01722826883458084,0.875,1506.0642836825907,21
jump_tail,E2_spread_20bps,risk-parity,204,0,0.09508575699662902,6.22249706232896,-0.018157371128803446,0.8333333333333334,1540.1443288165144,20
jump_tail,E2_spread_20bps,risk-parity,205,0,0.00260684249694787,0.45478467783862314,-0.024706254599910493,0.8333333333333334,1234.5438135546297,20
jump_tail,E2_spread_20bps,risk-parity,206,0,0.035829460761410914,2.6569928610309987,-0.054307728967252444,0.7916666666666666,1502.6775534878675,19
jump_tail,E2_spread_20bps,risk-parity,207,0,-0.015132319192226129,-0.6055161581975479,-0.07863872867227484,0.875,1860.1217318507065,21
jump_tail,E2_spread_20bps,risk-parity,208,0,0.04683603980580964,2.496596542646461,-0.05333138873212073,0.7916666666666666,1492.6637551387773,19
jump_tail,E2_spread_20bps,risk-parity,209,0,0.17101950661494314,20.957239949120236,-0.007021977000529311,0.9166666666666666,2180.208523073957,22
jump_tail,E2_spread_20bps,risk-parity,210,0,0.09089001738556757,4.669438838515384,-0.044604922203291264,0.875,2501.0946180122405,21
jump_tail,E2_spread_20bps,minimum-variance,201,0,0.15161250476770438,12.34390124205165,-0.007031489487174247,0.875,1657.359019104866,21
jump_tail,E2_spread_20bps,minimum-variance,202,0,0.11659820014307543,12.270830086015067,-0.0019631936089662405,0.875,1294.347193755608,21
jump_tail,E2_spread_20bps,minimum-variance,203,0,0.09366358070957159,7.843927517888699,-0.023453641589140206,0.875,1379.9987123301044,21
jump_tail,E2_spread_20bps,minimum-variance,204,0,0.09872336495196277,5.648266394393489,-0.020987521080504057,0.7619047619047619,1609.8647931028804,16
jump_tail,E2_spread_20bps,minimum-variance,205,0,0.007219503507915226,1.1791629576487086,-0.01509524090033798,0.8333333333333334,1201.678486824056,20
jump_tail,E2_spread_20bps,minimum-variance,206,0,0.05411577572258475,3.749527168753405,-0.054307728967252444,0.8333333333333334,1447.6392398885644,20
jump_tail,E2_spread_20bps,minimum-variance,207,0,-0.07117173369400553,-4.208840118527025,-0.0902185444721838,0.8333333333333334,2320.2101589863228,20
jump_tail,E2_spread_20bps,minimum-variance,208,0,0.09663737265124528,5.485433931117427,-0.03119143299814131,0.75,1816.1820280730185,18
jump_tail,E2_spread_20bps,minimum-variance,209,0,0.17101950661494314,20.957239949120236,-0.007021977000529311,0.9166666666666666,2180.208523073957,22
jump_tail,E2_spread_20bps,minimum-variance,210,0,0.10906547940731692,5.067629137576774,-0.045146616587869226,0.875,2527.494472342841,21
jump_tail,E2_spread_20bps,random,201,0,0.11432378561256362,9.114813028525441,-0.022835872248870737,0.8636363636363636,1508.6931973856395,19
jump_tail,E2_spread_20bps,random,202,0,0.05261628565367715,6.107109946912515,-0.02383254630042342,0.9090909090909091,1143.3051854524663,20
jump_tail,E2_spread_20bps,random,203,0,0.06970917601499771,6.763253342872739,-0.01816104615820091,0.7727272727272727,1846.7239804163157,17
jump_tail,E2_spread_20bps,random,204,0,0.10708899936023442,7.751191919005402,-0.017275430811814707,0.8636363636363636,1232.489314121196,19
jump_tail,E2_spread_20bps,random,205,0,-0.015899261285867494,-1.6017147920920758,-0.04207860806430108,0.8333333333333334,1534.4968071532473,20
jump_tail,E2_spread_20bps,random,206,0,0.06771604914448748,10.44671929386524,-0.008183281177838952,0.6818181818181818,2422.5693483608297,15
jump_tail,E2_spread_20bps,random,207,0,-0.004443079504025227,-0.6860498681978012,-0.013053863152700074,0.75,2217.679975829918,15
jump_tail,E2_spread_20bps,random,208,0,0.05547983331337769,2.8204624822359,-0.05716745458085015,0.7916666666666666,1871.1994228025249,19
jump_tail,E2_spread_20bps,random,209,0,0.05946543453218611,5.83387874099857,-0.024699390508615915,0.7083333333333334,2518.1208535335095,17
jump_tail,E2_spread_20bps,random,210,0,0.07231257342266906,7.094312573742356,-0.020129621135121956,0.7391304347826086,2180.7024893566236,17
jump_tail,E2_spread_20bps,no-trade-band,201,0,0.1308580961823551,10.741575843065075,-0.008010574344255339,0.7857142857142857,1583.9757881657433,11
jump_tail,E2_spread_20bps,no-trade-band,202,0,0.11151917457059901,11.794271145011681,-0.0020778862056397562,0.8421052631578947,1311.8407727838357,16
jump_tail,E2_spread_20bps,no-trade-band,203,0,0.09756029979656544,8.694004358902578,-0.01722826883458084,0.9523809523809523,1497.8251649080348,20
jump_tail,E2_spread_20bps,no-trade-band,204,0,0.09515171219806207,6.226375275271842,-0.018157371128803446,0.9047619047619048,1533.8140055500753,19
jump_tail,E2_spread_20bps,no-trade-band,205,0,0.0008028076924444516,0.19099358374324432,-0.024543129091907145,0.8125,1178.6949370486177,13
jump_tail,E2_spread_20bps,no-trade-band,206,0,0.035021469511072434,2.610771247972073,-0.054307728967252444,0.85,1472.3299235428753,17
jump_tail,E2_spread_20bps,no-trade-band,207,0,-0.011796324729155483,-0.4585661829166888,-0.07534868940345574,0.8823529411764706,1804.3169194349675,15
jump_tail,E2_spread_20bps,no-trade-band,208,0,0.047356321840441584,2.521789479268779,-0.052573462467177645,0.9,1430.3330875469258,18
jump_tail,E2_spread_20bps,no-trade-band,209,0,0.1678401669852223,20.292311096501162,-0.007021977000529311,0.9333333333333333,2219.338715571605,14
jump_tail,E2_spread_20bps,no-trade-band,210,0,0.09114618129411034,4.619477014688477,-0.045416109227716994,0.8571428571428571,2389.4464615700913,12
jump_tail,E2_latency_3,buy-and-hold,201,0,0.12645173273027854,12.626467568401122,-0.003201869947113689,0.5,634.538068118525,12
jump_tail,E2_latency_3,buy-and-hold,202,0,0.06786614314723871,7.805709680385697,-0.011114482566743633,0.5217391304347826,530.9510428591327,12
jump_tail,E2_latency_3,buy-and-hold,203,0,0.04568512683121817,3.451163421498292,-0.04541266729036031,0.5,676.2430883479178,12
jump_tail,E2_latency_3,buy-and-hold,204,0,0.12433853858317634,9.953318386596779,-0.012325553351121954,0.5416666666666666,253.36065693210833,13
jump_tail,E2_latency_3,buy-and-hold,205,0,-0.02028320839805775,-3.522957268491127,-0.02028320839805775,0.4583333333333333,415.5042590457257,11
jump_tail,E2_latency_3,buy-and-hold,206,0,0.1304709824267254,7.177437566864238,-0.021353416146033588,0.5,443.24233121578385,12
jump_tail,E2_latency_3,buy-and-hold,207,0,-0.031413154020551115,-0.830837557124246,-0.11026091214441769,0.5,443.5395977932471,12
jump_tail,E2_latency_3,buy-and-hold,208,0,0.03953461713993556,1.9201256542466096,-0.06253745636123675,0.5416666666666666,970.8334588754819,13
jump_tail,E2_latency_3,buy-and-hold,209,0,0.1614514955375097,10.470523226735146,-0.009337392357513852,0.5,750.4484360616887,12
jump_tail,E2_latency_3,buy-and-hold,210,0,-0.015489626737077766,-0.7704796247399107,-0.08431372052300679,0.4583333333333333,549.1291587155047,11
jump_tail,E2_latency_3,signal-weighted,201,0,0.07171109340385651,7.789751182682177,-0.002381293654816652,0.35294117647058826,757.8282107262085,6
jump_tail,E2_latency_3,signal-weighted,202,0,0.0013268953664682392,3.947961624928273,-0.00024003172922948401,0.4,51.70494957305574,4
jump_tail,E2_latency_3,signal-weighted,203,0,0.029935075224075902,3.0606929898712427,-0.029038232041906142,0.29411764705882354,738.7180523497296,5
jump_tail,E2_latency_3,signal-weighted,204,0,0.02182808390328228,6.860755071382919,-0.0020697503205421297,0.35714285714285715,181.2845195242918,5
jump_tail,E2_latency_3,signal-weighted,205,0,-0.011109941123533917,-8.11159035891612,-0.011109941123533917,0.36363636363636365,323.8272095872508,4
jump_tail,E2_latency_3,signal-weighted,206,0,0.002313767865378402,0.4512651212306467,-0.0235042280820682,0.3076923076923077,357.9988305296521,4
jump_tail,E2_latency_3,signal-weighted,207,0,-0.0050432694891516805,-0.18806478055785392,-0.04943164044375814,0.3333333333333333,354.2308146474611,5
jump_tail,E2_latency_3,signal-weighted,208,0,-0.001289017285883931,-0.1294757857532813,-0.019722067702912294,0.4166666666666667,480.2915915138754,5
jump_tail,E2_latency_3,signal-weighted,209,0,0.0003450844400583186,2.9121241835328813,-0.00017659690446159004,0.4,107.34770770262149,4
jump_tail,E2_latency_3,signal-weighted,210,0,-0.09459385200803994,-6.342027627058082,-0.09793652751594806,0.4,212.90096777958198,4
jump_tail,E2_latency_3,naive-momentum,201,0,0.062367084341375056,8.924152597276867,-0.004186219197631402,0.38095238095238093,716.6187476789239,8
jump_tail,E2_latency_3,naive-momentum,202,0,0.008011722745791428,0.9179472708891127,-0.03558900873639126,0.45,745.8686128550826,9
jump_tail,E2_latency_3,naive-momentum,203,0,0.11507393448331005,7.86773559522438,-0.012226861543017442,0.5909090909090909,729.8596561504909,13
jump_tail,E2_latency_3,naive-momentum,204,0,0.09253720647339758,6.950022629385977,-0.01134597205438137,0.45454545454545453,372.0275480652109,10
jump_tail,E2_latency_3,naive-momentum,205,0,0.0478850446157697,5.113988509476949,-0.015310133441965745,0.5454545454545454,487.78847694274214,6
jump_tail,E2_latency_3,naive-momentum,206,0,0.058834725839090884,3.5601513234132836,-0.04753767153909061,0.5,1265.3566548826295,8
jump_tail,E2_latency_3,naive-momentum,207,0,0.022087679783570735,1.9514456570750462,-0.027208043494233114,0.5,629.9703887490595,9
jump_tail,E2_latency_3,naive-momentum,208,0,0.19927228115337847,10.422425843732512,-0.00046516443212807346,0.6,906.3453358087713,6
jump_tail,E2_latency_3,naive-momentum,209,0,0.13156182131703265,8.60437228486576,-0.014553367946204765,0.38095238095238093,494.650642804461,8
jump_tail,E2_latency_3,naive-momentum,210,0,-0.10686148073796276,-1.7986794406291333,-0.21238709350026763,0.46153846153846156,1434.29280464931,6
jump_tail,E2_latency_3,mean-reversion,201,0,0.08944070229600709,8.976171114108466,-0.002797963632938605,0.42857142857142855,495.8982934951896,3
jump_tail,E2_latency_3,mean-reversion,202,0,0.042220287043081894,6.651653587017366,-0.005691478448342835,0.5,288.5423549354268,4
jump_tail,E2_latency_3,mean-reversion,203,0,-0.0015555382539681473,-4.786344211304794,-0.0015555382539681473,0.3333333333333333,152.16373192168362,1
jump_tail,E2_latency_3,mean-reversion,204,0,0.0,0.0,0.0,0.0,0.0,0
jump_tail,E2_latency_3,mean-reversion,205,0,-0.0029855409768910768,-0.5809661144712204,-0.01757316471864634,0.5625,487.357193596077,9
jump_tail,E2_latency_3,mean-reversion,206,0,0.21841955188752937,8.784760473131513,-0.00047842002008491313,0.42857142857142855,946.2733623097021,6
jump_tail,E2_latency_3,mean-reversion,207,0,-0.15532223550466628,-7.405146295503559,-0.16695405117776896,0.6666666666666666,1441.9310157994512,6
jump_tail,E2_latency_3,mean-reversion,208,0,-0.007276084564684315,-0.16935318304949007,-0.05974114585226964,0.5,860.0762907320349,8
jump_tail,E2_latency_3,mean-reversion,209,0,0.11436982768569393,9.841711960848679,-0.0018722473389135574,0.4,593.2296189065896,2
jump_tail,E2_latency_3,mean-reversion,210,0,0.07061469149763178,6.316229655263119,-0.014738677365454644,0.4375,769.1247952484199,7
jump_tail,E2_latency_3,risk-parity,201,0,0.17967144308332816,12.542202731418213,-0.003201869947113689,0.5,714.1787423927666,12
jump_tail,E2_latency_3,risk-parity,202,0,0.053077398791662844,4.417286445267006,-0.03699230726646585,0.5,497.128645951478,12
jump_tail,E2_latency_3,risk-parity,203,0,0.07562808145977007,5.693711609768686,-0.025467740797007088,0.4583333333333333,844.6291167662497,11
jump_tail,E2_latency_3,risk-parity,204,0,0.09852855894713586,6.702862734739746,-0.011848800806064874,0.4583333333333333,503.93965517596445,11
jump_tail,E2_latency_3,risk-parity,205,0,-0.005567685394647692,-1.2750657691164453,-0.021947092024551917,0.4583333333333333,443.09740176240103,11
jump_tail,E2_latency_3,risk-parity,206,0,0.036890823853725774,2.6407510360557986,-0.04062794934820502,0.4166666666666667,979.7229896448699,10
jump_tail,E2_latency_3,risk-parity,207,0,0.022892488600292804,1.685535793708922,-0.03427206737399979,0.5,532.3071057539347,12
jump_tail,E2_latency_3,risk-parity,208,0,0.08230899568711902,5.2226186463496695,-0.021504227067680515,0.5,1123.1819516952112,12
jump_tail,E2_latency_3,risk-parity,209,0,0.24381767546246436,13.366660702911302,-0.0035785222283599705,0.5,986.9062686436002,12
jump_tail,E2_latency_3,risk-parity,210,0,-0.1026213138122345,-3.313079621902517,-0.1674512945292862,0.4583333333333333,809.3669064273464,11
jump_tail,E2_latency_3,minimum-variance,201,0,0.17967144308332816,12.542202731418213,-0.003201869947113689,0.5,714.1787423927666,12
jump_tail,E2_latency_3,minimum-variance,202,0,0.05610331163962523,4.66198315774676,-0.03705491870595756,0.5,479.0070434678246,12
jump_tail,E2_latency_3,minimum-variance,203,0,0.07070009189967075,5.296746567775804,-0.025467740797007088,0.5,805.3412131499535,12
jump_tail,E2_latency_3,minimum-variance,204,0,0.09829955044247218,6.716800038650006,-0.011568455197889738,0.42857142857142855,542.0129242797511,9
jump_tail,E2_latency_3,minimum-variance,205,0,-0.005572883111316651,-1.3552301174518189,-0.01993652699875592,0.45454545454545453,420.81795627916136,10
jump_tail,E2_latency_3,minimum-variance,206,0,0.0835736352894354,5.403268349371212,-0.04062794934820502,0.5,671.7441627680043,12
jump_tail,E2_latency_3,minimum-variance,207,0,0.023918963614171895,1.7532026261522027,-0.03427206737399979,0.5652173913043478,445.35973977014936,13
jump_tail,E2_latency_3,minimum-variance,208,0,0.07238909217766754,4.759207724469021,-0.0182589283110689,0.4166666666666667,1199.404622779143,10
jump_tail,E2_latency_3,minimum-variance,209,0,0.24381767546246436,13.366660702911302,-0.0035785222283599705,0.5,986.9062686436002,12
jump_tail,E2_latency_3,minimum-variance,210,0,-0.1026213138122345,-3.313079621902517,-0.1674512945292862,0.4583333333333333,809.3669064273464,11
jump_tail,E2_latency_3,random,201,0,0.07881492451392647,10.997767156264576,-0.002887515548909758,0.5,783.2708985981385,11
jump_tail,E2_latency_3,random,202,0,0.05485719053250904,4.501374319821383,-0.03647250313665906,0.5714285714285714,549.2329299036969,12
jump_tail,E2_latency_3,random,203,0,0.08925886301051689,6.196886043113898,-0.020577277730655874,0.5,571.8500918969576,10
jump_tail,E2_latency_3,random,204,0,0.12878001456461408,8.600614612362362,-0.017290341111417695,0.65,484.7389744358601,13
jump_tail,E2_latency_3,random,205,0,-0.019001347153657533,-7.042041388720994,-0.021905465418785464,0.3333333333333333,490.86575091233635,8
jump_tail,E2_latency_3,random,206,0,0.15918905217857682,7.535710680933501,-0.040521267086984225,0.5,348.9181940158849,10
jump_tail,E2_latency_3,random,207,0,-0.0038213887310754036,-0.006086334395880812,-0.061304337585965096,0.45454545454545453,601.3874168576517,10
jump_tail,E2_latency_3,random,208,0,0.05300958159889135,3.7775160198005313,-0.019938420067323603,0.5,671.8210365592117,12
jump_tail,E2_latency_3,random,209,0,0.16028483563450302,9.894743053009734,-0.0033857854978166513,0.4,1138.6367508602723,8
jump_tail,E2_latency_3,random,210,0,-0.1683580948440141,-6.387199950599233,-0.17484286427848394,0.36363636363636365,1301.6018959229004,8
jump_tail,E2_latency_3,no-trade-band,201,0,0.1744490373254881,12.360151811849837,-0.003201869947113689,0.4444444444444444,679.4052152941834,8
jump_tail,E2_latency_3,no-trade-band,202,0,0.053077398791662844,4.417286445267006,-0.03699230726646585,0.5217391304347826,497.128645951478,12
jump_tail,E2_latency_3,no-trade-band,203,0,0.07562808145977007,5.693711609768686,-0.025467740797007088,0.4782608695652174,844.6291167662497,11
jump_tail,E2_latency_3,no-trade-band,204,0,0.09852855894713586,6.702862734739746,-0.011848800806064874,0.4583333333333333,503.93965517596445,11
jump_tail,E2_latency_3,no-trade-band,205,0,-0.005567685394647692,-1.2750657691164453,-0.021947092024551917,0.5,443.09740176240103,11
jump_tail,E2_latency_3,no-trade-band,206,0,0.036890823853725774,2.6407510360557986,-0.04062794934820502,0.45454545454545453,979.7229896448699,10
jump_tail,E2_latency_3,no-trade-band,207,0,0.024148684127935027,1.772755705404904,-0.03427206737399979,0.4782608695652174,526.7568029645317,11
jump_tail,E2_latency_3,no-trade-band,208,0,0.0811526323356706,5.227673963174977,-0.019579383537758344,0.3684210526315789,1039.8065671479576,7
jump_tail,E2_latency_3,no-trade-band,209,0,0.24424787639128498,13.389818272781902,-0.0035785222283599705,0.5,944.4271796506118,11
jump_tail,E2_latency_3,no-trade-band,210,0,-0.1059105617356797,-3.472612745046688,-0.1673094576296441,0.4,774.854129911525,8
jump_tail,E2_participation_1pct,buy-and-hold,201,0,0.1747735702023152,11.821822160048855,-0.024451466500138075,0.875,967.5898087660509,21
jump_tail,E2_participation_1pct,buy-and-hold,202,0,0.09754076553872548,7.686425055755183,-0.0241384631498458,0.7916666666666666,891.4526991140317,19
jump_tail,E2_participation_1pct,buy-and-hold,203,0,0.1297948973850429,8.232582022771462,-0.025071982572551277,0.875,1044.4240181023383,21
jump_tail,E2_participation_1pct,buy-and-hold,204,0,0.13471281463302587,9.46150358489271,-0.012710366113317106,0.875,764.553893086406,21
jump_tail,E2_participation_1pct,buy-and-hold,205,0,0.029865448124199334,3.9997375622141935,-0.0157638046096914,0.875,1136.0373129396069,21
jump_tail,E2_participation_1pct,buy-and-hold,206,0,0.07313149115664386,3.9230934395200316,-0.05860945251691696,0.8333333333333334,1911.862277847167,20
jump_tail,E2_participation_1pct,buy-and-hold,207,0,0.00268720877519546,0.3383714616196151,-0.058046357645540225,0.8333333333333334,1046.8014263732452,20
jump_tail,E2_participation_1pct,buy-and-hold,208,0,0.023001502258757744,1.2987965688245076,-0.06527822122061888,0.7916666666666666,1005.9472633622778,19
jump_tail,E2_participation_1pct,buy-and-hold,209,0,0.18658546158245892,21.439907514754353,-0.006281457315741812,0.9166666666666666,1514.6791456879237,22
jump_tail,E2_participation_1pct,buy-and-hold,210,0,0.017415916838273038,1.002531460291186,-0.08739260194984777,0.8333333333333334,1163.848506529592,20
jump_tail,E2_participation_1pct,signal-weighted,201,0,0.031048643349058214,5.157160507770097,-0.01354276780963215,0.75,1423.539326827402,12
jump_tail,E2_participation_1pct,signal-weighted,202,0,0.007351090002221561,8.284013799579272,-0.000304674273125527,0.8,168.45179548007295,8
jump_tail,E2_participation_1pct,signal-weighted,203,0,0.04736257484350248,6.6863117419313225,-0.0022621454287047316,0.75,817.6756530802679,12
jump_tail,E2_participation_1pct,signal-weighted,204,0,0.05115885194399361,6.653900620795162,-0.0024384580700933522,0.7692307692307693,319.3805519052782,10
jump_tail,E2_participation_1pct,signal-weighted,205,0,-0.022443543154148204,-4.811919896642464,-0.022443543154148204,0.7692307692307693,436.1055839480411,10
jump_tail,E2_participation_1pct,signal-weighted,206,0,0.036001694537765916,8.14136856629762,-0.0012301400163967635,0.7692307692307693,466.1844546664663,10
jump_tail,E2_participation_1pct,signal-weighted,207,0,-0.004047442551045388,-0.9943862758913122,-0.01417772896970071,0.75,542.8565142467594,12
jump_tail,E2_participation_1pct,signal-weighted,208,0,-0.015101815600128021,-1.7994366533301347,-0.035836497793555466,0.7692307692307693,686.0827275694611,10
jump_tail,E2_participation_1pct,signal-weighted,209,0,0.004168226221992866,7.0171088346254376,-0.0007111928773586573,0.8,428.4864396447904,8
jump_tail,E2_participation_1pct,signal-weighted,210,0,0.03231976906101153,11.888377892339664,-0.0013388915675160984,0.7692307692307693,508.309630989246,10
jump_tail,E2_participation_1pct,naive-momentum,201,0,0.11902133831979622,8.412064583032357,-0.02203537375571296,0.85,816.7764933087935,17
jump_tail,E2_participation_1pct,naive-momentum,202,0,0.09640174517099842,10.457720064114968,-0.013664009798990406,0.8571428571428571,1284.3191763485768,18
jump_tail,E2_participation_1pct,naive-momentum,203,0,0.08064407583936317,7.229936656265613,-0.021293690644677454,0.9047619047619048,1258.9691713385755,19
jump_tail,E2_participation_1pct,naive-momentum,204,0,0.08352196793316469,5.1488374807154385,-0.0149227685645269,0.8181818181818182,1119.1032356832359,18
jump_tail,E2_participation_1pct,naive-momentum,205,0,0.008919647569237243,2.0762299412679646,-0.008566893076739635,0.9090909090909091,643.5370999110173,10
jump_tail,E2_participation_1pct,naive-momentum,206,0,0.13071243011328537,5.655965739035577,-0.025485230752917754,0.7857142857142857,1318.8991036516516,11
jump_tail,E2_participation_1pct,naive-momentum,207,0,0.06301984930491411,11.856238850107163,-0.0019322128047948306,0.7647058823529411,1624.1860223093752,13
jump_tail,E2_participation_1pct,naive-momentum,208,0,0.09769429045942446,10.668104660944323,-0.00295245188684945,0.9,1190.4485269611812,9
jump_tail,E2_participation_1pct,naive-momentum,209,0,0.1673981238637985,17.030693862993616,-0.0017086381140875018,0.8421052631578947,1072.1867338435748,16
jump_tail,E2_participation_1pct,naive-momentum,210,0,-0.018200456244111263,-0.8013219629315456,-0.07683907154310798,0.8181818181818182,1049.418457975523,9
jump_tail,E2_participation_1pct,mean-reversion,201,0,0.03692264957359681,7.828277204987134,-0.004236475463901268,0.6666666666666666,860.6665590323639,4
jump_tail,E2_participation_1pct,mean-reversion,202,0,0.0012990061953725984,0.2894001541452538,-0.018778608631697002,0.6666666666666666,453.118567702701,4
jump_tail,E2_participation_1pct,mean-reversion,203,0,-0.030352821332345292,-5.64131781013263,-0.030352821332345292,0.75,278.34222810057213,3
jump_tail,E2_participation_1pct,mean-reversion,204,0,0.0,0.0,0.0,0.0,0.0,0
jump_tail,E2_participation_1pct,mean-reversion,205,0,-0.06755695880302226,-7.496811001763037,-0.06755695880302226,0.8571428571428571,683.2840678995151,12
jump_tail,E2_participation_1pct,mean-reversion,206,0,0.0353109605755384,5.628295728925791,-0.008872487087381642,0.8461538461538461,1234.4722575679662,11
jump_tail,E2_participation_1pct,mean-reversion,207,0,-0.1120938624679384,-2.8473920522505924,-0.18321624429259986,0.9,1976.4557541633271,9
jump_tail,E2_participation_1pct,mean-reversion,208,0,-0.02168971382742635,-1.346382758138205,-0.05285725105545225,0.8571428571428571,1509.5670028250101,12
jump_tail,E2_participation_1pct,mean-reversion,209,0,0.02807341002510899,5.966825023586042,-0.0032504320825051947,0.6666666666666666,504.31903148072684,2
jump_tail,E2_participation_1pct,mean-reversion,210,0,0.09822471937031385,5.547409983248289,-0.01451643193840646,0.8571428571428571,1451.082197696573,12
jump_tail,E2_participation_1pct,risk-parity,201,0,0.1348409863242115,11.27697401549373,-0.0070690073107062545,0.875,1295.037692879359,21
jump_tail,E2_participation_1pct,risk-parity,202,0,0.11434299514216195,12.043940929654731,-0.0021424585986665745,0.8333333333333334,1006.5748913063562,20
jump_tail,E2_participation_1pct,risk-parity,203,0,0.1012787142355216,9.095651254907954,-0.016881583571864534,0.875,1159.6473923073904,21
jump_tail,E2_participation_1pct,risk-parity,204,0,0.09884434084787319,6.452406077857264,-0.018025254140586977,0.8333333333333334,1185.2998850615875,20
jump_tail,E2_participation_1pct,risk-parity,205,0,0.005243027785472032,0.8445867154711063,-0.02371402267238676,0.8333333333333334,967.2485269455071,20
jump_tail,E2_participation_1pct,risk-parity,206,0,0.0398234683035521,2.9342462141301784,-0.053314295563636094,0.8333333333333334,1134.8634369545264,20
jump_tail,E2_participation_1pct,risk-parity,207,0,-0.011514120540969341,-0.40977198443959356,-0.07781997837200039,0.875,1498.8364253580287,21
jump_tail,E2_participation_1pct,risk-parity,208,0,0.05050011860744674,2.6689538181246975,-0.052688429534799575,0.7916666666666666,1151.4617295569926,19
jump_tail,E2_participation_1pct,risk-parity,209,0,0.17425194626779317,21.595561661397014,-0.006281457315741812,0.875,1881.2419406242166,21
jump_tail,E2_participation_1pct,risk-parity,210,0,0.09436468748098226,4.844152775357199,-0.04386894001464092,0.875,2188.3521772415693,21
jump_tail,E2_participation_1pct,minimum-variance,201,0,0.15498921921708297,12.63379893467317,-0.0068050837478661474,0.875,1353.9679058308188,21
jump_tail,E2_participation_1pct,minimum-variance,202,0,0.11996250440908773,12.6385367601204,-0.0016141129840437918,0.8333333333333334,983.5552895566676,20
jump_tail,E2_participation_1pct,minimum-variance,203,0,0.09696564350917125,8.140595771221237,-0.02318513075349682,0.875,1059.757781720792,21
jump_tail,E2_participation_1pct,minimum-variance,204,0,0.10250575234276282,5.847525942923407,-0.020905470863092135,0.7619047619047619,1248.225808150924,16
jump_tail,E2_participation_1pct,minimum-variance,205,0,0.009886411354369518,1.5918831634084265,-0.014217596683103628,0.8333333333333334,930.5876697240566,20
jump_tail,E2_participation_1pct,minimum-variance,206,0,0.05800667435868201,4.0046179938855575,-0.053314295563636094,0.875,1098.9774685393618,21
jump_tail,E2_participation_1pct,minimum-variance,207,0,-0.0670854938344001,-3.93967621995937,-0.0884776438843281,0.8333333333333334,1906.349525537436,20
jump_tail,E2_participation_1pct,minimum-variance,208,0,0.10086153174209955,5.7085183403980695,-0.031160032853877473,0.75,1425.5317827179479,18
jump_tail,E2_participation_1pct,minimum-variance,209,0,0.17425194626779317,21.595561661397014,-0.006281457315741812,0.875,1881.2419406242166,21
jump_tail,E2_participation_1pct,minimum-variance,210,0,0.11270541551911717,5.233766259714558,-0.04441187845626138,0.875,2201.7924349289033,21
jump_tail,E2_participation_1pct,random,201,0,0.11776908238722994,9.391899334255589,-0.021846935615247087,0.8636363636363636,1184.2223803820257,19
jump_tail,E2_participation_1pct,random,202,0,0.05555252618338491,6.427095452509194,-0.02328969380053625,0.9090909090909091,856.3073986128131,20
jump_tail,E2_participation_1pct,random,203,0,0.07401084194161589,7.189493602009196,-0.01757179348853355,0.7727272727272727,1425.2680174319198,17
jump_tail,E2_participation_1pct,random,204,0,0.11024127376005688,7.9811779077998075,-0.01697713771953513,0.8636363636363636,933.7324679524869,19
jump_tail,E2_participation_1pct,random,205,0,-0.012267131863491265,-1.2151636923899876,-0.040439929606118974,0.8333333333333334,1168.9111638476982,20
jump_tail,E2_participation_1pct,random,206,0,0.07198262719696147,11.003513637706998,-0.007534603521479832,0.6818181818181818,2017.3143565538119,15
jump_tail,E2_participation_1pct,random,207,0,-0.0004438913447066817,-0.013818106859284621,-0.012062391116716586,0.75,1821.97561399656,15
jump_tail,E2_participation_1pct,random,208,0,0.05943268043118399,3.007816865461876,-0.05564269409001865,0.7916666666666666,1478.8112017971855,19
jump_tail,E2_participation_1pct,random,209,0,0.06370859983949684,6.292355217925516,-0.023714759860193335,0.7083333333333334,2106.669313497235,17
jump_tail,E2_participation_1pct,random,210,0,0.07592051076224848,7.448918879448125,-0.01911199687867693,0.7391304347826086,1840.772323897063,17
jump_tail,E2_participation_1pct,no-trade-band,201,0,0.13403482151388157,11.037306338760112,-0.007738757711045485,0.7857142857142857,1285.2608772951598,11
jump_tail,E2_participation_1pct,no-trade-band,202,0,0.11493949253057711,12.172358615838538,-0.0018342705223048927,0.8421052631578947,995.7155487623513,16
jump_tail,E2_participation_1pct,no-trade-band,203,0,0.10110819739140142,9.05011499019738,-0.016881583571864534,0.9523809523809523,1153.8780739763242,20
jump_tail,E2_participation_1pct,no-trade-band,204,0,0.098883775085439,6.454719981623703,-0.018025254140586977,0.9047619047619048,1181.6209790261637,19
jump_tail,E2_participation_1pct,no-trade-band,205,0,0.003270100334127113,0.5700945438938493,-0.02361534449638214,0.8125,929.1276552781452,13
jump_tail,E2_participation_1pct,no-trade-band,206,0,0.03899735667766602,2.887623476370167,-0.053314295563636094,0.9,1106.215436922022,18
jump_tail,E2_participation_1pct,no-trade-band,207,0,-0.008228240024157896,-0.26027646493026296,-0.07441586376634335,0.8823529411764706,1451.946520398542,15
jump_tail,E2_participation_1pct,no-trade-band,208,0,0.05097887584935101,2.6911716113914546,-0.05193410080596084,0.9,1092.9309952143635,18
jump_tail,E2_participation_1pct,no-trade-band,209,0,0.1711201235949522,20.930326906575985,-0.006281457315741812,0.8666666666666667,1914.8217335273762,13
jump_tail,E2_participation_1pct,no-trade-band,210,0,0.09421110687134315,4.772458067597092,-0.04478796715848454,0.8571428571428571,2109.066296650359,12
jump_tail,E2_harsh_corner,buy-and-hold,201,0,0.12427304825988617,12.337678746628901,-0.003982240326075415,0.5,839.6639496944629,12
jump_tail,E2_harsh_corner,buy-and-hold,202,0,0.06593625259641311,7.6269424866707585,-0.01117985583848291,0.5,714.7828054802523,12
jump_tail,E2_harsh_corner,buy-and-hold,203,0,0.043724182971361714,3.31175870755931,-0.04636269307411511,0.5,866.2676421585592,12
jump_tail,E2_harsh_corner,buy-and-hold,204,0,0.12231978655938303,9.742759902413383,-0.012624095206480779,0.5416666666666666,433.61327895264463,13
jump_tail,E2_harsh_corner,buy-and-hold,205,0,-0.02222580216823089,-3.903273872237575,-0.02222580216823089,0.5416666666666666,610.79398630723,13
jump_tail,E2_harsh_corner,buy-and-hold,206,0,0.12850089195558967,7.0672031312864485,-0.021313802631464096,0.5,636.3023866402247,12
jump_tail,E2_harsh_corner,buy-and-hold,207,0,-0.03316280937471472,-0.8958821394740286,-0.110704467192146,0.4583333333333333,625.8956719599364,11
jump_tail,E2_harsh_corner,buy-and-hold,208,0,0.03763314536009865,1.839278822210859,-0.06289987527068375,0.4583333333333333,1148.9659231600915,11
jump_tail,E2_harsh_corner,buy-and-hold,209,0,0.15937496961870057,10.311916556524858,-0.009332306648515698,0.5,954.3068407036669,12
jump_tail,E2_harsh_corner,buy-and-hold,210,0,-0.017545271050649736,-0.9000573587077584,-0.08447057582768125,0.4583333333333333,737.2741767936589,11
jump_tail,E2_harsh_corner,signal-weighted,201,0,0.06993503062785589,7.5654167146602065,-0.0031831977346472584,0.35294117647058826,935.4355366121522,6
jump_tail,E2_harsh_corner,signal-weighted,202,0,0.0010747963211914513,3.4042292859202288,-0.00035815981865583435,0.4,76.91233336235612,4
jump_tail,E2_harsh_corner,signal-weighted,203,0,0.028264532295073197,2.903116951979442,-0.029820301579273623,0.29411764705882354,905.7728651178147,5
jump_tail,E2_harsh_corner,signal-weighted,204,0,0.020782536162061938,6.489572508174266,-0.0024803678395654005,0.35714285714285715,285.7619127631687,5
jump_tail,E2_harsh_corner,signal-weighted,205,0,-0.011923407465122104,-8.301879515516573,-0.011923407465122104,0.36363636363636365,405.19162608280726,4
jump_tail,E2_harsh_corner,signal-weighted,206,0,0.0014077763223818707,0.300068061942098,-0.023889218054769845,0.3076923076923077,448.2379201178317,4
jump_tail,E2_harsh_corner,signal-weighted,207,0,-0.006574072161707689,-0.29216903694514296,-0.04946681352508009,0.3333333333333333,507.3110849697171,5
jump_tail,E2_harsh_corner,signal-weighted,208,0,-0.002155546227713301,-0.2611761825501638,-0.019819905156097994,0.4166666666666667,566.8751332108801,5
jump_tail,E2_harsh_corner,signal-weighted,209,0,9.3464428033041e-05,0.877229138193364,-0.0002948360259728,0.4,132.50719295661338,4
jump_tail,E2_harsh_corner,signal-weighted,210,0,-0.09539054439143524,-6.407150607554741,-0.09832543480761324,0.4,292.48732826451374,4
jump_tail,E2_harsh_corner,naive-momentum,201,0,0.06038175650435407,8.560076307549544,-0.005216475117745478,0.38095238095238093,904.5507402001733,8
jump_tail,E2_harsh_corner,naive-momentum,202,0,0.005962552207935401,0.7124914542744119,-0.03654077633062669,0.45,951.456550073158,9
jump_tail,E2_harsh_corner,naive-momentum,203,0,0.11267571424844824,7.67287458641469,-0.013248865140814359,0.5,962.1900215352894,11
jump_tail,E2_harsh_corner,naive-momentum,204,0,0.09040003928176565,6.763347719741224,-0.01175293066461891,0.5,581.1356021381441,11
jump_tail,E2_harsh_corner,naive-momentum,205,0,0.04566722705580317,4.878890924578392,-0.01560159550794582,0.5454545454545454,703.1115370842224,6
jump_tail,E2_harsh_corner,naive-momentum,206,0,0.05577281581778948,3.3829538700250215,-0.048563484431612625,0.5,1557.6284747773148,8
jump_tail,E2_harsh_corner,naive-momentum,207,0,0.01985031663293113,1.7660010744194763,-0.027917450529636345,0.5,841.4882161750369,9
jump_tail,E2_harsh_corner,naive-momentum,208,0,0.19676823654923248,10.311589386372738,-0.0008498331190075481,0.6,1134.5702391638577,6
jump_tail,E2_harsh_corner,naive-momentum,209,0,0.1296093732672814,8.469241664051815,-0.014631209420122304,0.38095238095238093,689.1273572999099,8
jump_tail,E2_harsh_corner,naive-momentum,210,0,-0.10878496069255084,-1.8490757505772846,-0.2132231649221582,0.46153846153846156,1629.6521074995517,6
jump_tail,E2_harsh_corner,mean-reversion,201,0,0.08808837903666489,8.802092968884793,-0.003228966989519244,0.42857142857142855,629.8142523590442,3
jump_tail,E2_harsh_corner,mean-reversion,202,0,0.040646210568762386,6.356535945569467,-0.006452681355257228,0.5,445.9505206480703,4
jump_tail,E2_harsh_corner,mean-reversion,203,0,-0.0019036456901218024,-4.786344211304794,-0.0019036456901218024,0.3333333333333333,186.97099481076054,1
jump_tail,E2_harsh_corner,mean-reversion,204,0,0.0,0.0,0.0,0.0,0.0,0
jump_tail,E2_harsh_corner,mean-reversion,205,0,-0.005069117483502361,-1.0300217906137974,-0.01859993012110306,0.5,696.9285421517943,8
jump_tail,E2_harsh_corner,mean-reversion,206,0,0.2154304259307247,8.673904764231636,-0.0007816897661491184,0.42857142857142855,1220.2745624773447,6
jump_tail,E2_harsh_corner,mean-reversion,207,0,-0.15717154862510851,-7.508444398775514,-0.16816793456544532,0.5555555555555556,1633.489155912772,5
jump_tail,E2_harsh_corner,mean-reversion,208,0,-0.009377858005203632,-0.275213374483691,-0.06012495865193579,0.5,1071.9679467349195,8
jump_tail,E2_harsh_corner,mean-reversion,209,0,0.1133954987356971,9.779221513875012,-0.0022994081207777795,0.4,690.6637149544624,2
jump_tail,E2_harsh_corner,mean-reversion,210,0,0.06750339306277398,6.035943717466361,-0.015065792912201892,0.4375,1070.6414778466528,7
jump_tail,E2_harsh_corner,risk-parity,201,0,0.1774946462901117,12.349604417251095,-0.003982240326075415,0.5,900.6013552979672,12
jump_tail,E2_harsh_corner,risk-parity,202,0,0.05101643955768398,4.261538732569513,-0.037050450642574284,0.5,697.4332063707055,12
jump_tail,E2_harsh_corner,risk-parity,203,0,0.07320403437479595,5.5218628772005225,-0.02650658680450113,0.4583333333333333,1067.2929678053933,11
jump_tail,E2_harsh_corner,risk-parity,204,0,0.09609195075040544,6.5399807980712845,-0.012158454804478303,0.4782608695652174,735.6765196736868,11
jump_tail,E2_harsh_corner,risk-parity,205,0,-0.007356313585781371,-1.6881916763746285,-0.023481005817371225,0.5,619.9643264111216,12
jump_tail,E2_harsh_corner,risk-parity,206,0,0.03454611310611111,2.4921792248490595,-0.04060767223560491,0.375,1214.0788344523705,9
jump_tail,E2_harsh_corner,risk-parity,207,0,0.020726794554700945,1.537133627940655,-0.03435563849067835,0.4583333333333333,743.4166810675484,11
jump_tail,E2_harsh_corner,risk-parity,208,0,0.08017497246700911,5.087972606802716,-0.02197707475738031,0.4583333333333333,1317.908529925705,11
jump_tail,E2_harsh_corner,risk-parity,209,0,0.24131413692221404,13.212474530418634,-0.004387096625214304,0.5,1189.8398162889546,12
jump_tail,E2_harsh_corner,risk-parity,210,0,-0.10421288167077614,-3.3809364317654116,-0.16743091293714663,0.5,984.5303545329097,12
jump_tail,E2_harsh_corner,minimum-variance,201,0,0.1774946462901117,12.349604417251095,-0.003982240326075415,0.5,900.6013552979672,12
jump_tail,E2_harsh_corner,minimum-variance,202,0,0.05411607215841108,4.510042595798132,-0.03713236796789754,0.5,671.6213002332327,12
jump_tail,E2_harsh_corner,minimum-variance,203,0,0.06851508004503182,5.142686740635937,-0.02650658680450113,0.5,1009.2379382444357,12
jump_tail,E2_harsh_corner,minimum-variance,204,0,0.09559023055122418,6.554884598261799,-0.011825017235470137,0.42857142857142855,800.8641667279303,9
jump_tail,E2_harsh_corner,minimum-variance,205,0,-0.007359399292224844,-1.782819289122382,-0.02162910526575912,0.5,597.9469452381886,11
jump_tail,E2_harsh_corner,minimum-variance,206,0,0.08119817487420145,5.267521770684437,-0.04060767223560491,0.4583333333333333,885.5455356861356,11
jump_tail,E2_harsh_corner,minimum-variance,207,0,0.021843157527548396,1.611054570364951,-0.03435563849067835,0.5217391304347826,645.5528976071992,12
jump_tail,E2_harsh_corner,minimum-variance,208,0,0.07013510360586128,4.617647700859665,-0.018278890535028625,0.375,1411.4830642334373,9
jump_tail,E2_harsh_corner,minimum-variance,209,0,0.24131413692221404,13.212474530418634,-0.004387096625214304,0.5,1189.8398162889546,12
jump_tail,E2_harsh_corner,minimum-variance,210,0,-0.10421288167077614,-3.3809364317654116,-0.16743091293714663,0.5,984.5303545329097,12
jump_tail,E2_harsh_corner,random,201,0,0.076792668438731,10.6584843542528,-0.00391702643333669,0.5,975.6222394073172,11
jump_tail,E2_harsh_corner,random,202,0,0.052693259495054434,4.3327739159212575,-0.0364692282416299,0.5714285714285714,759.8430919219844,12
jump_tail,E2_harsh_corner,random,203,0,0.08678863571581585,6.0341768870402355,-0.021611051326920316,0.4,802.817272260609,8
jump_tail,E2_harsh_corner,random,204,0,0.12661321952343552,8.451077770275718,-0.01760538953039703,0.65,690.4689319236269,13
jump_tail,E2_harsh_corner,random,205,0,-0.021034491375815145,-7.69003645742655,-0.023706747430349506,0.375,695.5042173018348,9
jump_tail,E2_harsh_corner,random,206,0,0.1570805251879277,7.440315930597068,-0.04050086438938094,0.5,539.0918572653297,10
jump_tail,E2_harsh_corner,random,207,0,-0.00576512020638098,-0.10922539794422985,-0.06212365336059855,0.45454545454545453,809.817087641731,10
jump_tail,E2_harsh_corner,random,208,0,0.05100889423090549,3.6411761237378615,-0.02027730739089162,0.5833333333333334,883.5116352582428,14
jump_tail,E2_harsh_corner,random,209,0,0.15782708135955215,9.758376425580789,-0.004418891253711754,0.4,1378.4137639614412,8
jump_tail,E2_harsh_corner,random,210,0,-0.1702885282321529,-6.45519059238328,-0.17568810987165906,0.45454545454545453,1520.639726239909,10
jump_tail,E2_harsh_corner,no-trade-band,201,0,0.1724763122814561,12.176489118789338,-0.003982240326075415,0.4444444444444444,858.6073287612174,8
jump_tail,E2_harsh_corner,no-trade-band,202,0,0.05101643955768398,4.261538732569513,-0.037050450642574284,0.5217391304347826,697.4332063707055,12
jump_tail,E2_harsh_corner,no-trade-band,203,0,0.07320403437479595,5.5218628772005225,-0.02650658680450113,0.4782608695652174,1067.2929678053933,11
jump_tail,E2_harsh_corner,no-trade-band,204,0,0.09609195075040544,6.5399807980712845,-0.012158454804478303,0.4782608695652174,735.6765196736868,11
jump_tail,E2_harsh_corner,no-trade-band,205,0,-0.007356313585781371,-1.6881916763746285,-0.023481005817371225,0.5454545454545454,619.9643264111216,12
jump_tail,E2_harsh_corner,no-trade-band,206,0,0.03454611310611111,2.4921792248490595,-0.04060767223560491,0.4090909090909091,1214.0788344523705,9
jump_tail,E2_harsh_corner,no-trade-band,207,0,0.02198490110979301,1.6237939933613532,-0.03435563849067835,0.43478260869565216,735.5173470654892,10
jump_tail,E2_harsh_corner,no-trade-band,208,0,0.07918501296312686,5.102558849438565,-0.019989361164144737,0.3157894736842105,1221.8106982262539,6
jump_tail,E2_harsh_corner,no-trade-band,209,0,0.2417961706114451,13.23828485463636,-0.004387096625214304,0.5,1142.1756873308043,11
jump_tail,E2_harsh_corner,no-trade-band,210,0,-0.10738361476470881,-3.5374360863366703,-0.16725536641370975,0.45,941.1311655327125,9
